﻿<?xml version="1.0" encoding="utf-8"?>
<Oni>
    <ONCC id="0">
        <AirConstants>
            <FallGravity>0.55</FallGravity>
            <JumpGravity>0.05</JumpGravity>
            <JumpStartVelocity>1</JumpStartVelocity>
            <MaxVelocity>-4</MaxVelocity>
            <JetpackAcceleration>0.01</JetpackAcceleration>
            <FramesFallGravity>7</FramesFallGravity>
            <JetpackTimer>14</JetpackTimer>
            <MaxNoDamageFallingHeight>45</MaxNoDamageFallingHeight>
            <MaxDamageFallingHeight>135</MaxDamageFallingHeight>
        </AirConstants>
        <ShadowConstants>
            <Texture>TXMPshadow1</Texture>
            <MaxHeight>12</MaxHeight>
            <FadeHeight>8</FadeHeight>
            <SizeMax>6</SizeMax>
            <SizeFade>4.5</SizeFade>
            <SizeMin>3</SizeMin>
            <AlphaMax>48</AlphaMax>
            <AlphaFade>48</AlphaFade>
        </ShadowConstants>
        <JumpConstants>
            <JumpDistance>25</JumpDistance>
            <JumpHeight>16</JumpHeight>
            <JumpDistanceSquares>6</JumpDistanceSquares>
        </JumpConstants>
        <CoverConstants>
            <RayIncrement>40</RayIncrement>
            <RayMax>300</RayMax>
            <RayAngle>0.0174532924</RayAngle>
            <RayAngleMax>1.57079637</RayAngleMax>
        </CoverConstants>
        <AutoFreezeConstants>
            <DistanceXZ>5</DistanceXZ>
            <DistanceY>1</DistanceY>
        </AutoFreezeConstants>
        <InventoryConstants>
            <HypoRegenerationRate>6</HypoRegenerationRate>
        </InventoryConstants>
        <LODConstants>
            <Float>193600</Float>
            <Float>48400</Float>
            <Float>12100</Float>
            <Float>0</Float>
            <Float>0</Float>
        </LODConstants>
        <HurtSoundConstants>
            <BasePercentage>35</BasePercentage>
            <MaxPercentage>90</MaxPercentage>
            <PercentageThreshold>15</PercentageThreshold>
            <Timer>120</Timer>
            <MinTimer>35</MinTimer>
            <MaxLight>1</MaxLight>
            <MaxMedium>2</MaxMedium>
            <DeathChance>100</DeathChance>
            <VolumeTreshold>10</VolumeTreshold>
            <MediumTreshold>12</MediumTreshold>
            <HeavyTreshold>22</HeavyTreshold>
            <MinVolume>0.5</MinVolume>
            <LightSound>striker_hurt_light</LightSound>
            <MediumSound>striker_hurt_medium</MediumSound>
            <HeavySound>striker_hurt_heavy</HeavySound>
            <DeathSound>striker_death</DeathSound>
        </HurtSoundConstants>
        <AIConstants>
            <Flags>EnableMeleeFireDodge RunAwayDodge</Flags>
            <RotationSpeed>1</RotationSpeed>
            <DazedMinFrames>96</DazedMinFrames>
            <DazedMaxFrames>138</DazedMaxFrames>
            <DodgeReactFrames>20</DodgeReactFrames>
            <DodgeTimeScale>1</DodgeTimeScale>
            <DodgeWeightScale>0.85</DodgeWeightScale>
            <Targeting>
                <StartleMissAngle>0.5</StartleMissAngle>
                <StartleMissDistance>25</StartleMissDistance>
                <PredictAmount>1</PredictAmount>
                <PredictPositionDelayFrames>0</PredictPositionDelayFrames>
                <PredictDelayFrames>5</PredictDelayFrames>
                <PredictVelocityFrames>15</PredictVelocityFrames>
                <PredictTrendFrames>60</PredictTrendFrames>
            </Targeting>
            <WeaponSkills>
                <AIWeaponSkill>
                    <RecoilCompensation>0</RecoilCompensation>
                    <BestAimingAngle>0</BestAimingAngle>
                    <ShotGroupError>0</ShotGroupError>
                    <ShotGroupDecay>1</ShotGroupDecay>
                    <ShootingInaccuracyMultiplier>1</ShootingInaccuracyMultiplier>
                    <MinShotDelay>0</MinShotDelay>
                    <MaxShotDelay>0</MaxShotDelay>
                </AIWeaponSkill>
                <AIWeaponSkill>
                    <RecoilCompensation>0.3</RecoilCompensation>
                    <BestAimingAngle>0</BestAimingAngle>
                    <ShotGroupError>0.4</ShotGroupError>
                    <ShotGroupDecay>0.4</ShotGroupDecay>
                    <ShootingInaccuracyMultiplier>3</ShootingInaccuracyMultiplier>
                    <MinShotDelay>30</MinShotDelay>
                    <MaxShotDelay>45</MaxShotDelay>
                </AIWeaponSkill>
                <AIWeaponSkill>
                    <RecoilCompensation>0.3</RecoilCompensation>
                    <BestAimingAngle>0.01396218</BestAimingAngle>
                    <ShotGroupError>0.13</ShotGroupError>
                    <ShotGroupDecay>1</ShotGroupDecay>
                    <ShootingInaccuracyMultiplier>0.5</ShootingInaccuracyMultiplier>
                    <MinShotDelay>0</MinShotDelay>
                    <MaxShotDelay>0</MaxShotDelay>
                </AIWeaponSkill>
                <AIWeaponSkill>
                    <RecoilCompensation>0.3</RecoilCompensation>
                    <BestAimingAngle>0.0104717845</BestAimingAngle>
                    <ShotGroupError>0.05</ShotGroupError>
                    <ShotGroupDecay>1</ShotGroupDecay>
                    <ShootingInaccuracyMultiplier>1.5</ShootingInaccuracyMultiplier>
                    <MinShotDelay>15</MinShotDelay>
                    <MaxShotDelay>45</MaxShotDelay>
                </AIWeaponSkill>
                <AIWeaponSkill>
                    <RecoilCompensation>0.3</RecoilCompensation>
                    <BestAimingAngle>0.0157073159</BestAimingAngle>
                    <ShotGroupError>0.03</ShotGroupError>
                    <ShotGroupDecay>0.2</ShotGroupDecay>
                    <ShootingInaccuracyMultiplier>1</ShootingInaccuracyMultiplier>
                    <MinShotDelay>0</MinShotDelay>
                    <MaxShotDelay>0</MaxShotDelay>
                </AIWeaponSkill>
                <AIWeaponSkill>
                    <RecoilCompensation>0.3</RecoilCompensation>
                    <BestAimingAngle>0.00174532842</BestAimingAngle>
                    <ShotGroupError>0</ShotGroupError>
                    <ShotGroupDecay>0.1</ShotGroupDecay>
                    <ShootingInaccuracyMultiplier>1</ShootingInaccuracyMultiplier>
                    <MinShotDelay>45</MinShotDelay>
                    <MaxShotDelay>60</MaxShotDelay>
                </AIWeaponSkill>
                <AIWeaponSkill>
                    <RecoilCompensation>0.3</RecoilCompensation>
                    <BestAimingAngle>0.00174532842</BestAimingAngle>
                    <ShotGroupError>0.13</ShotGroupError>
                    <ShotGroupDecay>0.9</ShotGroupDecay>
                    <ShootingInaccuracyMultiplier>1</ShootingInaccuracyMultiplier>
                    <MinShotDelay>0</MinShotDelay>
                    <MaxShotDelay>0</MaxShotDelay>
                </AIWeaponSkill>
                <AIWeaponSkill>
                    <RecoilCompensation>0.3</RecoilCompensation>
                    <BestAimingAngle>0.00174532842</BestAimingAngle>
                    <ShotGroupError>0.05</ShotGroupError>
                    <ShotGroupDecay>0.1</ShotGroupDecay>
                    <ShootingInaccuracyMultiplier>1</ShootingInaccuracyMultiplier>
                    <MinShotDelay>0</MinShotDelay>
                    <MaxShotDelay>0</MaxShotDelay>
                </AIWeaponSkill>
                <AIWeaponSkill>
                    <RecoilCompensation>0.3</RecoilCompensation>
                    <BestAimingAngle>0.005235964</BestAimingAngle>
                    <ShotGroupError>0.01</ShotGroupError>
                    <ShotGroupDecay>1</ShotGroupDecay>
                    <ShootingInaccuracyMultiplier>2.1</ShootingInaccuracyMultiplier>
                    <MinShotDelay>20</MinShotDelay>
                    <MaxShotDelay>40</MaxShotDelay>
                </AIWeaponSkill>
                <AIWeaponSkill>
                    <RecoilCompensation>0.3</RecoilCompensation>
                    <BestAimingAngle>0.0104717845</BestAimingAngle>
                    <ShotGroupError>0.04</ShotGroupError>
                    <ShotGroupDecay>0.5</ShotGroupDecay>
                    <ShootingInaccuracyMultiplier>1</ShootingInaccuracyMultiplier>
                    <MinShotDelay>30</MinShotDelay>
                    <MaxShotDelay>60</MaxShotDelay>
                </AIWeaponSkill>
                <AIWeaponSkill>
                    <RecoilCompensation>0</RecoilCompensation>
                    <BestAimingAngle>0</BestAimingAngle>
                    <ShotGroupError>0</ShotGroupError>
                    <ShotGroupDecay>1</ShotGroupDecay>
                    <ShootingInaccuracyMultiplier>1</ShootingInaccuracyMultiplier>
                    <MinShotDelay>0</MinShotDelay>
                    <MaxShotDelay>0</MaxShotDelay>
                </AIWeaponSkill>
                <AIWeaponSkill>
                    <RecoilCompensation>0</RecoilCompensation>
                    <BestAimingAngle>0</BestAimingAngle>
                    <ShotGroupError>0</ShotGroupError>
                    <ShotGroupDecay>1</ShotGroupDecay>
                    <ShootingInaccuracyMultiplier>1</ShootingInaccuracyMultiplier>
                    <MinShotDelay>0</MinShotDelay>
                    <MaxShotDelay>0</MaxShotDelay>
                </AIWeaponSkill>
                <AIWeaponSkill>
                    <RecoilCompensation>0</RecoilCompensation>
                    <BestAimingAngle>0</BestAimingAngle>
                    <ShotGroupError>0</ShotGroupError>
                    <ShotGroupDecay>1</ShotGroupDecay>
                    <ShootingInaccuracyMultiplier>1</ShootingInaccuracyMultiplier>
                    <MinShotDelay>0</MinShotDelay>
                    <MaxShotDelay>0</MaxShotDelay>
                </AIWeaponSkill>
            </WeaponSkills>
            <DeadMakeSureDelay>90</DeadMakeSureDelay>
            <InvestigateBodyDelay>240</InvestigateBodyDelay>
            <LostContactDelay>180</LostContactDelay>
            <DeadTauntChance>40</DeadTauntChance>
            <GoForGunChance>30</GoForGunChance>
            <RunPickupChance>40</RunPickupChance>
            <CombatId>0</CombatId>
            <MeleeId>2</MeleeId>
            <SoundConstants>
                <TauntProbability>100</TauntProbability>
                <AlertProbability>100</AlertProbability>
                <StartleProbability>100</StartleProbability>
                <CheckBodyProbability>100</CheckBodyProbability>
                <PursueProbability>100</PursueProbability>
                <CoverProbability>0</CoverProbability>
                <SuperPunchProbability>100</SuperPunchProbability>
                <SuperKickProbability>0</SuperKickProbability>
                <Super3Probability>0</Super3Probability>
                <Super4Probability>0</Super4Probability>
                <TauntSound>c17_99_02striker</TauntSound>
                <AlertSound>c18_69_04striker</AlertSound>
                <StartleSound>c18_70_04striker</StartleSound>
                <CheckBodySound>c18_73_02striker</CheckBodySound>
                <PursueSound>c18_74_02striker</PursueSound>
                <CoverSound></CoverSound>
                <SuperPunchSound>c18_79_01striker</SuperPunchSound>
                <SuperKickSound></SuperKickSound>
                <Super3Sound></Super3Sound>
                <Super4Sound></Super4Sound>
            </SoundConstants>
            <VisionConstants>
                <CentralDistance>475</CentralDistance>
                <PeripheralDistance>150</PeripheralDistance>
                <VerticalRange>0.766044438</VerticalRange>
                <CentralRange>0.819152057</CentralRange>
                <CentralMax>0.57357645</CentralMax>
                <PeripheralRange>0.1736482</PeripheralRange>
                <PeripheralMax>-0.42261824</PeripheralMax>
            </VisionConstants>
            <HostileThreatDefiniteTimer>180</HostileThreatDefiniteTimer>
            <HostileThreatStrongTimer>900</HostileThreatStrongTimer>
            <HostileThreatWeakTimer>3600</HostileThreatWeakTimer>
            <FriendlyThreatDefiniteTimer>3600</FriendlyThreatDefiniteTimer>
            <FriendlyThreatStrongTimer>18000</FriendlyThreatStrongTimer>
            <FriendlyThreatWeakTimer>36000</FriendlyThreatWeakTimer>
            <EarshotRadius>1</EarshotRadius>
        </AIConstants>
        <Variant>ONCVstriker_easy</Variant>
        <Particles>#3</Particles>
        <Impacts>#4</Impacts>
        <ImpactModifierName>Heavy</ImpactModifierName>
        <Impacts>
            <ONCCImpact>
                <Name>Footstep_Walk</Name>
            </ONCCImpact>
            <ONCCImpact>
                <Name>Footstep_RunMain</Name>
            </ONCCImpact>
            <ONCCImpact>
                <Name>Footstep_Crouch</Name>
            </ONCCImpact>
            <ONCCImpact>
                <Name>Fall_Slide</Name>
            </ONCCImpact>
            <ONCCImpact>
                <Name>Fall_Land</Name>
            </ONCCImpact>
            <ONCCImpact>
                <Name>Fall_LandHard</Name>
            </ONCCImpact>
            <ONCCImpact>
                <Name>Fall_Knockdown</Name>
            </ONCCImpact>
            <ONCCImpact>
                <Name>Fall_Knockdown</Name>
            </ONCCImpact>
            <ONCCImpact>
                <Name>Fall_Knockdown</Name>
            </ONCCImpact>
            <ONCCImpact>
                <Name>Footstep_Turn</Name>
            </ONCCImpact>
            <ONCCImpact>
                <Name>Footstep_RunStart</Name>
            </ONCCImpact>
            <ONCCImpact>
                <Name>Footstep_SingleStep</Name>
            </ONCCImpact>
            <ONCCImpact>
                <Name>Footstep_RunStop</Name>
            </ONCCImpact>
            <ONCCImpact>
                <Name>Footstep_WalkStop</Name>
            </ONCCImpact>
            <ONCCImpact>
                <Name>Footstep_RunSprint</Name>
            </ONCCImpact>
        </Impacts>
        <DeathParticle></DeathParticle>
        <BodySet>TRBSstriker_10_body_high</BodySet>
        <BodyTextures>TRMAstriker_10_high_texture_generic</BodyTextures>
        <BodyMaterials>#7</BodyMaterials>
        <BodyImpacts>#8</BodyImpacts>
        <FightModeTimer>300</FightModeTimer>
        <IdleAnimation1Timer>30000</IdleAnimation1Timer>
        <IdleAnimation2Timer>30000</IdleAnimation2Timer>
        <Health>40</Health>
        <FeetBones>LeftFoot RightFoot</FeetBones>
        <MinBodySizeFactor>0.5</MinBodySizeFactor>
        <MaxBodySizeFactor>0.5</MaxBodySizeFactor>
        <DamageFactors>
            <Float>0</Float>
            <Float>0</Float>
            <Float>0</Float>
            <Float>0</Float>
            <Float>0</Float>
            <Float>0</Float>
            <Float>0</Float>
        </DamageFactors>
        <BossShieldProtectAmount>0.5</BossShieldProtectAmount>
        <Animations>TRACstriker_animations</Animations>
        <AimingScreens>TRSCstriker_screens</AimingScreens>
        <AIRateOfFire>30</AIRateOfFire>
        <DeathDeleteDelay>0</DeathDeleteDelay>
        <WeaponHand>0</WeaponHand>
        <HasDaodanPowers>0</HasDaodanPowers>
        <HasSupershield>0</HasSupershield>
        <CantTouchThis>0</CantTouchThis>
    </ONCC>
    <ONCP id="3">
        <Particles>
            <ONCPParticle>
                <Name>acid</Name>
                <Type>env_splash_e01a</Type>
                <BodyPart>None</BodyPart>
            </ONCPParticle>
            <ONCPParticle>
                <Name>dust</Name>
                <Type>h2h_dust_e01</Type>
                <BodyPart>None</BodyPart>
            </ONCPParticle>
            <ONCPParticle>
                <Name>trail</Name>
                <Type>h2h_trail_e01</Type>
                <BodyPart>None</BodyPart>
            </ONCPParticle>
            <ONCPParticle>
                <Name>snap</Name>
                <Type>h2h_snap_e01</Type>
                <BodyPart>KillImpact</BodyPart>
            </ONCPParticle>
            <ONCPParticle>
                <Name>thud</Name>
                <Type>h2h_thud_e01</Type>
                <BodyPart>None</BodyPart>
            </ONCPParticle>
            <ONCPParticle>
                <Name>contrail</Name>
                <Type>h2h_strtrail_e01</Type>
                <BodyPart>None</BodyPart>
            </ONCPParticle>
            <ONCPParticle>
                <Name>glow</Name>
                <Type>h2h_strglow_e01</Type>
                <BodyPart>None</BodyPart>
            </ONCPParticle>
        </Particles>
    </ONCP>
    <ONIA id="4">
        <Impacts>
            <ONIAImpact>
                <Name>strflash1</Name>
                <Type>Str_Super_Punch</Type>
                <Modifier>Heavy</Modifier>
            </ONIAImpact>
            <ONIAImpact>
                <Name>strflash1</Name>
                <Type>Str_Super_Kick</Type>
                <Modifier>Heavy</Modifier>
            </ONIAImpact>
        </Impacts>
    </ONIA>
    <CBPM id="7">
        <Materials>
            <Link>MtrlCloth</Link>
            <Link>MtrlCloth</Link>
            <Link>MtrlCloth</Link>
            <Link>MtrlCloth</Link>
            <Link>MtrlCloth</Link>
            <Link>MtrlCloth</Link>
            <Link>MtrlCloth</Link>
            <Link>MtrlCloth</Link>
            <Link>MtrlArmor</Link>
            <Link>MtrlCloth</Link>
            <Link>MtrlArmor</Link>
            <Link>MtrlArmor</Link>
            <Link>MtrlArmor</Link>
            <Link>MtrlArmor</Link>
            <Link>MtrlCloth</Link>
            <Link>MtrlArmor</Link>
            <Link>MtrlArmor</Link>
            <Link>MtrlArmor</Link>
            <Link>MtrlCloth</Link>
        </Materials>
    </CBPM>
    <CBPI id="8">
        <HitImpacts>
            <Link>ImptKick_Hit</Link>
            <Link>ImptKick_Hit</Link>
            <Link>ImptKick_Hit</Link>
            <Link>ImptKick_Hit</Link>
            <Link>ImptKick_Hit</Link>
            <Link>ImptKick_Hit</Link>
            <Link>ImptKick_Hit</Link>
            <Link>ImptKick_Hit</Link>
            <Link>ImptPunch_Hit</Link>
            <Link>ImptHead_Hit</Link>
            <Link>ImptHead_Hit</Link>
            <Link>ImptHead_Hit</Link>
            <Link>ImptPunch_Hit</Link>
            <Link>ImptPunch_Hit</Link>
            <Link>ImptPunch_Hit</Link>
            <Link>ImptHead_Hit</Link>
            <Link>ImptPunch_Hit</Link>
            <Link>ImptPunch_Hit</Link>
            <Link>ImptPunch_Hit</Link>
        </HitImpacts>
        <BlockedImpacts>
            <Link>ImptKick_Blocked</Link>
            <Link>ImptKick_Blocked</Link>
            <Link>ImptKick_Blocked</Link>
            <Link>ImptKick_Blocked</Link>
            <Link>ImptKick_Blocked</Link>
            <Link>ImptKick_Blocked</Link>
            <Link>ImptKick_Blocked</Link>
            <Link>ImptKick_Blocked</Link>
            <Link>ImptPunch_Blocked</Link>
            <Link>ImptHead_Blocked</Link>
            <Link>ImptHead_Blocked</Link>
            <Link>ImptHead_Blocked</Link>
            <Link>ImptPunch_Blocked</Link>
            <Link>ImptPunch_Blocked</Link>
            <Link>ImptPunch_Blocked</Link>
            <Link>ImptHead_Blocked</Link>
            <Link>ImptPunch_Blocked</Link>
            <Link>ImptPunch_Blocked</Link>
            <Link>ImptPunch_Blocked</Link>
        </BlockedImpacts>
        <KilledImpacts>
            <Link>ImptKick_Killed</Link>
            <Link>ImptKick_Killed</Link>
            <Link>ImptKick_Killed</Link>
            <Link>ImptKick_Killed</Link>
            <Link>ImptKick_Killed</Link>
            <Link>ImptKick_Killed</Link>
            <Link>ImptKick_Killed</Link>
            <Link>ImptKick_Killed</Link>
            <Link>ImptPunch_Killed</Link>
            <Link>ImptHead_Killed</Link>
            <Link>ImptHead_Killed</Link>
            <Link>ImptHead_Killed</Link>
            <Link>ImptPunch_Killed</Link>
            <Link>ImptPunch_Killed</Link>
            <Link>ImptPunch_Killed</Link>
            <Link>ImptHead_Killed</Link>
            <Link>ImptPunch_Killed</Link>
            <Link>ImptPunch_Killed</Link>
            <Link>ImptPunch_Killed</Link>
        </KilledImpacts>
    </CBPI>
</Oni>