﻿<?xml version="1.0" encoding="utf-8"?>
<Oni>
    <Animation>
        <Lookup>
            <Type>Kick3Fw</Type>
            <AimingType>Kick3Fw</AimingType>
            <FromState>Standing</FromState>
            <ToState>Standing</ToState>
            <Varient>Combat</Varient>
            <FirstLevel>6</FirstLevel>
            <Shortcuts />
        </Lookup>
        <Flags>Attack Atomic DontAim</Flags>
        <Atomic>
            <Start>0</Start>
            <End>65535</End>
        </Atomic>
        <Invulnerable>
            <Start>1</Start>
            <End>16</End>
        </Invulnerable>
        <Overlay>
            <UsedBones />
            <ReplacedBones />
        </Overlay>
        <DirectAnimations>
            <Link />
            <Link />
        </DirectAnimations>
        <Pause>
            <Hard>0</Hard>
            <Soft>0</Soft>
        </Pause>
        <Interpolation>
            <End>0</End>
            <Max>65535</Max>
        </Interpolation>
        <FinalRotation>0</FinalRotation>
        <Direction>Forward</Direction>
        <Vocalization>65535</Vocalization>
        <ActionFrame>65535</ActionFrame>
        <Impact />
        <Particles>
            <Particle>
                <Start>6</Start>
                <End>26</End>
                <Bone>RightFoot</Bone>
                <Name>trail</Name>
            </Particle>
        </Particles>
        <MotionBlur>
            <MotionBlur>
                <Bones>RightThigh RightCalf RightFoot</Bones>
                <Start>8</Start>
                <End>22</End>
                <Lifetime>6</Lifetime>
                <Alpha>127</Alpha>
                <Interval>3</Interval>
            </MotionBlur>
        </MotionBlur>
        <Footsteps>
            <Footstep>
                <Frame>31</Frame>
                <Type>Right</Type>
            </Footstep>
            <Footstep>
                <Frame>38</Frame>
                <Type>Left</Type>
            </Footstep>
        </Footsteps>
        <Sounds>
            <Sound>
                <Name>BigKick</Name>
                <Start>4</Start>
            </Sound>
        </Sounds>
        <Heights>
            <Height>8.831157</Height>
            <Height>8.69638</Height>
            <Height>8.492589</Height>
            <Height>8.300067</Height>
            <Height>8.199095</Height>
            <Height>8.26996</Height>
            <Height>8.592945</Height>
            <Height>9.31883</Height>
            <Height>10.4185181</Height>
            <Height>11.7024755</Height>
            <Height>12.9811525</Height>
            <Height>14.06502</Height>
            <Height>14.73908</Height>
            <Height>15.0559158</Height>
            <Height>15.2772093</Height>
            <Height>15.5007143</Height>
            <Height>15.6923742</Height>
            <Height>15.8181286</Height>
            <Height>15.8439178</Height>
            <Height>15.7356873</Height>
            <Height>15.532279</Height>
            <Height>15.2925425</Height>
            <Height>15.0124292</Height>
            <Height>14.6878853</Height>
            <Height>14.3148661</Height>
            <Height>13.8893147</Height>
            <Height>13.4071875</Height>
            <Height>12.8644266</Height>
            <Height>12.25699</Height>
            <Height>11.3888922</Height>
            <Height>10.1974936</Height>
            <Height>8.878805</Height>
            <Height>7.628799</Height>
            <Height>6.643452</Height>
            <Height>6.118769</Height>
            <Height>5.973095</Height>
            <Height>5.976541</Height>
            <Height>6.102716</Height>
            <Height>6.325225</Height>
            <Height>6.617689</Height>
            <Height>6.953702</Height>
            <Height>7.30689</Height>
            <Height>7.650849</Height>
            <Height>7.9592</Height>
            <Height>8.205544</Height>
            <Height>8.363498</Height>
            <Height>8.427138</Height>
            <Height>8.420853</Height>
            <Height>8.363714</Height>
            <Height>8.274793</Height>
            <Height>8.173157</Height>
            <Height>8.077877</Height>
        </Heights>
        <Velocities>
            <Velocity>0.04689598 0.901987</Velocity>
            <Velocity>0.09346098 0.949471</Velocity>
            <Velocity>0.0944669843 0.97548</Velocity>
            <Velocity>0.0785540342 1.03683186</Velocity>
            <Velocity>0.0529329777 1.12295318</Velocity>
            <Velocity>0.021739006 1.23237014</Velocity>
            <Velocity>-0.009454012 1.4260478</Velocity>
            <Velocity>-0.0173379183 1.60185623</Velocity>
            <Velocity>-0.00124502182 1.64775467</Velocity>
            <Velocity>0.0221719742 1.57291508</Velocity>
            <Velocity>0.0322860479 1.40735912</Velocity>
            <Velocity>0.02143693 1.26566124</Velocity>
            <Velocity>0.00718903542 1.19425869</Velocity>
            <Velocity>-0.0016130209 1.13026524</Velocity>
            <Velocity>-0.008023024 1.08588791</Velocity>
            <Velocity>-0.0120719671 1.05453491</Velocity>
            <Velocity>-0.01625204 1.03059</Velocity>
            <Velocity>-0.0209089518 1.00793266</Velocity>
            <Velocity>-0.02263999 0.9805393</Velocity>
            <Velocity>-0.0211110115 0.8439522</Velocity>
            <Velocity>-0.0169420242 0.6232357</Velocity>
            <Velocity>-0.011458993 0.4370079</Velocity>
            <Velocity>-0.0061160326 0.295747757</Velocity>
            <Velocity>-0.00194895267 0.2068367</Velocity>
            <Velocity>0.0007510185 0.175930023</Velocity>
            <Velocity>0.0016310215 0.2074604</Velocity>
            <Velocity>0.00190091133 0.210454941</Velocity>
            <Velocity>0.007407069 0.163297653</Velocity>
            <Velocity>0.0148429871 0.138338089</Velocity>
            <Velocity>0.0183889866 0.125516891</Velocity>
            <Velocity>0.017745018 0.121669769</Velocity>
            <Velocity>0.012542963 0.125810623</Velocity>
            <Velocity>0.00281596184 0.136329651</Velocity>
            <Velocity>-0.0109078884 0.15228653</Velocity>
            <Velocity>-0.0242660046 0.09475708</Velocity>
            <Velocity>-0.0198661089 0.117656708</Velocity>
            <Velocity>-0.01017797 0.215494156</Velocity>
            <Velocity>-0.011482 0.234954834</Velocity>
            <Velocity>-0.0122109652 0.249294281</Velocity>
            <Velocity>-0.0123330355 0.258621216</Velocity>
            <Velocity>-0.0118409395 0.262905121</Velocity>
            <Velocity>-0.0107470751 0.262470245</Velocity>
            <Velocity>-0.009088993 0.257299423</Velocity>
            <Velocity>-0.00691998 0.247556686</Velocity>
            <Velocity>-0.00432300568 0.233325958</Velocity>
            <Velocity>-0.00139296055 0.214683533</Velocity>
            <Velocity>0.00176393986 0.191661835</Velocity>
            <Velocity>0.00502109528 0.164352417</Velocity>
            <Velocity>0.008248925 0.132650375</Velocity>
            <Velocity>0.0113310814 0.0966835</Velocity>
            <Velocity>0.01413095 0.0563335419</Velocity>
            <Velocity>0.0165410042 0.011516571</Velocity>
        </Velocities>
        <Rotations>
            <Bone>
                <EKey>2 74.55436 64.6390457 -5.097734</EKey>
                <EKey>2 42.3089943 67.2868 34.21195</EKey>
                <EKey>1 14.9251547 61.8429832 69.561</EKey>
                <EKey>1 7.04234362 58.45365 77.94919</EKey>
                <EKey>1 1.10963607 56.3442421 80.0091553</EKey>
                <EKey>1 -4.05951 56.99794 74.7026749</EKey>
                <EKey>2 -8.069581 60.6894035 62.524147</EKey>
                <EKey>1 -3.460746 71.53857 20.1712055</EKey>
                <EKey>2 6.7402153 74.91142 -6.608377</EKey>
                <EKey>4 18.0453186 76.5264359 -42.0398254</EKey>
                <EKey>4 18.8693066 77.49325 -101.88327</EKey>
                <EKey>3 21.44564 78.37766 -164.16571</EKey>
                <EKey>2 24.72511 78.55894 153.22316</EKey>
                <EKey>2 26.4554825 78.3117447 130.48111</EKey>
                <EKey>6 27.3069344 78.04257 114.7979</EKey>
                <EKey>1 28.1583881 77.3833847 82.96452</EKey>
                <EKey>1 29.97116 77.691 74.12039</EKey>
                <EKey>9 28.152895 77.09773 71.1046</EKey>
                <EKey>6 -2.82352948 55.3005257 90.01785</EKey>
                <EKey>1 -11.0634012 39.05699 91.15495</EKey>
            </Bone>
            <Bone>
                <EKey>1 -137.9025 -27.46624 -147.153122</EKey>
                <EKey>1 -140.517288 -22.91783 -140.30304</EKey>
                <EKey>3 -144.1593 -18.9462128 -130.0911</EKey>
                <EKey>1 -157.205765 -14.6395054 -93.3962</EKey>
                <EKey>1 -160.271 -15.0789652 -84.04669</EKey>
                <EKey>2 -161.825592 -15.8754864 -77.31747</EKey>
                <EKey>3 -161.17189 -18.1112385 -68.27558</EKey>
                <EKey>3 -159.534912 -19.9020367 -61.2387276</EKey>
                <EKey>2 -159.188828 -20.2700844 -59.3105965</EKey>
                <EKey>2 -160.309448 -18.9572 -62.09018</EKey>
                <EKey>4 -163.111008 -15.177844 -69.3193</EKey>
                <EKey>2 -167.802246 -3.8178072 -88.0073242</EKey>
                <EKey>2 -168.307617 -0.730601966 -93.55001</EKey>
                <EKey>4 -168.054932 -1.52712286 -94.6926041</EKey>
                <EKey>2 -166.2916 -9.030899 -89.99039</EKey>
                <EKey>1 -165.121536 -12.5136185 -86.59556</EKey>
                <EKey>1 -164.314026 -13.5188828 -81.25613</EKey>
                <EKey>2 -163.759216 -13.870451 -78.68528</EKey>
                <EKey>4 -163.967957 -14.0572214 -90.08377</EKey>
                <EKey>2 -164.8304 -13.4694443 -118.2092</EKey>
                <EKey>4 -164.9842 -12.3707943 -125.910736</EKey>
                <EKey>4 -164.8249 -9.173724 -133.134354</EKey>
                <EKey>1 -164.357971 -5.559167 -137.265274</EKey>
            </Bone>
            <Bone>
                <EKey>1 0 0 -62.9745941</EKey>
                <EKey>4 0 0 -71.86267</EKey>
                <EKey>1 0 0 -122.598305</EKey>
                <EKey>1 0 0 -131.6402</EKey>
                <EKey>2 0 0 -136.952164</EKey>
                <EKey>8 0 0 -140.204163</EKey>
                <EKey>7 0 0 -143.439682</EKey>
                <EKey>9 0 0 -136.957657</EKey>
                <EKey>2 0 0 -118.70359</EKey>
                <EKey>4 0 0 -122.823532</EKey>
                <EKey>12 0 0 -108.980545</EKey>
                <EKey>1 0 0 -54.4655533</EKey>
            </Bone>
            <Bone>
                <EKey>1 -9.45937252 -2.0050354 30.17441</EKey>
                <EKey>1 -7.690547 1.219501 24.5987644</EKey>
                <EKey>1 -5.44380856 2.54337382 16.1666279</EKey>
                <EKey>2 -3.00480652 1.12062252 6.30624866</EKey>
                <EKey>1 1.02174413 -7.976196 -11.6896315</EKey>
                <EKey>1 1.774319 -12.5136185 -17.7706566</EKey>
                <EKey>2 1.0272373 -14.8812084 -21.7367821</EKey>
                <EKey>2 -3.09269857 -13.7550926 -26.0654621</EKey>
                <EKey>5 -6.185397 -11.0359354 -27.8947124</EKey>
                <EKey>7 -6.20187664 -10.8821239 -28.7901115</EKey>
                <EKey>3 -3.06523228 -11.5577936 -27.2520027</EKey>
                <EKey>4 -0.8459602 -9.799954 -21.0336456</EKey>
                <EKey>3 1.36232543 -6.602884 -3.09819174</EKey>
                <EKey>1 1.3458457 -6.070039 10.2558937</EKey>
                <EKey>1 1.98855579 -6.5479517 12.5520716</EKey>
                <EKey>6 2.15335321 -7.59166861 12.052186</EKey>
                <EKey>4 -7.05333042 -15.5568781 -6.61387062</EKey>
                <EKey>6 -8.679332 -15.5513849 -12.4202337</EKey>
                <EKey>1 -5.13069344 -12.2059965 -15.7381554</EKey>
            </Bone>
            <Bone>
                <EKey>1 149.372391 13.9858093 -158.743881</EKey>
                <EKey>2 152.745255 17.8365765 -168.12085</EKey>
                <EKey>1 169.175552 25.35134 168.966812</EKey>
                <EKey>1 179.349045 26.28519 157.387039</EKey>
                <EKey>1 -172.169373 25.1041431 148.059509</EKey>
                <EKey>1 -167.379257 22.7695122 142.500351</EKey>
                <EKey>1 -167.197983 19.5504684 141.165482</EKey>
                <EKey>1 -170.235748 15.5678644 143.165024</EKey>
                <EKey>1 -174.575424 11.4424353 147.625549</EKey>
                <EKey>1 -178.5855 7.81139851 154.0087</EKey>
                <EKey>1 179.0634 5.6140995 162.111237</EKey>
                <EKey>2 178.03067 5.026322 172.548416</EKey>
                <EKey>2 176.2948 5.91073465 -160.292969</EKey>
                <EKey>1 174.0151 7.393912 -130.981</EKey>
                <EKey>1 172.888992 7.57518864 -117.940033</EKey>
                <EKey>1 172.163879 7.14122248 -107.316093</EKey>
                <EKey>1 172.185852 6.23483658 -100.60334</EKey>
                <EKey>2 172.823074 5.185626 -97.7084</EKey>
                <EKey>1 174.476532 3.147631 -98.0050354</EKey>
                <EKey>3 175.053329 2.279698 -100.60334</EKey>
                <EKey>2 176.38269 -0.417486846 -114.111237</EKey>
                <EKey>2 177.7615 -2.56534672 -117.242386</EKey>
                <EKey>1 178.942551 -4.207828 -115.02861</EKey>
                <EKey>1 178.799728 -3.92767215 -106.453651</EKey>
                <EKey>1 178.0911 -3.07072568 -94.9947357</EKey>
                <EKey>1 176.926529 -1.774319 -88.06775</EKey>
                <EKey>1 176.404663 -0.889906168 -89.50149</EKey>
                <EKey>3 176.267334 -0.373540848 -96.84047</EKey>
                <EKey>2 173.559174 -3.20256352 -113.605858</EKey>
                <EKey>1 170.493927 -2.08743429 -129.036392</EKey>
                <EKey>2 169.15358 -0.659189761 -134.963608</EKey>
                <EKey>8 167.143051 3.11467147 -139.924011</EKey>
                <EKey>1 161.0016 20.5722141 -147.164108</EKey>
            </Bone>
            <Bone>
                <EKey>1 0 0 -77.29</EKey>
                <EKey>3 0 0 -67.72625</EKey>
                <EKey>1 0 0 -31.9707031</EKey>
                <EKey>1 0 0 -23.8791485</EKey>
                <EKey>1 0 0 -20.8084221</EKey>
                <EKey>1 0 0 -26.6038</EKey>
                <EKey>1 0 0 -40.413826</EKey>
                <EKey>1 0 0 -57.0309</EKey>
                <EKey>1 0 0 -71.24193</EKey>
                <EKey>1 0 0 -77.84482</EKey>
                <EKey>1 0 0 -76.40559</EKey>
                <EKey>3 0 0 -70.92882</EKey>
                <EKey>1 0 0 -44.71504</EKey>
                <EKey>1 0 0 -37.5243759</EKey>
                <EKey>1 0 0 -33.5143051</EKey>
                <EKey>2 0 0 -35.7445641</EKey>
                <EKey>1 0 0 -51.7244225</EKey>
                <EKey>1 0 0 -56.4650955</EKey>
                <EKey>6 0 0 -55.9267578</EKey>
                <EKey>1 0 0 -32.8441277</EKey>
                <EKey>1 0 0 -35.0524139</EKey>
                <EKey>2 0 0 -52.6747551</EKey>
                <EKey>1 0 0 -104.953995</EKey>
                <EKey>4 0 0 -113.007095</EKey>
                <EKey>3 0 0 -107.920349</EKey>
                <EKey>3 0 0 -90.2485657</EKey>
                <EKey>7 0 0 -85.7441</EKey>
                <EKey>1 0 0 -81.37148</EKey>
            </Bone>
            <Bone>
                <EKey>1 13.595789 16.4357967 6.580911</EKey>
                <EKey>3 9.607691 11.3435564 1.38979173</EKey>
                <EKey>1 -9.173724 0.7415885 -27.2849617</EKey>
                <EKey>1 -15.3591213 0.439459831 -35.7061119</EKey>
                <EKey>1 -20.017395 0.5383383 -41.369648</EKey>
                <EKey>1 -22.8244457 -0.214236662 -44.33051</EKey>
                <EKey>1 -23.1100941 -1.18654156 -45.5225449</EKey>
                <EKey>3 -20.61616 -0.7470817 -44.7260246</EKey>
                <EKey>2 -12.4806595 7.95971632 -39.0954437</EKey>
                <EKey>2 -5.83932257 11.5413141 -37.7221336</EKey>
                <EKey>2 0.7690547 9.069352 -36.8487053</EKey>
                <EKey>2 3.40581369 4.636301 -34.67338</EKey>
                <EKey>2 3.00480652 3.746395 -28.6253147</EKey>
                <EKey>2 1.93911648 4.31219959 -24.104372</EKey>
                <EKey>2 1.50515 4.476997 -28.7296867</EKey>
                <EKey>2 1.395285 4.77363253 -34.4975967</EKey>
                <EKey>1 2.29617763 4.83405828 -36.7223625</EKey>
                <EKey>1 2.72465086 4.86152458 -36.118103</EKey>
                <EKey>1 2.87296867 5.119707 -32.855114</EKey>
                <EKey>1 2.26321816 6.086519 -21.8191814</EKey>
                <EKey>1 0.565804541 7.2346077 -4.713207</EKey>
                <EKey>1 -2.31265736 7.707027 18.336462</EKey>
                <EKey>1 -4.68024731 4.83955145 28.2682533</EKey>
                <EKey>3 -5.762417 0.7800412 33.28359</EKey>
                <EKey>2 1.241474 -1.26894021 38.7219048</EKey>
                <EKey>1 -0.439459831 -4.795605 41.4575424</EKey>
                <EKey>1 -1.3458457 -5.59212637 39.3206673</EKey>
                <EKey>2 -1.31837952 -5.04280138 31.6685734</EKey>
                <EKey>1 -0.4119936 -3.70794225 10.7887392</EKey>
                <EKey>2 0.02746624 -3.62554359 6.0206</EKey>
                <EKey>4 0.818493962 -3.46623945 8.77271652</EKey>
                <EKey>1 3.07072568 -0.20325017 26.7026787</EKey>
            </Bone>
            <Bone>
                <EKey>2 -12.2554359 -3.46623945 10.4151983</EKey>
                <EKey>3 -4.98237562 1.34035254 11.1952391</EKey>
                <EKey>2 9.316548 11.843442 10.4316778</EKey>
                <EKey>4 15.9194326 14.9086752 7.295033</EKey>
                <EKey>19 21.6873417 12.8651867 -1.40077817</EKey>
                <EKey>4 21.9565125 13.3815517 -1.07667661</EKey>
                <EKey>11 21.1105518 12.9750519 -0.6756695</EKey>
                <EKey>6 4.97138929 2.98832679 6.168917</EKey>
                <EKey>1 -4.361639 -3.93865871 8.981461</EKey>
            </Bone>
            <Bone>
                <EKey>2 -2.16433978 8.009155 6.624857</EKey>
                <EKey>4 -1.55458915 5.28999758 -2.52140069</EKey>
                <EKey>3 -3.06523228 1.72487986 -28.3067055</EKey>
                <EKey>2 -3.081712 2.80155635 -42.0782776</EKey>
                <EKey>2 -2.74113059 3.80132747 -47.39025</EKey>
                <EKey>2 -2.70817113 3.88372636 -48.4943924</EKey>
                <EKey>2 -2.77409029 3.71892881 -45.2643623</EKey>
                <EKey>4 -2.79057 3.69146252 -36.1345863</EKey>
                <EKey>3 -2.78507662 3.746395 -7.88830376</EKey>
                <EKey>2 -2.78507662 3.80132747 13.7056532</EKey>
                <EKey>1 -2.78507662 3.834287 24.5163651</EKey>
                <EKey>1 -2.78507662 3.83978033 28.086977</EKey>
                <EKey>2 -2.82352948 3.878233 29.251545</EKey>
                <EKey>3 -2.99382019 4.048524 24.23621</EKey>
                <EKey>3 -2.966354 4.037537 11.6127262</EKey>
                <EKey>12 -2.27420473 3.09819174 8.097048</EKey>
                <EKey>3 1.64797437 -2.439002 6.449073</EKey>
                <EKey>1 2.658732 -3.878233 6.388647</EKey>
            </Bone>
            <Bone>
                <EKey>51 0 -0.0109864958 19.9954224</EKey>
                <EKey>1 0 -0.0109864958 19.9954224</EKey>
            </Bone>
            <Bone>
                <EKey>1 19.07805 2.94438076 8.35523</EKey>
                <EKey>1 18.8253613 2.87296867 2.83451581</EKey>
                <EKey>2 16.5127029 2.98283362 -5.15266657</EKey>
                <EKey>1 8.509041 1.373312 -23.3188381</EKey>
                <EKey>1 4.636301 -0.6317235 -31.41039</EKey>
                <EKey>2 1.86770427 -2.87846184 -37.48043</EKey>
                <EKey>4 -1.54909587 -5.46578169 -43.7976646</EKey>
                <EKey>5 -5.075761 -7.097276 -47.85168</EKey>
                <EKey>2 -5.399863 -5.45479536 -59.019455</EKey>
                <EKey>3 -6.465553 -4.119936 -60.2334633</EKey>
                <EKey>3 -7.58068228 -1.373312 -54.28977</EKey>
                <EKey>2 -7.646601 1.27443349 -40.9246979</EKey>
                <EKey>3 -7.404898 2.373083 -28.87251</EKey>
                <EKey>1 -8.63538551 2.0325017 -4.520943</EKey>
                <EKey>2 -9.42092 1.774319 0.5163653</EKey>
                <EKey>4 -9.448386 0.7635614 4.949416</EKey>
                <EKey>6 0.532845 -2.818036 6.15243769</EKey>
                <EKey>8 19.9459839 -9.096819 3.26298928</EKey>
                <EKey>1 45.0666046 -21.86862 -3.65301</EKey>
            </Bone>
            <Bone>
                <EKey>2 48.26917 61.9308777 133.469437</EKey>
                <EKey>3 62.2714577 66.56718 120.829483</EKey>
                <EKey>2 104.272835 69.8027039 81.58572</EKey>
                <EKey>5 120.80751 68.07233 66.1387</EKey>
                <EKey>16 129.124283 66.38041 58.4646378</EKey>
                <EKey>5 130.0032 66.160675 57.6626244</EKey>
                <EKey>7 130.365753 66.06729 57.3275337</EKey>
                <EKey>11 99.7903442 69.97299 85.79355</EKey>
                <EKey>1 43.31426 59.44793 137.78714</EKey>
            </Bone>
            <Bone>
                <EKey>1 5.268025 15.4799728 -35.6292076</EKey>
                <EKey>1 -4.389105 22.3630123 -39.3646126</EKey>
                <EKey>1 -17.2213326 33.63516 -40.8038445</EKey>
                <EKey>1 -35.73907 46.7805 -34.5635147</EKey>
                <EKey>1 -65.07301 55.80041 -14.4856949</EKey>
                <EKey>1 -97.66445 54.5589371 11.77203</EKey>
                <EKey>1 -116.8304 47.3682747 27.14763</EKey>
                <EKey>1 -124.982376 42.2046242 33.62417</EKey>
                <EKey>3 -128.6244 40.7159538 36.8706779</EKey>
                <EKey>1 -134.090179 43.7262535 43.1494637</EKey>
                <EKey>1 -134.024261 43.6878 44.07782</EKey>
                <EKey>5 -130.970016 45.1654854 44.3909378</EKey>
                <EKey>3 -100.845047 59.4094772 41.375145</EKey>
                <EKey>3 -79.5367355 65.0016 30.3666744</EKey>
                <EKey>2 -61.9308777 64.8148346 17.7322044</EKey>
                <EKey>2 -58.59098 62.2989235 14.5076675</EKey>
                <EKey>3 -59.6731529 58.4426651 15.073472</EKey>
                <EKey>2 -50.7301445 55.00389 12.4367132</EKey>
                <EKey>4 -43.19341 53.10872 8.750744</EKey>
                <EKey>6 -38.00229 47.4671555 1.77981234</EKey>
                <EKey>8 -35.9862671 39.1009369 -10.7557793</EKey>
                <EKey>1 -33.5637436 28.8010979 -32.580452</EKey>
            </Bone>
            <Bone>
                <EKey>2 0 0 -43.02861</EKey>
                <EKey>3 0 0 -56.2453651</EKey>
                <EKey>1 0 0 -80.89906</EKey>
                <EKey>2 0 0 -86.39231</EKey>
                <EKey>5 0 0 -90.22659</EKey>
                <EKey>3 0 0 -87.71618</EKey>
                <EKey>7 0 0 -78.3447</EKey>
                <EKey>3 0 0 -49.91165</EKey>
                <EKey>4 0 0 -42.9022675</EKey>
                <EKey>10 0 0 -42.38041</EKey>
                <EKey>11 0 0 -45.3028145</EKey>
                <EKey>1 0 0 -47.0936127</EKey>
            </Bone>
            <Bone>
                <EKey>4 -85.908905 11.78851 -7.34996557</EKey>
                <EKey>29 -85.96384 11.8544292 -6.778668</EKey>
                <EKey>9 -85.82651 11.7006178 -8.157474</EKey>
                <EKey>9 -87.1338959 12.9201193 3.724422</EKey>
                <EKey>1 -89.12245 14.0462351 18.9626923</EKey>
            </Bone>
            <Bone>
                <EKey>2 -54.3721657 -64.32044 128.025635</EKey>
                <EKey>4 -67.00664 -67.58343 116.478828</EKey>
                <EKey>4 -111.655754 -69.27535 74.67521</EKey>
                <EKey>17 -122.460976 -67.80316 64.61158</EKey>
                <EKey>6 -127.750977 -66.7209854 59.73907</EKey>
                <EKey>7 -126.09201 -67.089035 61.2607</EKey>
                <EKey>11 -97.25796 -70.03342 88.1831055</EKey>
                <EKey>1 -43.1989021 -59.3875046 137.897</EKey>
            </Bone>
            <Bone>
                <EKey>1 -8.151979 -35.7610435 -23.8681622</EKey>
                <EKey>2 -4.828565 -42.0013733 -28.7296867</EKey>
                <EKey>1 12.4696732 -57.717556 -29.1361866</EKey>
                <EKey>1 26.28519 -63.6832237 -23.62646</EKey>
                <EKey>1 40.3533974 -67.49004 -16.8477917</EKey>
                <EKey>1 50.1698341 -69.9455261 -12.6619368</EKey>
                <EKey>3 52.63081 -71.9176 -13.0959034</EKey>
                <EKey>1 32.9155426 -76.46052 -32.0805664</EKey>
                <EKey>1 27.7573814 -77.74044 -38.2879372</EKey>
                <EKey>3 24.0604248 -74.48295 -36.64546</EKey>
                <EKey>2 15.6502628 -56.3991776 -19.1604481</EKey>
                <EKey>1 15.3646145 -45.044632 -5.103227</EKey>
                <EKey>1 16.7708855 -40.380867 1.88967729</EKey>
                <EKey>1 19.2153816 -36.5795364 8.432136</EKey>
                <EKey>2 22.8079643 -33.59121 14.2000456</EKey>
                <EKey>4 33.5637436 -29.218586 22.6871128</EKey>
                <EKey>1 56.30579 -19.8690777 33.26711</EKey>
                <EKey>1 59.9642944 -17.6003666 34.31632</EKey>
                <EKey>2 61.2552071 -15.6667433 34.4646378</EKey>
                <EKey>3 56.3991776 -13.2607 32.0421143</EKey>
                <EKey>3 43.14397 -13.5298691 23.9230938</EKey>
                <EKey>5 35.8764038 -18.7594414 13.5078964</EKey>
                <EKey>7 19.3362331 -28.6033421 -13.3980312</EKey>
                <EKey>3 -16.0457764 -24.3570614 -63.2492561</EKey>
                <EKey>1 -28.01007 -14.4637213 -79.77844</EKey>
            </Bone>
            <Bone>
                <EKey>5 0 0 -58.17899</EKey>
                <EKey>5 0 0 -70.06088</EKey>
                <EKey>2 0 0 -75.2465057</EKey>
                <EKey>8 0 0 -74.6807</EKey>
                <EKey>7 0 0 -54.93248</EKey>
                <EKey>6 0 0 -50.0764465</EKey>
                <EKey>6 0 0 -52.49897</EKey>
                <EKey>12 0 0 -62.4307632</EKey>
                <EKey>1 0 0 -91.72625</EKey>
            </Bone>
            <Bone>
                <EKey>9 95.4342 -2.29068446 18.6660557</EKey>
                <EKey>2 95.4342 -2.29068446 19.98993</EKey>
                <EKey>1 95.4342 -2.29068446 20.5777073</EKey>
                <EKey>7 95.4342 -2.29068446 18.6660557</EKey>
                <EKey>3 95.4342 -2.26321816 -15.5403986</EKey>
                <EKey>5 95.41772 -2.2247653 -22.98375</EKey>
                <EKey>6 95.15953 -1.54909587 -26.4609756</EKey>
                <EKey>6 95.26391 -1.85671782 -22.5882359</EKey>
                <EKey>12 97.0601959 -5.27901125 -12.4531927</EKey>
                <EKey>1 105.629662 -12.876173 18.3804073</EKey>
            </Bone>
        </Rotations>
        <PositionOffset>
            <X>0</X>
            <Z>0</Z>
        </PositionOffset>
        <Positions>
            <Position>
                <Height>17.18</Height>
                <YOffset>-0.399999976</YOffset>
            </Position>
            <Position>
                <Height>16.97</Height>
                <YOffset>-0.149999991</YOffset>
            </Position>
            <Position>
                <Height>16.56</Height>
                <YOffset>0.229999989</YOffset>
            </Position>
            <Position>
                <Height>16.26</Height>
                <YOffset>0.429999977</YOffset>
            </Position>
            <Position>
                <Height>15.98</Height>
                <YOffset>0.75</YOffset>
            </Position>
            <Position>
                <Height>16.3699989</Height>
                <YOffset>1.06999993</YOffset>
            </Position>
            <Position>
                <Height>16.59</Height>
                <YOffset>1.20999992</YOffset>
            </Position>
            <Position>
                <Height>16.5299988</Height>
                <YOffset>1.3</YOffset>
            </Position>
            <Position>
                <Height>16.47</Height>
                <YOffset>1.73</YOffset>
            </Position>
            <Position>
                <Height>15.58</Height>
                <YOffset>2.77</YOffset>
            </Position>
            <Position>
                <Height>13.41</Height>
                <YOffset>4.49</YOffset>
            </Position>
            <Position>
                <Height>12.37</Height>
                <YOffset>6.62999964</YOffset>
            </Position>
            <Position>
                <Height>10.42</Height>
                <YOffset>9.05</YOffset>
            </Position>
            <Position>
                <Height>11.32</Height>
                <YOffset>8.19</YOffset>
            </Position>
            <Position>
                <Height>13.49</Height>
                <YOffset>7.35999966</YOffset>
            </Position>
            <Position>
                <Height>16.75</Height>
                <YOffset>6.81999969</YOffset>
            </Position>
            <Position>
                <Height>18.74</Height>
                <YOffset>6.52999973</YOffset>
            </Position>
            <Position>
                <Height>17.71</Height>
                <YOffset>6.5</YOffset>
            </Position>
            <Position>
                <Height>14.62</Height>
                <YOffset>6.69</YOffset>
            </Position>
            <Position>
                <Height>12.11</Height>
                <YOffset>7.06</YOffset>
            </Position>
            <Position>
                <Height>10.9699993</Height>
                <YOffset>7.60999966</YOffset>
            </Position>
            <Position>
                <Height>9.55</Height>
                <YOffset>8.33</YOffset>
            </Position>
            <Position>
                <Height>7.95</Height>
                <YOffset>9.12</YOffset>
            </Position>
            <Position>
                <Height>8.01</Height>
                <YOffset>8.389999</YOffset>
            </Position>
            <Position>
                <Height>9.07</Height>
                <YOffset>7.1</YOffset>
            </Position>
            <Position>
                <Height>10.2199993</Height>
                <YOffset>5.87999964</YOffset>
            </Position>
            <Position>
                <Height>11.4299994</Height>
                <YOffset>4.75</YOffset>
            </Position>
            <Position>
                <Height>12.54</Height>
                <YOffset>3.66999984</YOffset>
            </Position>
            <Position>
                <Height>13.45</Height>
                <YOffset>2.65999985</YOffset>
            </Position>
            <Position>
                <Height>14.15</Height>
                <YOffset>1.62</YOffset>
            </Position>
            <Position>
                <Height>14.65</Height>
                <YOffset>0.48999998</YOffset>
            </Position>
            <Position>
                <Height>14.71</Height>
                <YOffset>-0.31</YOffset>
            </Position>
            <Position>
                <Height>14.25</Height>
                <YOffset>-0.53</YOffset>
            </Position>
            <Position>
                <Height>13.54</Height>
                <YOffset>-0.28</YOffset>
            </Position>
            <Position>
                <Height>13.53</Height>
                <YOffset>-0.329999983</YOffset>
            </Position>
            <Position>
                <Height>14</Height>
                <YOffset>-0.51</YOffset>
            </Position>
            <Position>
                <Height>14.29</Height>
                <YOffset>-0.539999962</YOffset>
            </Position>
            <Position>
                <Height>14.49</Height>
                <YOffset>-0.53</YOffset>
            </Position>
            <Position>
                <Height>14.75</Height>
                <YOffset>-0.48</YOffset>
            </Position>
            <Position>
                <Height>15.1399994</Height>
                <YOffset>-0.52</YOffset>
            </Position>
            <Position>
                <Height>15.57</Height>
                <YOffset>-0.56</YOffset>
            </Position>
            <Position>
                <Height>15.9</Height>
                <YOffset>-0.48999998</YOffset>
            </Position>
            <Position>
                <Height>16.1099987</Height>
                <YOffset>-0.32</YOffset>
            </Position>
            <Position>
                <Height>16.25</Height>
                <YOffset>-0.12</YOffset>
            </Position>
            <Position>
                <Height>16.32</Height>
                <YOffset>0.08</YOffset>
            </Position>
            <Position>
                <Height>16.3699989</Height>
                <YOffset>0.21</YOffset>
            </Position>
            <Position>
                <Height>16.42</Height>
                <YOffset>0.24</YOffset>
            </Position>
            <Position>
                <Height>16.539999</Height>
                <YOffset>0.13</YOffset>
            </Position>
            <Position>
                <Height>16.64</Height>
                <YOffset>-0.02</YOffset>
            </Position>
            <Position>
                <Height>16.6999989</Height>
                <YOffset>-0.17</YOffset>
            </Position>
            <Position>
                <Height>16.74</Height>
                <YOffset>-0.299999982</YOffset>
            </Position>
            <Position>
                <Height>16.75</Height>
                <YOffset>-0.41</YOffset>
            </Position>
        </Positions>
        <ThrowSource />
        <SelfDamage />
        <Attacks>
            <Attack>
                <Start>11</Start>
                <End>16</End>
                <Bones>RightThigh RightCalf RightFoot</Bones>
                <Flags>Unblockable</Flags>
                <Knockback>4</Knockback>
                <HitPoints>10</HitPoints>
                <HitType>KnockdownHead</HitType>
                <HitLength>5</HitLength>
                <StunLength>8</StunLength>
                <StaggerLength>0</StaggerLength>
                <Extents>
                    <Extent>
                        <Angle>338.131378</Angle>
                        <Length>4.14</Length>
                        <MinY>6.678758</MinY>
                        <MaxY>15.03</MaxY>
                    </Extent>
                    <Extent>
                        <Angle>341.8668</Angle>
                        <Length>6.33999968</Length>
                        <MinY>9.38</MinY>
                        <MaxY>15.99</MaxY>
                    </Extent>
                    <Extent>
                        <Angle>344.003662</Angle>
                        <Length>7.89</Length>
                        <MinY>12.86</MinY>
                        <MaxY>17.8</MaxY>
                    </Extent>
                    <Extent>
                        <Angle>344.5804</Angle>
                        <Length>7.85999966</Length>
                        <MinY>14.54</MinY>
                        <MaxY>19.6</MaxY>
                    </Extent>
                    <Extent>
                        <Angle>341.191132</Angle>
                        <Length>4.73</Length>
                        <MinY>15.03</MinY>
                        <MaxY>23.3699989</MaxY>
                    </Extent>
                    <Extent>
                        <Angle>307.95697</Angle>
                        <Length>0.849999964</Length>
                        <MinY>14.91</MinY>
                        <MaxY>25.2404652</MaxY>
                    </Extent>
                </Extents>
            </Attack>
        </Attacks>
        <AttackRing>
            <Length>25.4140282</Length>
            <Length>25.4140282</Length>
            <Length>25.4140282</Length>
            <Length>20.3899956</Length>
            <Length>0</Length>
            <Length>0</Length>
            <Length>0</Length>
            <Length>0</Length>
            <Length>0</Length>
            <Length>0</Length>
            <Length>0</Length>
            <Length>0</Length>
            <Length>0</Length>
            <Length>0</Length>
            <Length>0</Length>
            <Length>0</Length>
            <Length>0</Length>
            <Length>0</Length>
            <Length>0</Length>
            <Length>0</Length>
            <Length>0</Length>
            <Length>0</Length>
            <Length>0</Length>
            <Length>0</Length>
            <Length>0</Length>
            <Length>0</Length>
            <Length>0</Length>
            <Length>0</Length>
            <Length>0</Length>
            <Length>0</Length>
            <Length>0</Length>
            <Length>0</Length>
            <Length>0</Length>
            <Length>25.4140282</Length>
            <Length>25.4140282</Length>
            <Length>25.4140282</Length>
        </AttackRing>
    </Animation>
</Oni>