﻿<?xml version="1.0" encoding="utf-8"?>
<Oni>
    <Animation>
        <Lookup>
            <Type>Thrown12</Type>
            <AimingType>Thrown12</AimingType>
            <FromState>Standing</FromState>
            <ToState>FallenBack</ToState>
            <Varient>RightPistol</Varient>
            <FirstLevel>18</FirstLevel>
            <Shortcuts>
                <Shortcut>
                    <FromState>Crouch</FromState>
                    <Length>10</Length>
                    <ReplaceAtomic>yes</ReplaceAtomic>
                </Shortcut>
            </Shortcuts>
        </Lookup>
        <Flags>Invulnerable Atomic ThrowTarget DontAim</Flags>
        <Atomic>
            <Start>0</Start>
            <End>65535</End>
        </Atomic>
        <Invulnerable>
            <Start>0</Start>
            <End>0</End>
        </Invulnerable>
        <Overlay>
            <UsedBones />
            <ReplacedBones />
        </Overlay>
        <DirectAnimations>
            <Link />
            <Link />
        </DirectAnimations>
        <Pause>
            <Hard>0</Hard>
            <Soft>40</Soft>
        </Pause>
        <Interpolation>
            <End>0</End>
            <Max>65535</Max>
        </Interpolation>
        <FinalRotation>0</FinalRotation>
        <Direction>None</Direction>
        <Vocalization>65535</Vocalization>
        <ActionFrame>65535</ActionFrame>
        <Impact />
        <Particles>
            <Particle>
                <Start>42</Start>
                <End>45</End>
                <Bone>Pelvis</Bone>
                <Name>snap</Name>
            </Particle>
            <Particle>
                <Start>75</Start>
                <End>114</End>
                <Bone>Head</Bone>
                <Name>dust</Name>
            </Particle>
            <Particle>
                <Start>75</Start>
                <End>114</End>
                <Bone>RightFist</Bone>
                <Name>dust</Name>
            </Particle>
            <Particle>
                <Start>75</Start>
                <End>114</End>
                <Bone>LeftFist</Bone>
                <Name>dust</Name>
            </Particle>
            <Particle>
                <Start>75</Start>
                <End>114</End>
                <Bone>RightFoot</Bone>
                <Name>dust</Name>
            </Particle>
            <Particle>
                <Start>75</Start>
                <End>114</End>
                <Bone>LeftFoot</Bone>
                <Name>dust</Name>
            </Particle>
            <Particle>
                <Start>75</Start>
                <End>114</End>
                <Bone>Chest</Bone>
                <Name>dust</Name>
            </Particle>
            <Particle>
                <Start>75</Start>
                <End>114</End>
                <Bone>Mid</Bone>
                <Name>thud</Name>
            </Particle>
        </Particles>
        <MotionBlur />
        <Footsteps>
            <Footstep>
                <Frame>60</Frame>
                <Type>Left Right</Type>
            </Footstep>
        </Footsteps>
        <Sounds />
        <Heights>
            <Height>10.064024</Height>
            <Height>10.0662241</Height>
            <Height>10.0721951</Height>
            <Height>10.0809946</Height>
            <Height>10.0916805</Height>
            <Height>10.1033058</Height>
            <Height>10.1149349</Height>
            <Height>10.1256189</Height>
            <Height>10.1344194</Height>
            <Height>10.14039</Height>
            <Height>10.14259</Height>
            <Height>10.1400757</Height>
            <Height>10.1319046</Height>
            <Height>10.117135</Height>
            <Height>10.0948219</Height>
            <Height>10.064024</Height>
            <Height>10.0103626</Height>
            <Height>9.925865</Height>
            <Height>9.819202</Height>
            <Height>9.699043</Height>
            <Height>9.574058</Height>
            <Height>9.452914</Height>
            <Height>9.344283</Height>
            <Height>9.256834</Height>
            <Height>9.199236</Height>
            <Height>9.180159</Height>
            <Height>9.197827</Height>
            <Height>9.241691</Height>
            <Height>9.30725</Height>
            <Height>9.39001</Height>
            <Height>9.485473</Height>
            <Height>9.589141</Height>
            <Height>9.696517</Height>
            <Height>9.803104</Height>
            <Height>9.904406</Height>
            <Height>9.995925</Height>
            <Height>10.073163</Height>
            <Height>10.1316242</Height>
            <Height>10.1763763</Height>
            <Height>10.2137</Height>
            <Height>10.2409182</Height>
            <Height>10.2553492</Height>
            <Height>10.2543144</Height>
            <Height>10.2351351</Height>
            <Height>10.1951313</Height>
            <Height>10.1316242</Height>
            <Height>10.07418</Height>
            <Height>10.0110741</Height>
            <Height>9.877693</Height>
            <Height>9.609425</Height>
            <Height>9.141655</Height>
            <Height>8.495949</Height>
            <Height>7.753203</Height>
            <Height>6.937798</Height>
            <Height>6.074112</Height>
            <Height>5.186532</Height>
            <Height>4.299428</Height>
            <Height>3.437186</Height>
            <Height>2.624185</Height>
            <Height>1.884807</Height>
            <Height>1.470985</Height>
            <Height>1.50281</Height>
            <Height>1.761814</Height>
            <Height>2.112638</Height>
            <Height>2.506556</Height>
            <Height>2.894843</Height>
            <Height>3.228775</Height>
            <Height>3.459626</Height>
            <Height>3.596522</Height>
            <Height>3.680271</Height>
            <Height>3.709664</Height>
            <Height>3.683492</Height>
            <Height>3.600549</Height>
            <Height>3.459625</Height>
            <Height>3.23041</Height>
            <Height>2.90876</Height>
            <Height>2.532717</Height>
            <Height>2.14033</Height>
            <Height>1.769635</Height>
            <Height>1.458683</Height>
            <Height>1.245513</Height>
            <Height>1.192588</Height>
            <Height>1.284451</Height>
            <Height>1.442274</Height>
            <Height>1.587223</Height>
            <Height>1.64047</Height>
            <Height>1.596611</Height>
            <Height>1.51279</Height>
            <Height>1.403997</Height>
            <Height>1.285225</Height>
            <Height>1.171464</Height>
            <Height>1.077706</Height>
            <Height>1.018941</Height>
            <Height>1.001392</Height>
            <Height>1.01448</Height>
            <Height>1.047991</Height>
            <Height>1.091715</Height>
            <Height>1.135439</Height>
        </Heights>
        <Velocities>
            <Velocity>6.900076E-05 0.000108242035</Velocity>
            <Velocity>0.000159000047 0.000312805176</Velocity>
            <Velocity>-7.700082E-05 0.000743865967</Velocity>
            <Velocity>-0.000825 0.00157022476</Velocity>
            <Velocity>-0.00114699919 0.001926899</Velocity>
            <Velocity>-0.00186900049 0.00258207321</Velocity>
            <Velocity>-0.00278599979 0.00335168839</Velocity>
            <Velocity>-0.003835 0.004175186</Velocity>
            <Velocity>-0.00507900026 0.005104065</Velocity>
            <Velocity>-0.006481 0.00609684</Velocity>
            <Velocity>-0.007705 0.006749153</Velocity>
            <Velocity>-0.00699299946 0.005355835</Velocity>
            <Velocity>0.013888 -0.0149769783</Velocity>
            <Velocity>0.015415 -0.0174369812</Velocity>
            <Velocity>0.016699 -0.0196290016</Velocity>
            <Velocity>0.023266 -0.0246276855</Velocity>
            <Velocity>0.021656 -0.0195841789</Velocity>
            <Velocity>0.0186759979 -0.0138812065</Velocity>
            <Velocity>0.0167480037 -0.01102972</Velocity>
            <Velocity>0.0161229968 -0.008930206</Velocity>
            <Velocity>0.0168950036 -0.00764083862</Velocity>
            <Velocity>0.0190469921 -0.007347107</Velocity>
            <Velocity>0.022480011 -0.008237839</Velocity>
            <Velocity>0.0269919932 -0.0104503632</Velocity>
            <Velocity>0.0326060057 -0.01407671</Velocity>
            <Velocity>0.03351699 -0.0225548744</Velocity>
            <Velocity>0.0303400159 -0.033698082</Velocity>
            <Velocity>0.029156 -0.04317999</Velocity>
            <Velocity>0.0300970078 -0.0513081551</Velocity>
            <Velocity>0.0330449939 -0.0582280159</Velocity>
            <Velocity>0.037319988 -0.0635409355</Velocity>
            <Velocity>0.0430890024 -0.06740284</Velocity>
            <Velocity>0.049706012 -0.06912327</Velocity>
            <Velocity>0.0570899844 -0.06837177</Velocity>
            <Velocity>0.0654299855 -0.06538391</Velocity>
            <Velocity>0.07395899 -0.05844927</Velocity>
            <Velocity>0.0836860538 -0.0498280525</Velocity>
            <Velocity>0.20806396 0.0171861649</Velocity>
            <Velocity>0.258954048 0.0258741379</Velocity>
            <Velocity>0.118341923 -0.182873249</Velocity>
            <Velocity>0.0122420788 -0.325037</Velocity>
            <Velocity>-0.0135970116 -0.221977711</Velocity>
            <Velocity>-0.0172430277 -0.121121407</Velocity>
            <Velocity>-0.007904053 -0.11030674</Velocity>
            <Velocity>0.0162680149 -0.099861145</Velocity>
            <Velocity>0.04221809 -0.09862375</Velocity>
            <Velocity>0.0537999868 -0.1037631</Velocity>
            <Velocity>0.0534249544 -0.09818125</Velocity>
            <Velocity>0.04255998 -0.100152016</Velocity>
            <Velocity>0.0247850418 -0.08314371</Velocity>
            <Velocity>0.00508999825 -0.0487012863</Velocity>
            <Velocity>-0.0114229918 0.0004401207</Velocity>
            <Velocity>-0.0190069675 0.06669521</Velocity>
            <Velocity>-0.00718510151 0.147792816</Velocity>
            <Velocity>0.004605055 0.199552059</Velocity>
            <Velocity>-0.0171500444 0.204974174</Velocity>
            <Velocity>-0.07754898 0.178786755</Velocity>
            <Velocity>-0.211658 0.144482136</Velocity>
            <Velocity>-0.341551 0.12103796</Velocity>
            <Velocity>-0.345672965 0.07315588</Velocity>
            <Velocity>-0.197225 0.0210909843</Velocity>
            <Velocity>0.0196630061 -0.0110111237</Velocity>
            <Velocity>0.154533982 -0.0292649269</Velocity>
            <Velocity>0.189215 -0.02012682</Velocity>
            <Velocity>0.123016 0.00506782532</Velocity>
            <Velocity>0.04286498 0.0297079086</Velocity>
            <Velocity>0.0009370446 0.04762125</Velocity>
            <Velocity>-0.0355719924 0.05252886</Velocity>
            <Velocity>-0.0568460226 0.04309988</Velocity>
            <Velocity>-0.05944103 0.0219292641</Velocity>
            <Velocity>-0.0514909625 -0.00035905838</Velocity>
            <Velocity>-0.0450050235 -0.0150809288</Velocity>
            <Velocity>-0.039008975 -0.02443409</Velocity>
            <Velocity>-0.03470999 -0.0281057358</Velocity>
            <Velocity>-0.0330989957 -0.02652502</Velocity>
            <Velocity>-0.0348870158 -0.0206723213</Velocity>
            <Velocity>-0.04020101 -0.0103516579</Velocity>
            <Velocity>-0.0385580063 0.00531387329</Velocity>
            <Velocity>-0.0282169878 0.0194139481</Velocity>
            <Velocity>-0.0155560076 0.0242981911</Velocity>
            <Velocity>-0.006599009 0.0183906555</Velocity>
            <Velocity>-0.00329500437 0.009594917</Velocity>
            <Velocity>-0.00274500251 0.003508091</Velocity>
            <Velocity>-0.00273898244 -0.000992775</Velocity>
            <Velocity>-0.00269600749 -0.00338411331</Velocity>
            <Velocity>-0.00284898281 -0.003259182</Velocity>
            <Velocity>-0.00369602442 -0.000455856323</Velocity>
            <Velocity>-0.0045979917 0.001876831</Velocity>
            <Velocity>-0.004909992 0.00196743</Velocity>
            <Velocity>-0.00517299771 0.00200986862</Velocity>
            <Velocity>-0.005376011 0.0020160675</Velocity>
            <Velocity>-0.005508989 0.00199794769</Velocity>
            <Velocity>-0.00555700064 0.00197792053</Velocity>
            <Velocity>-0.005509019 0.00197410583</Velocity>
            <Velocity>-0.00534999371 0.00201272964</Velocity>
            <Velocity>-0.005064994 0.002117157</Velocity>
            <Velocity>-0.00464400649 0.0023059845</Velocity>
            <Velocity>-0.004076004 0.00259685516</Velocity>
        </Velocities>
        <Rotations>
            <Bone>
                <EKey>12 164.220642 77.02632 -74.6147842</EKey>
                <EKey>4 161.331192 79.0093842 -71.78577</EKey>
                <EKey>5 165.742279 75.54864 -76.1199341</EKey>
                <EKey>3 172.273743 60.4916458 -82.6514053</EKey>
                <EKey>4 174.4271 51.982605 -84.31037</EKey>
                <EKey>7 178.118561 48.3460732 -85.54635</EKey>
                <EKey>2 -173.88327 50.14237 -87.82056</EKey>
                <EKey>1 -173.592133 50.5268936 -88.19409</EKey>
                <EKey>2 -176.937515 50.55436 -87.52392</EKey>
                <EKey>9 170.598312 50.88945 -85.9253845</EKey>
                <EKey>3 132.661942 60.19501 -89.58938</EKey>
                <EKey>2 121.675438 60.3817825 -90.38041</EKey>
                <EKey>4 117.297325 56.23438 -92.86885</EKey>
                <EKey>2 114.11673 41.8970032 -100.740669</EKey>
                <EKey>2 113.74868 39.72717 -103.608147</EKey>
                <EKey>7 115.160446 43.3636971 -105.629662</EKey>
                <EKey>3 135.6228 69.22041 -121.428246</EKey>
                <EKey>6 143.599 76.20233 -133.326614</EKey>
                <EKey>4 156.645462 86.68345 -162.287018</EKey>
                <EKey>8 -148.004578 88.54017 138.11673</EKey>
                <EKey>7 -138.649582 88.52369 128.443115</EKey>
                <EKey>1 179.969788 88.2545242 171.345383</EKey>
            </Bone>
            <Bone>
                <EKey>12 -154.689865 -14.17258 -161.5729</EKey>
                <EKey>4 -154.673386 -14.6230259 -164.325012</EKey>
                <EKey>6 -154.711838 -13.7880526 -159.353622</EKey>
                <EKey>4 -155.024948 -11.2391853 -142.313568</EKey>
                <EKey>4 -156.260925 -5.723964 -138.2156</EKey>
                <EKey>6 -156.843216 -1.71938658 -142.236664</EKey>
                <EKey>1 -157.617767 6.097505 -154.0856</EKey>
                <EKey>1 -158.524155 6.405127 -155.8764</EKey>
                <EKey>2 -158.233 4.37262535 -157.958344</EKey>
                <EKey>3 -157.777069 -3.71892881 -162.237579</EKey>
                <EKey>4 -158.101166 -11.0084686 -166.912338</EKey>
                <EKey>1 -157.321121 -20.9292736 -147.576111</EKey>
                <EKey>3 -157.112381 -20.841383 -144.950333</EKey>
                <EKey>6 -157.870453 -14.4142828 -144.192261</EKey>
                <EKey>2 -159.512939 4.98786926 -148.658279</EKey>
                <EKey>2 -160.732437 9.898832 -147.9112</EKey>
                <EKey>5 -158.035248 12.5410852 -144.9723</EKey>
                <EKey>2 -144.527359 17.4300747 -135.359116</EKey>
                <EKey>3 -140.951248 16.3314266 -134.216522</EKey>
                <EKey>7 -138.9572 8.146486 -136.704971</EKey>
                <EKey>4 -141.901581 -8.520027 -149.377884</EKey>
                <EKey>3 -145.84024 -14.8097963 -158.035248</EKey>
                <EKey>2 -148.982376 -14.2220192 -164.379944</EKey>
                <EKey>1 -154.415192 -13.0849161 -171.09819</EKey>
                <EKey>6 -156.206 -12.2664223 -172.9604</EKey>
                <EKey>3 -154.453644 -8.943007 -168.1593</EKey>
                <EKey>1 -154.025177 -9.107805 -169.724884</EKey>
            </Bone>
            <Bone>
                <EKey>11 0 0 -33.82742</EKey>
                <EKey>4 0 0 -29.4383163</EKey>
                <EKey>4 0 0 -33.9702454</EKey>
                <EKey>3 0 0 -49.1151276</EKey>
                <EKey>2 0 0 -59.95331</EKey>
                <EKey>2 0 0 -63.42504</EKey>
                <EKey>4 0 0 -63.760128</EKey>
                <EKey>6 0 0 -54.64683</EKey>
                <EKey>1 0 0 -31.3994045</EKey>
                <EKey>1 0 0 -28.6253147</EKey>
                <EKey>2 0 0 -29.2021065</EKey>
                <EKey>3 0 0 -33.6296654</EKey>
                <EKey>3 0 0 -36.7113762</EKey>
                <EKey>1 0 0 -61.7935448</EKey>
                <EKey>1 0 0 -68.55573</EKey>
                <EKey>2 0 0 -71.6923752</EKey>
                <EKey>4 0 0 -70.2366638</EKey>
                <EKey>3 0 0 -56.8715935</EKey>
                <EKey>2 0 0 -47.2968636</EKey>
                <EKey>3 0 0 -45.8411522</EKey>
                <EKey>4 0 0 -51.7299156</EKey>
                <EKey>2 0 0 -62.82078</EKey>
                <EKey>5 0 0 -64.62257</EKey>
                <EKey>8 0 0 -59.1293221</EKey>
                <EKey>3 0 0 -56.1080322</EKey>
                <EKey>3 0 0 -47.5495529</EKey>
                <EKey>2 0 0 -36.63447</EKey>
                <EKey>5 0 0 -34.0361633</EKey>
                <EKey>3 0 0 -36.65095</EKey>
                <EKey>1 0 0 -35.17876</EKey>
            </Bone>
            <Bone>
                <EKey>12 26.21378 -1.56008244 17.237812</EKey>
                <EKey>4 24.3515682 -3.18059063 16.0238037</EKey>
                <EKey>4 27.7134361 -0.142824441 18.1002522</EKey>
                <EKey>2 37.5573349 7.98718262 21.1105518</EKey>
                <EKey>2 43.1110077 12.39826 20.7809563</EKey>
                <EKey>3 32.0970459 9.684596 22.8464184</EKey>
                <EKey>2 15.5678644 4.108949 23.1650257</EKey>
                <EKey>8 8.377203 1.51613641 21.3852139</EKey>
                <EKey>2 4.29571962 3.499199 8.080567</EKey>
                <EKey>2 3.82879376 5.21309233 12.8102541</EKey>
                <EKey>2 1.96658278 8.333257 12.7992678</EKey>
                <EKey>3 -0.455939561 9.475853 13.1673155</EKey>
                <EKey>2 2.059968 3.09819174 -2.016022</EKey>
                <EKey>3 3.09269857 -0.664683 -10.97551</EKey>
                <EKey>3 -3.12016487 -7.32799244 -19.8306255</EKey>
                <EKey>3 -12.9640646 -12.0796518 -26.1258869</EKey>
                <EKey>2 -21.5994511 -13.3321123 -29.8283367</EKey>
                <EKey>1 -24.9118786 -9.365988 -28.8120842</EKey>
                <EKey>7 -24.3570614 -7.926757 -27.433279</EKey>
                <EKey>3 -5.24055862 -8.877089 -18.4298458</EKey>
                <EKey>3 -3.31242847 -11.1073475 -18.1936378</EKey>
                <EKey>8 -4.422065 -13.7990389 -15.3206682</EKey>
                <EKey>5 -11.7500572 -21.5170517 0.0878919661</EKey>
                <EKey>4 -10.68986 -22.2311745 1.43923092</EKey>
                <EKey>5 -12.2719154 -19.6163883 3.87273979</EKey>
                <EKey>2 -13.013504 -15.1393909 7.135729</EKey>
                <EKey>1 -12.9970245 -14.5406275 8.915542</EKey>
            </Bone>
            <Bone>
                <EKey>12 162.210114 3.1311512 -164.9897</EKey>
                <EKey>5 162.2266 2.71366453 -166.75853</EKey>
                <EKey>5 162.193634 3.80682087 -162.232086</EKey>
                <EKey>9 162.248566 5.487755 -156.381775</EKey>
                <EKey>1 162.5562 11.5413141 -155.568787</EKey>
                <EKey>3 162.473785 12.5081253 -155.947815</EKey>
                <EKey>1 162.528732 17.3586636 -164.346985</EKey>
                <EKey>1 161.122452 18.2870216 -165.896088</EKey>
                <EKey>1 156.332336 18.3584347 -164.868851</EKey>
                <EKey>1 149.745941 17.3147182 -162.292511</EKey>
                <EKey>3 146.08194 15.2877092 -160.8478</EKey>
                <EKey>4 146.213776 6.4271 -162.7924</EKey>
                <EKey>2 149.680023 -5.8338294 -165.192947</EKey>
                <EKey>2 151.696045 -8.750744 -163.001144</EKey>
                <EKey>5 153.344009 -7.56969547 -156.420227</EKey>
                <EKey>2 155.530334 4.883497 -132.672928</EKey>
                <EKey>1 158.260468 8.712291 -128.014648</EKey>
                <EKey>2 161.270767 9.569238 -128.465088</EKey>
                <EKey>3 170.8455 9.069352 -134.557114</EKey>
                <EKey>1 -172.86702 4.15838861 -146.851</EKey>
                <EKey>2 -168.41748 2.78507662 -149.5427</EKey>
                <EKey>2 -160.798355 4.2023344 -151.014877</EKey>
                <EKey>7 -160.463257 5.1471734 -151.360947</EKey>
                <EKey>4 -170.840012 5.3559165 -150.608383</EKey>
                <EKey>2 -177.739532 4.581369 -154.338287</EKey>
                <EKey>3 178.948044 3.71343565 -162.2266</EKey>
                <EKey>1 173.328445 2.87296867 -179.7226</EKey>
                <EKey>1 171.438766 3.015793 176.3003</EKey>
                <EKey>6 169.565582 3.30693531 175.498276</EKey>
                <EKey>5 157.815521 4.26276 -176.223389</EKey>
                <EKey>1 148.674759 6.542458 -176.17395</EKey>
            </Bone>
            <Bone>
                <EKey>10 0 0 -28.1693745</EKey>
                <EKey>4 0 0 -23.5111</EKey>
                <EKey>2 0 0 -26.4225216</EKey>
                <EKey>5 0 0 -30.7731743</EKey>
                <EKey>3 0 0 -51.5101852</EKey>
                <EKey>3 0 0 -58.44816</EKey>
                <EKey>4 0 0 -57.2396431</EKey>
                <EKey>1 0 0 -47.5385666</EKey>
                <EKey>3 0 0 -43.9459839</EKey>
                <EKey>1 0 0 -21.24239</EKey>
                <EKey>1 0 0 -17.58938</EKey>
                <EKey>1 0 0 -21.1105518</EKey>
                <EKey>1 0 0 -29.4493027</EKey>
                <EKey>5 0 0 -35.7445641</EKey>
                <EKey>4 0 0 -45.4786</EKey>
                <EKey>3 0 0 -53.5207138</EKey>
                <EKey>4 0 0 -66.1387</EKey>
                <EKey>2 0 0 -84.31037</EKey>
                <EKey>1 0 0 -88.04028</EKey>
                <EKey>2 0 0 -87.1338959</EKey>
                <EKey>5 0 0 -79.73998</EKey>
                <EKey>1 0 0 -53.66354</EKey>
                <EKey>1 0 0 -48.9887848</EKey>
                <EKey>4 0 0 -47.0276947</EKey>
                <EKey>5 0 0 -52.5758743</EKey>
                <EKey>3 0 0 -62.1670876</EKey>
                <EKey>1 0 0 -61.96933</EKey>
                <EKey>2 0 0 -58.60746</EKey>
                <EKey>2 0 0 -44.02838</EKey>
                <EKey>1 0 0 -27.3728542</EKey>
                <EKey>1 0 0 -21.423666</EKey>
                <EKey>7 0 0 -19.31426</EKey>
                <EKey>4 0 0 -22.8464184</EKey>
                <EKey>1 0 0 -21.665369</EKey>
            </Bone>
            <Bone>
                <EKey>11 11.3765163 7.174182 10.4151983</EKey>
                <EKey>4 9.442893 5.89974833 8.278324</EKey>
                <EKey>3 11.3820095 7.19615459 10.2504005</EKey>
                <EKey>5 16.5511551 11.469902 15.5568781</EKey>
                <EKey>3 28.2133217 23.93408 23.0167084</EKey>
                <EKey>4 32.5200272 27.7518883 22.2916</EKey>
                <EKey>2 36.2334633 26.4884415 16.4852371</EKey>
                <EKey>3 37.5353622 24.2581825 12.2993822</EKey>
                <EKey>1 29.8777752 18.85832 5.1746397</EKey>
                <EKey>1 26.0654621 18.298008 2.482948</EKey>
                <EKey>1 19.2208748 18.5012589 -0.31311512</EKey>
                <EKey>1 10.8711376 17.2433052 -2.6916914</EKey>
                <EKey>3 6.328222 14.5406275 -4.812085</EKey>
                <EKey>3 6.828107 7.10826254 -12.1400776</EKey>
                <EKey>3 12.0137329 1.47219038 -18.9626923</EKey>
                <EKey>2 15.8590069 0.0494392328 -22.077364</EKey>
                <EKey>4 15.0569925 2.169833 -21.2808418</EKey>
                <EKey>3 7.1686883 9.745022 -13.5024033</EKey>
                <EKey>2 2.35111 13.46395 -4.64179468</EKey>
                <EKey>2 4.32867956 13.5408564 2.07095456</EKey>
                <EKey>3 10.8656445 10.3218126 9.223164</EKey>
                <EKey>2 22.3355465 0.5493248 17.7816429</EKey>
                <EKey>2 26.3071632 -4.878004 18.3968868</EKey>
                <EKey>7 25.0876637 -4.86152458 15.8480206</EKey>
                <EKey>3 13.7935457 2.98283362 2.6916914</EKey>
                <EKey>2 9.464866 4.630808 0.2307164</EKey>
                <EKey>4 7.27306032 4.82307148 2.42252231</EKey>
                <EKey>1 1.77981234 4.64179468 22.7804985</EKey>
                <EKey>1 -0.0769054741 5.251545 25.67544</EKey>
                <EKey>2 -1.68093383 6.12497139 24.25269</EKey>
                <EKey>6 -4.02105761 7.8553443 15.1284046</EKey>
                <EKey>3 -10.4921036 12.8487072 3.51018548</EKey>
                <EKey>1 -13.3980312 16.0732441 -0.7800412</EKey>
            </Bone>
            <Bone>
                <EKey>10 15.47448 0.395513862 0.796520948</EKey>
                <EKey>8 15.47448 0.395513862 0.796520948</EKey>
                <EKey>8 24.6756687 0.357061118 0.796520948</EKey>
                <EKey>8 24.0824 0.8514534 0.9118791</EKey>
                <EKey>3 20.1712055 7.01487732 3.77386141</EKey>
                <EKey>1 17.6003666 7.13023567 0.8130007</EKey>
                <EKey>1 15.1229115 4.185855 -6.168917</EKey>
                <EKey>1 10.5635157 -0.5383383 -18.2705421</EKey>
                <EKey>2 6.82261372 -3.26848245 -27.16411</EKey>
                <EKey>3 4.29022646 -3.878233 -32.01465</EKey>
                <EKey>4 5.1471734 -4.13092232 -32.6628532</EKey>
                <EKey>4 13.7770653 -9.45937252 -33.063858</EKey>
                <EKey>2 22.8793774 -14.0407419 -30.8390942</EKey>
                <EKey>1 21.8136883 -13.150835 -30.54795</EKey>
                <EKey>1 20.7260246 -11.8379488 -29.2460518</EKey>
                <EKey>1 21.25887 -10.404211 -25.4337368</EKey>
                <EKey>2 24.72511 -8.448615 -16.996109</EKey>
                <EKey>1 33.135273 -1.06569 5.08674765</EKey>
                <EKey>1 33.816433 2.05447459 11.1348133</EKey>
                <EKey>2 30.9105053 3.37285423 10.920577</EKey>
                <EKey>1 20.4953079 4.032044 1.41176474</EKey>
                <EKey>2 16.74342 3.68596935 -2.51041436</EKey>
                <EKey>3 13.6726942 -0.1373312 -6.707256</EKey>
                <EKey>4 11.7335777 -7.04234362 -10.2613869</EKey>
                <EKey>23 10.5305557 -8.569467 -8.003662</EKey>
                <EKey>1 8.058595 -10.0141907 15.5458918</EKey>
            </Bone>
            <Bone>
                <EKey>10 18.40238 -0.40650034 -6.174411</EKey>
                <EKey>8 18.40238 -0.40650034 -6.174411</EKey>
                <EKey>8 27.60357 -0.3790341 -6.174411</EKey>
                <EKey>8 26.988327 -0.708628953 -6.048066</EKey>
                <EKey>3 23.0716419 -4.35614538 -3.78484774</EKey>
                <EKey>1 19.9954224 -6.070039 -6.21835661</EKey>
                <EKey>1 16.5291824 -6.690776 -11.7116041</EKey>
                <EKey>1 11.3435564 -6.718242 -21.0006866</EKey>
                <EKey>2 8.33875 -6.405127 -27.5266647</EKey>
                <EKey>2 8.640879 -8.662852 -30.6578159</EKey>
                <EKey>1 11.607233 -10.2888536 -30.3392086</EKey>
                <EKey>2 13.6177616 -8.454108 -30.1249714</EKey>
                <EKey>4 18.63859 1.23598075 -30.6688023</EKey>
                <EKey>2 31.94873 26.9059277 -35.2391853</EKey>
                <EKey>1 37.96933 34.31632 -37.60128</EKey>
                <EKey>2 38.9416351 32.9869537 -36.6894035</EKey>
                <EKey>1 36.49714 20.4184017 -29.7184715</EKey>
                <EKey>2 34.678875 15.0514994 -25.7743187</EKey>
                <EKey>2 29.1691456 8.767223 -16.1446552</EKey>
                <EKey>2 21.9455261 3.99908447 -8.097048</EKey>
                <EKey>2 11.8489361 2.75761032 -5.31197071</EKey>
                <EKey>2 2.87846184 2.4994278 -6.41062</EKey>
                <EKey>2 -0.3460746 0.532845 -13.3046465</EKey>
                <EKey>2 -1.47219038 -1.395285 -21.5939579</EKey>
                <EKey>3 -2.37857628 -2.29068446 -24.5273514</EKey>
                <EKey>2 -2.6916914 -2.58731985 -23.038681</EKey>
                <EKey>1 -2.7191577 -2.71366453 -17.0345612</EKey>
                <EKey>3 -2.79057 -2.84550238 -10.4316778</EKey>
                <EKey>1 -2.84550238 -3.27397585 18.5616837</EKey>
                <EKey>1 -2.84000921 -3.3783474 23.620966</EKey>
                <EKey>2 -2.82902265 -3.42229342 24.3955135</EKey>
                <EKey>3 -2.79057 -3.40032053 19.2318611</EKey>
                <EKey>10 -2.74113059 -3.345388 9.008926</EKey>
                <EKey>1 -2.65323877 -3.48821235 -1.24696732</EKey>
            </Bone>
            <Bone>
                <EKey>74 0 -0.0109864958 17.99588</EKey>
                <EKey>23 0 -0.0109864958 17.166399</EKey>
                <EKey>1 0 0 10.29984</EKey>
            </Bone>
            <Bone>
                <EKey>9 -37.9583435 8.014648 6.36118126</EKey>
                <EKey>2 -34.5305557 7.27855349 5.99313354</EKey>
                <EKey>4 -36.5630569 7.630121 6.245823</EKey>
                <EKey>3 -50.1368752 9.843901 8.16846</EKey>
                <EKey>5 -64.23804 11.9752808 11.090867</EKey>
                <EKey>2 -84.58503 14.282445 16.03479</EKey>
                <EKey>3 -89.084 14.4142828 16.3094521</EKey>
                <EKey>3 -88.41932 15.1613646 13.6397343</EKey>
                <EKey>3 -81.52529 15.5239182 10.3987179</EKey>
                <EKey>3 -71.28588 13.4804306 3.39482713</EKey>
                <EKey>1 -60.53559 7.83337164 -9.90432549</EKey>
                <EKey>1 -54.49302 1.17006183 -26.4554825</EKey>
                <EKey>1 -44.36347 -7.2346077 -49.45022</EKey>
                <EKey>1 -34.79423 -11.5083542 -58.10208</EKey>
                <EKey>2 -28.8560314 -11.9752808 -54.3776627</EKey>
                <EKey>1 -21.0006866 -9.338521 -50.50492</EKey>
                <EKey>1 -18.55619 -8.899061 -49.19753</EKey>
                <EKey>2 -16.6665134 -10.3437862 -47.1265755</EKey>
                <EKey>3 -15.1119251 -18.5781651 -40.6775</EKey>
                <EKey>2 -19.06157 -34.81071 -30.8940258</EKey>
                <EKey>1 -24.2142372 -42.1057434 -26.713665</EKey>
                <EKey>1 -26.1258869 -43.402153 -24.6756687</EKey>
                <EKey>1 -25.2085152 -40.4303055 -20.3250179</EKey>
                <EKey>1 -26.4060421 -35.48638 -14.0682077</EKey>
                <EKey>1 -30.5644321 -32.3167763 -6.78965425</EKey>
                <EKey>1 -33.0418854 -29.8997478 -1.373312</EKey>
                <EKey>1 -24.307621 -19.89105 1.95559621</EKey>
                <EKey>1 -26.04898 -20.8084221 -11.6237125</EKey>
                <EKey>1 -30.39414 -22.6871128 -27.1696033</EKey>
                <EKey>1 -32.96498 -23.7363243 -38.36484</EKey>
                <EKey>2 -29.251545 -26.28519 -42.847332</EKey>
                <EKey>1 -10.8656445 -35.6292076 -41.8970032</EKey>
                <EKey>1 -3.42229342 -37.8649559 -40.32593</EKey>
                <EKey>2 0.708628953 -37.2002754 -38.831768</EKey>
                <EKey>2 5.734951 -31.7399864 -31.6740665</EKey>
                <EKey>1 6.756695 -27.5376511 -24.43946</EKey>
                <EKey>3 7.10276937 -27.18059 -19.8635845</EKey>
                <EKey>1 9.052873 -27.5431442 3.7958343</EKey>
                <EKey>1 9.135271 -27.5761051 9.294576</EKey>
                <EKey>1 8.520027 -27.5815983 10.7667656</EKey>
                <EKey>1 6.471046 -27.7958336 5.52620745</EKey>
                <EKey>2 3.06523228 -28.0704975 -5.559167</EKey>
                <EKey>1 -3.41130686 -27.9111919 -30.44358</EKey>
                <EKey>1 -4.273747 -27.83978 -36.82124</EKey>
                <EKey>2 -2.98283362 -28.0704975 -37.51339</EKey>
                <EKey>3 3.14213777 -28.58137 -31.1906624</EKey>
                <EKey>10 13.5793085 -27.2190437 -18.8748</EKey>
                <EKey>1 34.21195 -20.8578625 -6.24032974</EKey>
            </Bone>
            <Bone>
                <EKey>46 47.2858772 66.08377 130.157013</EKey>
                <EKey>29 49.5161362 66.80888 128.113525</EKey>
                <EKey>22 56.9869537 70.03891 121.406273</EKey>
                <EKey>1 53.3888779 77.18013 125.916229</EKey>
            </Bone>
            <Bone>
                <EKey>9 24.7525749 43.7811852 -10.5799952</EKey>
                <EKey>3 22.8738842 38.88121 -9.003433</EKey>
                <EKey>5 26.4335079 35.25017 -13.5683222</EKey>
                <EKey>7 34.6129532 23.0167084 -26.5488663</EKey>
                <EKey>4 27.1311512 7.35545874 -25.0876637</EKey>
                <EKey>3 22.3739986 2.0325017 -22.9398041</EKey>
                <EKey>4 20.0888081 2.971847 -21.55001</EKey>
                <EKey>2 22.2092018 9.838407 -16.5127029</EKey>
                <EKey>1 22.90135 12.19501 -10.89311</EKey>
                <EKey>1 27.7573814 10.4975967 -0.324101627</EKey>
                <EKey>1 38.45823 8.113527 15.8535137</EKey>
                <EKey>1 46.17075 6.92698574 26.1588459</EKey>
                <EKey>1 47.1979866 4.812085 29.31197</EKey>
                <EKey>1 46.2311745 1.8127718 30.4875259</EKey>
                <EKey>1 44.1547279 -1.0052644 29.734951</EKey>
                <EKey>1 41.92447 -2.48844123 27.2794685</EKey>
                <EKey>1 40.67201 -1.63698792 23.5220871</EKey>
                <EKey>3 40.9521637 1.74135959 18.5012589</EKey>
                <EKey>2 49.6809349 17.28725 -2.38406968</EKey>
                <EKey>2 59.810482 24.1647968 -20.3085365</EKey>
                <EKey>1 68.14923 24.87892 -36.74983</EKey>
                <EKey>1 69.4181747 22.0334167 -40.1062</EKey>
                <EKey>1 68.16571 17.5124741 -39.44152</EKey>
                <EKey>1 65.62783 13.7495995 -47.4671555</EKey>
                <EKey>1 61.974823 11.706111 -65.57839</EKey>
                <EKey>1 54.624855 11.607233 -79.5696945</EKey>
                <EKey>1 44.0997925 12.7168684 -84.5301</EKey>
                <EKey>1 33.9372864 14.145113 -86.0737</EKey>
                <EKey>1 27.1696033 14.694438 -81.767</EKey>
                <EKey>1 25.1041431 15.1613646 -70.2092</EKey>
                <EKey>1 26.0709553 17.1554127 -54.3941422</EKey>
                <EKey>1 28.6308079 20.1712055 -38.60105</EKey>
                <EKey>1 31.50927 22.0938435 -26.62028</EKey>
                <EKey>1 35.2336922 21.4346523 -19.1329823</EKey>
                <EKey>1 39.91394 19.3197536 -14.1670866</EKey>
                <EKey>1 44.357975 16.4138241 -10.97551</EKey>
                <EKey>1 47.6484337 13.3485928 -9.349508</EKey>
                <EKey>5 48.7306023 10.8107119 -9.019913</EKey>
                <EKey>2 44.3744545 2.96086049 -14.7328911</EKey>
                <EKey>2 45.7807274 0 -12.2993822</EKey>
                <EKey>1 44.02289 -2.09842062 -7.382925</EKey>
                <EKey>1 44.5062943 -1.94460976 -4.68574047</EKey>
                <EKey>2 47.8077354 -0.9118791 -2.241245</EKey>
                <EKey>2 59.7610435 2.29617763 -0.159304187</EKey>
                <EKey>2 72.18677 5.542687 -2.57084012</EKey>
                <EKey>3 80.14099 6.66330957 -7.13023567</EKey>
                <EKey>4 82.22293 3.62005043 -15.381094</EKey>
                <EKey>3 79.63012 -1.197528 -27.07622</EKey>
                <EKey>1 79.37743 -0.5218586 -32.98146</EKey>
            </Bone>
            <Bone>
                <EKey>12 0 0 -27.5046921</EKey>
                <EKey>4 0 0 -25.4502182</EKey>
                <EKey>5 0 0 -28.8780041</EKey>
                <EKey>5 0 0 -41.7981224</EKey>
                <EKey>3 0 0 -55.3829269</EKey>
                <EKey>2 0 0 -58.50309</EKey>
                <EKey>5 0 0 -54.3062477</EKey>
                <EKey>2 0 0 -30.15793</EKey>
                <EKey>4 0 0 -26.1588459</EKey>
                <EKey>24 0 0 -26.2961769</EKey>
                <EKey>4 0 0 -41.2762642</EKey>
                <EKey>3 0 0 -35.4094772</EKey>
                <EKey>2 0 0 -31.7344933</EKey>
                <EKey>1 0 0 -34.4646378</EKey>
                <EKey>2 0 0 -39.0515</EKey>
                <EKey>3 0 0 -55.2346077</EKey>
                <EKey>1 0 0 -82.34928</EKey>
                <EKey>1 0 0 -88.22705</EKey>
                <EKey>2 0 0 -91.25384</EKey>
                <EKey>5 0 0 -91.089035</EKey>
                <EKey>7 0 0 -81.48684</EKey>
                <EKey>1 0 0 -63.85351</EKey>
            </Bone>
            <Bone>
                <EKey>38 -97.09865 -9.651636 -9.508812</EKey>
                <EKey>59 -96.99428 -9.45937252 -9.124285</EKey>
                <EKey>1 -93.7862244 12.0631723 29.37789</EKey>
            </Bone>
            <Bone>
                <EKey>26 -75.8782349 -71.43969 103.421379</EKey>
                <EKey>10 -75.8782349 -71.43969 103.421379</EKey>
                <EKey>2 -124.334175 -68.47883 57.57473</EKey>
                <EKey>7 -120.109863 -69.37423 61.5188828</EKey>
                <EKey>3 -61.9803162 -69.7477646 116.53376</EKey>
                <EKey>1 -55.10826 -68.89082 120.780045</EKey>
                <EKey>1 -56.9045563 -69.20393 119.346306</EKey>
                <EKey>1 -61.9803162 -69.7477646 116.53376</EKey>
                <EKey>3 -72.36256 -70.68711 110.963608</EKey>
                <EKey>1 -127.108261 -73.18654 78.30076</EKey>
                <EKey>1 -143.1046 -73.24147 68.78096</EKey>
                <EKey>1 -151.910278 -73.4667 64.40284</EKey>
                <EKey>2 -149.394363 -74.40055 68.70954</EKey>
                <EKey>2 -115.792175 -75.13115 100.70771</EKey>
                <EKey>3 -89.04555 -71.7583 124.910965</EKey>
                <EKey>2 -86.14511 -70.9453 129.624176</EKey>
                <EKey>9 -86.4692154 -71.1485443 123.515678</EKey>
                <EKey>2 -87.8699951 -73.22499 77.25155</EKey>
                <EKey>3 -87.0295258 -73.90616 72.17578</EKey>
                <EKey>8 -82.4921 -75.1421356 76.1199341</EKey>
                <EKey>9 -62.623024 -76.85054 104.140991</EKey>
                <EKey>1 -42.2760353 -75.1696 135.474472</EKey>
            </Bone>
            <Bone>
                <EKey>5 57.1407661 -40.19959 -12.3048754</EKey>
                <EKey>2 56.239872 -39.5403976 -13.2497139</EKey>
                <EKey>4 56.0036621 -37.667202 -16.8752575</EKey>
                <EKey>3 57.8054466 -28.5484085 -28.6747532</EKey>
                <EKey>2 63.20531 -18.8143749 -29.4218349</EKey>
                <EKey>5 67.2813 -11.843442 -27.4058132</EKey>
                <EKey>4 71.42321 8.509041 -19.8361187</EKey>
                <EKey>1 70.98924 23.4781418 -11.9258413</EKey>
                <EKey>1 70.82994 25.94461 -10.08011</EKey>
                <EKey>1 71.41772 25.0876637 -6.96543837</EKey>
                <EKey>2 72.67017 21.3357754 -5.08125448</EKey>
                <EKey>2 75.69695 12.7827883 -10.1405354</EKey>
                <EKey>3 76.015564 0.0164797436 -15.4470129</EKey>
                <EKey>1 73.26345 -26.576334 -22.1322956</EKey>
                <EKey>1 68.87984 -33.7010765 -25.1096363</EKey>
                <EKey>1 60.98604 -37.96933 -29.3284512</EKey>
                <EKey>1 42.6166153 -44.945755 -34.7612724</EKey>
                <EKey>1 9.102312 -51.6145554 -48.4284744</EKey>
                <EKey>1 -19.193409 -47.07164 -60.7992668</EKey>
                <EKey>2 -30.5149918 -36.80476 -62.0352478</EKey>
                <EKey>2 -42.19913 -17.0894947 -54.76768</EKey>
                <EKey>1 -51.97711 -3.11467147 -41.0016022</EKey>
                <EKey>1 -56.9869537 -1.53810942 -31.8333721</EKey>
                <EKey>1 -59.601738 -4.48249 -21.2973213</EKey>
                <EKey>1 -59.019455 -8.827649 -10.7008467</EKey>
                <EKey>1 -56.2124062 -11.502861 -1.2249943</EKey>
                <EKey>1 -53.6415672 -10.5470362 5.482261</EKey>
                <EKey>1 -52.290226 -6.64683 7.135729</EKey>
                <EKey>1 -50.6257744 -2.05447459 3.75738144</EKey>
                <EKey>1 -47.9615479 1.9116503 -2.94987416</EKey>
                <EKey>1 -45.6543846 2.30167079 -12.6289768</EKey>
                <EKey>1 -44.95125 -0.5932708 -23.3792629</EKey>
                <EKey>1 -44.4568558 -3.97161818 -31.108263</EKey>
                <EKey>1 -41.84756 -4.83955145 -30.0645466</EKey>
                <EKey>1 -33.684597 -3.00480652 -20.37995</EKey>
                <EKey>1 -21.22591 -0.7360952 -8.190433</EKey>
                <EKey>1 -7.81689167 1.01075757 0.5932708</EKey>
                <EKey>1 3.09819174 0.258182645 0.873426437</EKey>
                <EKey>1 11.2117186 -6.773175 -12.5026321</EKey>
                <EKey>1 13.0354776 -21.5170517 -34.9974823</EKey>
                <EKey>1 3.11467147 -36.66743 -60.0302124</EKey>
                <EKey>1 -10.8546581 -43.95697 -77.66903</EKey>
                <EKey>1 -19.97345 -47.2693977 -83.2227</EKey>
                <EKey>1 -28.152895 -51.73541 -85.93088</EKey>
                <EKey>1 -34.6569023 -57.4978256 -86.870224</EKey>
                <EKey>1 -38.8867035 -63.9578857 -86.94713</EKey>
                <EKey>2 -40.28748 -69.98398 -86.7273941</EKey>
                <EKey>2 -28.4495316 -78.66331 -75.8452759</EKey>
                <EKey>2 10.6514072 -80.31678 -38.2385</EKey>
                <EKey>1 30.86656 -75.14763 -18.160677</EKey>
                <EKey>1 30.3886471 -69.6379 -15.8754864</EKey>
                <EKey>1 26.955368 -60.9585724 -12.326848</EKey>
                <EKey>1 23.2529182 -51.36736 -5.388876</EKey>
                <EKey>1 18.4298458 -43.2428474 3.504692</EKey>
                <EKey>1 11.0414286 -38.35935 11.9533072</EKey>
                <EKey>1 1.46669722 -36.8816681 16.97963</EKey>
                <EKey>2 -9.794461 -37.2387276 17.7267113</EKey>
                <EKey>1 -38.57908 -38.0846863 11.0743876</EKey>
                <EKey>2 -53.07576 -36.8102531 5.61959267</EKey>
                <EKey>2 -74.66422 -30.5259781 -2.97734046</EKey>
                <EKey>1 -88.1831055 -23.8681622 -5.092241</EKey>
                <EKey>2 -87.6557541 -22.352026 -2.93339443</EKey>
                <EKey>4 -76.36164 -20.5612259 1.82375824</EKey>
                <EKey>1 -76.1748657 -14.4802017 0.0659189746</EKey>
            </Bone>
            <Bone>
                <EKey>30 0 0 -16.7489128</EKey>
                <EKey>7 0 0 -16.5621414</EKey>
                <EKey>11 0 0 -16.7489128</EKey>
                <EKey>2 0 0 -26.642252</EKey>
                <EKey>1 0 0 -24.7470818</EKey>
                <EKey>3 0 0 -21.011673</EKey>
                <EKey>1 0 0 -3.20805669</EKey>
                <EKey>1 0 0 0.120851457</EKey>
                <EKey>1 0 0 -0.280155629</EKey>
                <EKey>1 0 0 -6.88853264</EKey>
                <EKey>2 0 0 -19.01213</EKey>
                <EKey>1 0 0 -46.32456</EKey>
                <EKey>1 0 0 -54.78416</EKey>
                <EKey>1 0 0 -56.8661</EKey>
                <EKey>4 0 0 -54.53147</EKey>
                <EKey>5 0 0 -35.9093628</EKey>
                <EKey>2 0 0 -5.68551159</EKey>
                <EKey>1 0 0 0.867933154</EKey>
                <EKey>1 0 0 1.45021749</EKey>
                <EKey>1 0 0 -0.280155629</EKey>
                <EKey>1 0 0 -8.585946</EKey>
                <EKey>2 0 0 -25.0052643</EKey>
                <EKey>1 0 0 -67.13298</EKey>
                <EKey>1 0 0 -85.32113</EKey>
                <EKey>1 0 0 -96.5713</EKey>
                <EKey>1 0 0 -101.515221</EKey>
                <EKey>2 0 0 -103.685051</EKey>
                <EKey>5 0 0 -102.070038</EKey>
                <EKey>5 0 0 -89.342186</EKey>
                <EKey>1 0 0 -66.92973</EKey>
                <EKey>1 0 0 -61.91989</EKey>
            </Bone>
            <Bone>
                <EKey>12 108.079651 7.487297 -3.63103676</EKey>
                <EKey>7 107.41497 -2.99931335 -3.614557</EKey>
                <EKey>5 106.6569 -14.6889448 -3.74090171</EKey>
                <EKey>2 106.206451 -21.1929512 -3.88372636</EKey>
                <EKey>2 105.80545 -26.44999 -4.048524</EKey>
                <EKey>1 103.514763 -48.42298 -5.487755</EKey>
                <EKey>2 103.663078 -47.40673 -5.37788963</EKey>
                <EKey>5 104.981461 -35.92035 -4.4879837</EKey>
                <EKey>1 107.794006 2.97734046 -3.60906386</EKey>
                <EKey>2 108.079651 7.487297 -3.63103676</EKey>
                <EKey>8 108.304878 10.97551 -3.66399622</EKey>
                <EKey>5 108.079651 7.487297 -3.63103676</EKey>
                <EKey>3 107.101852 7.003891 -2.87846184</EKey>
                <EKey>1 106.558022 6.7292285 -2.46097517</EKey>
                <EKey>1 108.079651 7.487297 -3.63103676</EKey>
                <EKey>2 112.265511 9.316548 -6.399634</EKey>
                <EKey>1 126.701759 13.7935457 -16.2929726</EKey>
                <EKey>1 132.552078 14.7438774 -21.3467617</EKey>
                <EKey>1 134.2385 14.7054243 -24.64271</EKey>
                <EKey>2 128.0586 13.5298691 -25.2304878</EKey>
                <EKey>1 103.542229 8.81117 -22.96727</EKey>
                <EKey>3 96.57679 7.295033 -22.2092018</EKey>
                <EKey>9 92.7534943 6.542458 -20.6326389</EKey>
                <EKey>11 96.4889 7.58617544 -14.0627146</EKey>
                <EKey>9 92.70954 4.21881437 0.433966577</EKey>
                <EKey>1 90.1771545 0.439459831 13.6726942</EKey>
            </Bone>
        </Rotations>
        <PositionOffset>
            <X>0</X>
            <Z>0</Z>
        </PositionOffset>
        <Positions>
            <Position>
                <Height>19.1099987</Height>
                <YOffset>-0.13</YOffset>
            </Position>
            <Position>
                <Height>19.1099987</Height>
                <YOffset>-0.13</YOffset>
            </Position>
            <Position>
                <Height>19.1199989</Height>
                <YOffset>-0.13</YOffset>
            </Position>
            <Position>
                <Height>19.13</Height>
                <YOffset>-0.13</YOffset>
            </Position>
            <Position>
                <Height>19.14</Height>
                <YOffset>-0.13</YOffset>
            </Position>
            <Position>
                <Height>19.15</Height>
                <YOffset>-0.13</YOffset>
            </Position>
            <Position>
                <Height>19.16</Height>
                <YOffset>-0.13</YOffset>
            </Position>
            <Position>
                <Height>19.17</Height>
                <YOffset>-0.13</YOffset>
            </Position>
            <Position>
                <Height>19.18</Height>
                <YOffset>-0.13</YOffset>
            </Position>
            <Position>
                <Height>19.1899986</Height>
                <YOffset>-0.13</YOffset>
            </Position>
            <Position>
                <Height>19.1899986</Height>
                <YOffset>-0.13</YOffset>
            </Position>
            <Position>
                <Height>19.1899986</Height>
                <YOffset>-0.13</YOffset>
            </Position>
            <Position>
                <Height>19.18</Height>
                <YOffset>-0.13</YOffset>
            </Position>
            <Position>
                <Height>19.16</Height>
                <YOffset>-0.13</YOffset>
            </Position>
            <Position>
                <Height>19.14</Height>
                <YOffset>-0.13</YOffset>
            </Position>
            <Position>
                <Height>19.1099987</Height>
                <YOffset>-0.13</YOffset>
            </Position>
            <Position>
                <Height>19.06</Height>
                <YOffset>-0.13</YOffset>
            </Position>
            <Position>
                <Height>18.97</Height>
                <YOffset>-0.13</YOffset>
            </Position>
            <Position>
                <Height>18.8599987</Height>
                <YOffset>-0.13</YOffset>
            </Position>
            <Position>
                <Height>18.74</Height>
                <YOffset>-0.13</YOffset>
            </Position>
            <Position>
                <Height>18.6199989</Height>
                <YOffset>-0.13</YOffset>
            </Position>
            <Position>
                <Height>18.5</Height>
                <YOffset>-0.13</YOffset>
            </Position>
            <Position>
                <Height>18.39</Height>
                <YOffset>-0.13</YOffset>
            </Position>
            <Position>
                <Height>18.3</Height>
                <YOffset>-0.13</YOffset>
            </Position>
            <Position>
                <Height>18.24</Height>
                <YOffset>-0.13</YOffset>
            </Position>
            <Position>
                <Height>18.22</Height>
                <YOffset>-0.13</YOffset>
            </Position>
            <Position>
                <Height>18.24</Height>
                <YOffset>-0.13</YOffset>
            </Position>
            <Position>
                <Height>18.2799988</Height>
                <YOffset>-0.13</YOffset>
            </Position>
            <Position>
                <Height>18.34</Height>
                <YOffset>-0.13</YOffset>
            </Position>
            <Position>
                <Height>18.4</Height>
                <YOffset>-0.13</YOffset>
            </Position>
            <Position>
                <Height>18.47</Height>
                <YOffset>-0.13</YOffset>
            </Position>
            <Position>
                <Height>18.55</Height>
                <YOffset>-0.13</YOffset>
            </Position>
            <Position>
                <Height>18.63</Height>
                <YOffset>-0.13</YOffset>
            </Position>
            <Position>
                <Height>18.77</Height>
                <YOffset>-0.179999992</YOffset>
            </Position>
            <Position>
                <Height>18.89</Height>
                <YOffset>-0.199999988</YOffset>
            </Position>
            <Position>
                <Height>18.97</Height>
                <YOffset>-0.179999992</YOffset>
            </Position>
            <Position>
                <Height>19.0299988</Height>
                <YOffset>-0.13</YOffset>
            </Position>
            <Position>
                <Height>19.07</Height>
                <YOffset>-0.07</YOffset>
            </Position>
            <Position>
                <Height>19.06</Height>
                <YOffset>-0.07</YOffset>
            </Position>
            <Position>
                <Height>18.82</Height>
                <YOffset>-0.07</YOffset>
            </Position>
            <Position>
                <Height>18.49</Height>
                <YOffset>-0.07</YOffset>
            </Position>
            <Position>
                <Height>18.33</Height>
                <YOffset>-0.07</YOffset>
            </Position>
            <Position>
                <Height>18.289999</Height>
                <YOffset>-0.07</YOffset>
            </Position>
            <Position>
                <Height>18.32</Height>
                <YOffset>-0.07</YOffset>
            </Position>
            <Position>
                <Height>18.23</Height>
                <YOffset>0.07</YOffset>
            </Position>
            <Position>
                <Height>18.01</Height>
                <YOffset>0.31</YOffset>
            </Position>
            <Position>
                <Height>17.6199989</Height>
                <YOffset>0.64</YOffset>
            </Position>
            <Position>
                <Height>17.13</Height>
                <YOffset>1</YOffset>
            </Position>
            <Position>
                <Height>16.66</Height>
                <YOffset>1.25</YOffset>
            </Position>
            <Position>
                <Height>16.26</Height>
                <YOffset>1.35</YOffset>
            </Position>
            <Position>
                <Height>15.9299994</Height>
                <YOffset>1.31</YOffset>
            </Position>
            <Position>
                <Height>15.66</Height>
                <YOffset>1.15</YOffset>
            </Position>
            <Position>
                <Height>15.37</Height>
                <YOffset>0.979999959</YOffset>
            </Position>
            <Position>
                <Height>15.03</Height>
                <YOffset>0.789999962</YOffset>
            </Position>
            <Position>
                <Height>14.58</Height>
                <YOffset>0.58</YOffset>
            </Position>
            <Position>
                <Height>14.36</Height>
                <YOffset>-0.03</YOffset>
            </Position>
            <Position>
                <Height>13.63</Height>
                <YOffset>-0.229999989</YOffset>
            </Position>
            <Position>
                <Height>12.75</Height>
                <YOffset>-0.14</YOffset>
            </Position>
            <Position>
                <Height>12.7199993</Height>
                <YOffset>-0.659999967</YOffset>
            </Position>
            <Position>
                <Height>12.63</Height>
                <YOffset>-1.11</YOffset>
            </Position>
            <Position>
                <Height>12.5099993</Height>
                <YOffset>-1.41</YOffset>
            </Position>
            <Position>
                <Height>12.32</Height>
                <YOffset>-1.31</YOffset>
            </Position>
            <Position>
                <Height>12.07</Height>
                <YOffset>-0.969999969</YOffset>
            </Position>
            <Position>
                <Height>11.8899994</Height>
                <YOffset>-0.78</YOffset>
            </Position>
            <Position>
                <Height>11.4699993</Height>
                <YOffset>-0.48999998</YOffset>
            </Position>
            <Position>
                <Height>11.05</Height>
                <YOffset>-0.149999991</YOffset>
            </Position>
            <Position>
                <Height>10.7699995</Height>
                <YOffset>0.179999992</YOffset>
            </Position>
            <Position>
                <Height>10.49</Height>
                <YOffset>0.429999977</YOffset>
            </Position>
            <Position>
                <Height>10.21</Height>
                <YOffset>0.61</YOffset>
            </Position>
            <Position>
                <Height>9.91</Height>
                <YOffset>0.81</YOffset>
            </Position>
            <Position>
                <Height>9.8</Height>
                <YOffset>0.799999952</YOffset>
            </Position>
            <Position>
                <Height>9.9</Height>
                <YOffset>0.57</YOffset>
            </Position>
            <Position>
                <Height>9.94</Height>
                <YOffset>0.34</YOffset>
            </Position>
            <Position>
                <Height>9.94</Height>
                <YOffset>0.099999994</YOffset>
            </Position>
            <Position>
                <Height>9.92</Height>
                <YOffset>-0.179999992</YOffset>
            </Position>
            <Position>
                <Height>9.88</Height>
                <YOffset>-0.52</YOffset>
            </Position>
            <Position>
                <Height>9.86</Height>
                <YOffset>-0.9</YOffset>
            </Position>
            <Position>
                <Height>9.79</Height>
                <YOffset>-1.18999994</YOffset>
            </Position>
            <Position>
                <Height>9.49</Height>
                <YOffset>-1.28</YOffset>
            </Position>
            <Position>
                <Height>8.82</Height>
                <YOffset>-1.22</YOffset>
            </Position>
            <Position>
                <Height>7.87</Height>
                <YOffset>-1.06999993</YOffset>
            </Position>
            <Position>
                <Height>7.06999969</Height>
                <YOffset>-1.06</YOffset>
            </Position>
            <Position>
                <Height>6.37999964</Height>
                <YOffset>-0.95</YOffset>
            </Position>
            <Position>
                <Height>5.83</Height>
                <YOffset>-0.81</YOffset>
            </Position>
            <Position>
                <Height>5.31999969</Height>
                <YOffset>-0.68</YOffset>
            </Position>
            <Position>
                <Height>5.42</Height>
                <YOffset>-0.77</YOffset>
            </Position>
            <Position>
                <Height>5.38</Height>
                <YOffset>-0.84</YOffset>
            </Position>
            <Position>
                <Height>5.33</Height>
                <YOffset>-0.919999957</YOffset>
            </Position>
            <Position>
                <Height>5.27</Height>
                <YOffset>-1.01</YOffset>
            </Position>
            <Position>
                <Height>5.24</Height>
                <YOffset>-1.09</YOffset>
            </Position>
            <Position>
                <Height>5.22</Height>
                <YOffset>-1.16</YOffset>
            </Position>
            <Position>
                <Height>5.2</Height>
                <YOffset>-1.18999994</YOffset>
            </Position>
            <Position>
                <Height>5.22</Height>
                <YOffset>-1.18999994</YOffset>
            </Position>
            <Position>
                <Height>5.19</Height>
                <YOffset>-1.14</YOffset>
            </Position>
            <Position>
                <Height>5.12</Height>
                <YOffset>-1.06999993</YOffset>
            </Position>
            <Position>
                <Height>5.08999968</Height>
                <YOffset>-1.05</YOffset>
            </Position>
            <Position>
                <Height>5.04</Height>
                <YOffset>-1.03</YOffset>
            </Position>
            <Position>
                <Height>5.02999973</Height>
                <YOffset>-1.01</YOffset>
            </Position>
        </Positions>
        <ThrowSource />
        <SelfDamage>
            <Damage>
                <Points>20</Points>
                <Frame>41</Frame>
            </Damage>
        </SelfDamage>
    </Animation>
</Oni>