﻿<?xml version="1.0" encoding="utf-8"?>
<Oni>
    <Animation>
        <Lookup>
            <Type>Punch</Type>
            <AimingType>Punch</AimingType>
            <FromState>None</FromState>
            <ToState>Standing</ToState>
            <Varient>Combat</Varient>
            <FirstLevel>10</FirstLevel>
            <Shortcuts>
                <Shortcut>
                    <FromState>CrouchStart</FromState>
                    <Length>6</Length>
                    <ReplaceAtomic>no</ReplaceAtomic>
                </Shortcut>
            </Shortcuts>
        </Lookup>
        <Flags>Attack Atomic DontAim</Flags>
        <Atomic>
            <Start>0</Start>
            <End>65535</End>
        </Atomic>
        <Invulnerable>
            <Start>1</Start>
            <End>28</End>
        </Invulnerable>
        <Overlay>
            <UsedBones />
            <ReplacedBones />
        </Overlay>
        <DirectAnimations>
            <Link />
            <Link />
        </DirectAnimations>
        <Pause>
            <Hard>0</Hard>
            <Soft>18</Soft>
        </Pause>
        <Interpolation>
            <End>0</End>
            <Max>65535</Max>
        </Interpolation>
        <FinalRotation>0</FinalRotation>
        <Direction>Forward</Direction>
        <Vocalization>6</Vocalization>
        <ActionFrame>65535</ActionFrame>
        <Impact>konflash1</Impact>
        <Particles>
            <Particle>
                <Start>0</Start>
                <End>48</End>
                <Bone>LeftWrist</Bone>
                <Name>contrail</Name>
            </Particle>
            <Particle>
                <Start>0</Start>
                <End>48</End>
                <Bone>RightWrist</Bone>
                <Name>contrail</Name>
            </Particle>
            <Particle>
                <Start>5</Start>
                <End>48</End>
                <Bone>LeftFist</Bone>
                <Name>glow</Name>
            </Particle>
            <Particle>
                <Start>5</Start>
                <End>48</End>
                <Bone>RightFist</Bone>
                <Name>glow</Name>
            </Particle>
        </Particles>
        <MotionBlur>
            <MotionBlur>
                <Bones>LeftThigh LeftCalf LeftFoot RightThigh RightCalf RightFoot Chest LeftShoulder LeftArm LeftWrist LeftFist RightShoulder RightArm RightWrist RightFist</Bones>
                <Start>5</Start>
                <End>48</End>
                <Lifetime>6</Lifetime>
                <Alpha>127</Alpha>
                <Interval>1</Interval>
            </MotionBlur>
        </MotionBlur>
        <Footsteps>
            <Footstep>
                <Frame>42</Frame>
                <Type>Left</Type>
            </Footstep>
            <Footstep>
                <Frame>47</Frame>
                <Type>Right</Type>
            </Footstep>
        </Footsteps>
        <Sounds />
        <Heights>
            <Height>4.856006</Height>
            <Height>5.60404</Height>
            <Height>6.374899</Height>
            <Height>7.162876</Height>
            <Height>7.962265</Height>
            <Height>8.767358</Height>
            <Height>9.572454</Height>
            <Height>10.37184</Height>
            <Height>11.1598186</Height>
            <Height>11.9306765</Height>
            <Height>12.6787119</Height>
            <Height>13.3982162</Height>
            <Height>14.0834856</Height>
            <Height>14.7288132</Height>
            <Height>15.3284922</Height>
            <Height>15.8768167</Height>
            <Height>16.3527527</Height>
            <Height>16.7447128</Height>
            <Height>17.0611782</Height>
            <Height>17.310627</Height>
            <Height>17.5015335</Height>
            <Height>17.6423779</Height>
            <Height>17.7416363</Height>
            <Height>17.807785</Height>
            <Height>17.8493042</Height>
            <Height>17.8746719</Height>
            <Height>17.7925816</Height>
            <Height>17.5364151</Height>
            <Height>17.1516819</Height>
            <Height>16.6838932</Height>
            <Height>16.1785583</Height>
            <Height>15.6470547</Height>
            <Height>15.0747261</Height>
            <Height>14.4680243</Height>
            <Height>13.8334122</Height>
            <Height>13.1773415</Height>
            <Height>12.5062675</Height>
            <Height>11.8266478</Height>
            <Height>11.1449337</Height>
            <Height>10.4675875</Height>
            <Height>9.801061</Height>
            <Height>9.151811</Height>
            <Height>8.526295</Height>
            <Height>7.930962</Height>
            <Height>7.372276</Height>
            <Height>6.85669</Height>
            <Height>6.390658</Height>
            <Height>5.980641</Height>
            <Height>5.633085</Height>
            <Height>5.354456</Height>
            <Height>5.151205</Height>
            <Height>5.004748</Height>
            <Height>4.891054</Height>
            <Height>4.808395</Height>
            <Height>4.755048</Height>
            <Height>4.729293</Height>
            <Height>4.7294</Height>
            <Height>4.753643</Height>
            <Height>4.800304</Height>
            <Height>4.867659</Height>
            <Height>4.953975</Height>
            <Height>5.057539</Height>
            <Height>5.176617</Height>
            <Height>5.309489</Height>
            <Height>5.454431</Height>
            <Height>5.60972</Height>
            <Height>5.773631</Height>
            <Height>5.944439</Height>
            <Height>6.12042</Height>
            <Height>6.299847</Height>
            <Height>6.480999</Height>
            <Height>6.662151</Height>
            <Height>6.84158</Height>
            <Height>7.017563</Height>
            <Height>7.188369</Height>
            <Height>7.35228</Height>
            <Height>7.507568</Height>
            <Height>7.652512</Height>
            <Height>7.785385</Height>
            <Height>7.904464</Height>
        </Heights>
        <Velocities>
            <Velocity>-0.141422 0.07011032</Velocity>
            <Velocity>-0.115515992 0.137672424</Velocity>
            <Velocity>-0.0954619944 0.193122864</Velocity>
            <Velocity>-0.080419004 0.238601685</Velocity>
            <Velocity>-0.0681190044 0.2755165</Velocity>
            <Velocity>-0.05564 0.304821</Velocity>
            <Velocity>-0.0401310027 0.3302803</Velocity>
            <Velocity>-0.0193249956 0.3473091</Velocity>
            <Velocity>0.007854 0.3570633</Velocity>
            <Velocity>0.0408329964 0.357566833</Velocity>
            <Velocity>0.0287570022 0.330551147</Velocity>
            <Velocity>-0.008954998 0.3217125</Velocity>
            <Velocity>0.00102099776 0.342327118</Velocity>
            <Velocity>0.05954 0.34223175</Velocity>
            <Velocity>0.0165880024 0.1682663</Velocity>
            <Velocity>0.051792 0.237701416</Velocity>
            <Velocity>0.0240719989 0.24993515</Velocity>
            <Velocity>0.00141 0.275871277</Velocity>
            <Velocity>-0.006663002 0.304679871</Velocity>
            <Velocity>-0.00340499729 0.325752258</Velocity>
            <Velocity>0.00027500093 0.333976746</Velocity>
            <Velocity>-0.000113002956 0.3346405</Velocity>
            <Velocity>-0.00469199568 0.333328247</Velocity>
            <Velocity>-0.012961 0.331665039</Velocity>
            <Velocity>-0.0225280039 0.3316574</Velocity>
            <Velocity>-0.03017 0.3351593</Velocity>
            <Velocity>-0.033107 0.33972168</Velocity>
            <Velocity>-0.029918 0.342880249</Velocity>
            <Velocity>-0.020762 0.341888428</Velocity>
            <Velocity>-0.007146001 0.33480835</Velocity>
            <Velocity>0.003695 0.345344543</Velocity>
            <Velocity>0.009750001 0.381607056</Velocity>
            <Velocity>0.0145220011 0.4038391</Velocity>
            <Velocity>0.0166709982 0.426086426</Velocity>
            <Velocity>0.015772 0.438423157</Velocity>
            <Velocity>0.0121119991 0.45111084</Velocity>
            <Velocity>0.0066569997 0.457946777</Velocity>
            <Velocity>0.00038200058 0.463752747</Velocity>
            <Velocity>-0.00605900027 0.465110779</Velocity>
            <Velocity>-0.0125199994 0.462348938</Velocity>
            <Velocity>-0.019108 0.455680847</Velocity>
            <Velocity>-0.025786 0.442237854</Velocity>
            <Velocity>-0.042218 0.4180832</Velocity>
            <Velocity>-0.061431 0.380409241</Velocity>
            <Velocity>-0.06702 0.3453369</Velocity>
            <Velocity>-0.058566004 0.304916382</Velocity>
            <Velocity>-0.041253 0.27117157</Velocity>
            <Velocity>-0.0247829854 0.231140137</Velocity>
            <Velocity>-0.0155010223 0.17339325</Velocity>
            <Velocity>-0.008914977 0.09728241</Velocity>
            <Velocity>-0.00667101145 0.0144500732</Velocity>
            <Velocity>-0.00683099031 0.0310211182</Velocity>
            <Velocity>-0.00217801332 0.0628051758</Velocity>
            <Velocity>0.005686015 0.0821228</Velocity>
            <Velocity>0.0120569766 0.07411194</Velocity>
            <Velocity>0.018078 0.06564331</Velocity>
            <Velocity>0.023645997 0.0584335327</Velocity>
            <Velocity>0.0286150277 0.05496216</Velocity>
            <Velocity>0.03298098 0.0506820679</Velocity>
            <Velocity>0.0366280079 0.0470428467</Velocity>
            <Velocity>0.039425 0.04462433</Velocity>
            <Velocity>0.0412549973 0.0431594849</Velocity>
            <Velocity>0.041937 0.0416793823</Velocity>
            <Velocity>0.038113 0.0409927368</Velocity>
            <Velocity>0.037551 -0.0228729248</Velocity>
            <Velocity>0.038921997 -0.0140991211</Velocity>
            <Velocity>0.036761 -0.005378723</Velocity>
            <Velocity>0.03321 0.002708435</Velocity>
            <Velocity>0.0261320025 0.0188751221</Velocity>
            <Velocity>0.0250629932 0.04724121</Velocity>
            <Velocity>0.0213990062 0.0466918945</Velocity>
            <Velocity>0.0165980011 0.046661377</Velocity>
            <Velocity>0.0116810054 0.04486084</Velocity>
            <Velocity>0.00673399866 0.04372406</Velocity>
            <Velocity>0.002061993 0.04170227</Velocity>
            <Velocity>-0.00222100317 0.0390319824</Velocity>
            <Velocity>-0.00599499047 0.03591919</Velocity>
            <Velocity>-0.009201005 0.0325393677</Velocity>
            <Velocity>-0.0117910057 0.0290756226</Velocity>
            <Velocity>-0.013742 0.0256271362</Velocity>
        </Velocities>
        <Rotations>
            <Bone>
                <EKey>4 -7.13023567 53.2735176 114.001373</EKey>
                <EKey>3 -1.11512935 58.9150848 104.305794</EKey>
                <EKey>2 5.185626 63.96338 95.37377</EKey>
                <EKey>1 11.5468073 73.10414 87.61181</EKey>
                <EKey>1 20.978714 80.3607254 77.65255</EKey>
                <EKey>2 104.146484 86.73838 -5.954681</EKey>
                <EKey>3 176.393677 63.9523926 -78.92699</EKey>
                <EKey>4 -178.189972 17.1718922 -84.9640656</EKey>
                <EKey>2 -176.87709 -48.23621 -86.7658539</EKey>
                <EKey>4 -172.581375 -81.2890854 -82.78325</EKey>
                <EKey>2 0.357061118 -27.5980778 90.02884</EKey>
                <EKey>1 1.06569 2.79606318 91.73174</EKey>
                <EKey>2 1.329366 15.0460062 92.95674</EKey>
                <EKey>4 1.68093383 32.756237 96.25269</EKey>
                <EKey>4 -2.40054941 61.85397 109.810028</EKey>
                <EKey>4 -54.85008 80.31129 173.311966</EKey>
                <EKey>3 -118.8629 71.07713 -111.842529</EKey>
                <EKey>3 -124.345161 63.0240326 -100.054016</EKey>
                <EKey>4 -125.169144 58.711834 -96.28565</EKey>
                <EKey>5 -125.366905 58.90959 -98.26322</EKey>
                <EKey>6 -120.032959 65.62783 -110.606544</EKey>
                <EKey>14 -81.6791 75.85077 -160.968643</EKey>
                <EKey>1 -11.7500572 41.7486839 95.2364349</EKey>
                <EKey>1 -11.9423208 38.9965668 93.00618</EKey>
            </Bone>
            <Bone>
                <EKey>4 -139.47905 14.4142828 -70.95079</EKey>
                <EKey>2 -135.177841 9.8713665 -119.538567</EKey>
                <EKey>1 -134.419769 5.99862671 -139.369186</EKey>
                <EKey>1 -134.458221 3.345388 -147.889221</EKey>
                <EKey>1 -134.49118 1.25795376 -154.442657</EKey>
                <EKey>4 -133.974823 0.6152438 -158.013275</EKey>
                <EKey>8 -128.157471 3.32890821 -162.764938</EKey>
                <EKey>4 -113.605858 11.6292057 -166.302582</EKey>
                <EKey>1 -110.447243 13.9473562 -168.565811</EKey>
                <EKey>1 -110.568092 14.0407419 -169.3788</EKey>
                <EKey>2 -112.75441 13.2057676 -170.66423</EKey>
                <EKey>2 -124.751663 8.959487 -174.778671</EKey>
                <EKey>1 -138.973679 5.432822 -178.217438</EKey>
                <EKey>1 -143.802246 4.76813936 -178.063629</EKey>
                <EKey>2 -146.340118 4.55390263 -175.822388</EKey>
                <EKey>2 -147.7464 4.894484 -166.434418</EKey>
                <EKey>2 -148.6363 7.910277 -154.118561</EKey>
                <EKey>2 -152.915543 16.1062031 -138.490265</EKey>
                <EKey>2 -160.281982 24.1153584 -119.686882</EKey>
                <EKey>1 -165.253372 25.4666977 -103.558708</EKey>
                <EKey>2 -167.077133 24.994278 -92.25361</EKey>
                <EKey>2 -168.944839 22.5607681 -77.86679</EKey>
                <EKey>3 -168.791031 19.0505829 -69.7203</EKey>
                <EKey>3 -167.659424 13.837491 -64.5841141</EKey>
                <EKey>4 -165.022659 8.4980545 -65.9519348</EKey>
                <EKey>4 -161.193863 1.71938658 -75.59258</EKey>
                <EKey>7 -159.337143 -3.67498279 -91.1934052</EKey>
                <EKey>10 -160.276489 -8.031128 -124.487984</EKey>
                <EKey>1 -163.8581 -5.05928135 -137.430069</EKey>
            </Bone>
            <Bone>
                <EKey>7 0 0 -86.96361</EKey>
                <EKey>1 0 0 -31.8553448</EKey>
                <EKey>1 0 0 -25.4502182</EKey>
                <EKey>5 0 0 -22.51133</EKey>
                <EKey>12 0 0 -23.3353176</EKey>
                <EKey>4 0 0 -35.2721443</EKey>
                <EKey>2 0 0 -33.95926</EKey>
                <EKey>2 0 0 -30.3556881</EKey>
                <EKey>2 0 0 -21.61593</EKey>
                <EKey>1 0 0 -11.261158</EKey>
                <EKey>2 0 0 -8.33875</EKey>
                <EKey>2 0 0 -8.563973</EKey>
                <EKey>1 0 0 -15.9139395</EKey>
                <EKey>1 0 0 -26.3291378</EKey>
                <EKey>1 0 0 -41.4410629</EKey>
                <EKey>1 0 0 -60.6564445</EKey>
                <EKey>1 0 0 -73.9501</EKey>
                <EKey>2 0 0 -84.07416</EKey>
                <EKey>2 0 0 -98.33463</EKey>
                <EKey>5 0 0 -106.2559</EKey>
                <EKey>5 0 0 -113.578392</EKey>
                <EKey>5 0 0 -113.41909</EKey>
                <EKey>4 0 0 -106.15152</EKey>
                <EKey>10 0 0 -95.6044846</EKey>
                <EKey>1 0 0 -53.9766541</EKey>
            </Bone>
            <Bone>
                <EKey>3 15.1998167 2.86747551 -15.210803</EKey>
                <EKey>1 17.3751431 2.49393463 1.27992678</EKey>
                <EKey>1 17.8036156 2.12039375 4.22430754</EKey>
                <EKey>1 18.1551838 1.43923092 2.63126564</EKey>
                <EKey>2 19.1384754 0.0659189746 -8.734264</EKey>
                <EKey>1 20.7150383 -4.47150373 -46.522316</EKey>
                <EKey>3 19.1769276 -4.878004 -56.0036621</EKey>
                <EKey>3 9.662623 -0.571297765 -59.1348152</EKey>
                <EKey>4 -2.59830618 4.24078751 -55.7070274</EKey>
                <EKey>4 -19.8690777 5.916228 -43.4406052</EKey>
                <EKey>3 -32.0091553 0.9777981 -30.46006</EKey>
                <EKey>1 -35.16228 -3.037766 -24.87892</EKey>
                <EKey>1 -32.72877 -3.27397585 -24.64271</EKey>
                <EKey>3 -26.1094074 -2.4719615 -25.3128872</EKey>
                <EKey>1 3.07072568 2.4994278 -27.2355232</EKey>
                <EKey>1 10.3163195 3.68047619 -28.2023354</EKey>
                <EKey>2 15.3261614 3.29594874 -30.4820328</EKey>
                <EKey>2 21.6379032 -1.97207594 -37.3980331</EKey>
                <EKey>2 24.6042576 -7.020371 -42.0782776</EKey>
                <EKey>1 27.16411 -5.28450441 -44.0338745</EKey>
                <EKey>1 28.4495316 -3.07072568 -43.1384773</EKey>
                <EKey>1 29.78439 -1.33485925 -39.00206</EKey>
                <EKey>1 31.33898 0.197756931 -23.5550461</EKey>
                <EKey>1 33.2451363 2.95536733 -3.95513844</EKey>
                <EKey>2 33.9153137 6.4820323 5.21858549</EKey>
                <EKey>3 35.2062263 8.877089 17.5344467</EKey>
                <EKey>6 37.4035263 8.57496 29.7074852</EKey>
                <EKey>5 36.66743 4.59784842 40.2929726</EKey>
                <EKey>4 30.9929047 2.21927214 49.10414</EKey>
                <EKey>5 22.796978 -1.80727851 53.98764</EKey>
                <EKey>10 9.206683 -10.8986034 52.33417</EKey>
                <EKey>1 -3.18608379 -12.3378344 -10.2119474</EKey>
            </Bone>
            <Bone>
                <EKey>11 161.715729 17.3806362 -98.5818253</EKey>
                <EKey>4 -176.7068 29.14168 -62.0462341</EKey>
                <EKey>3 -170.647751 34.81071 -54.46006</EKey>
                <EKey>4 -164.638138 38.6395073 -56.30579</EKey>
                <EKey>3 -155.4644 40.6445427 -67.4461</EKey>
                <EKey>1 -153.8494 38.4527359 -73.45022</EKey>
                <EKey>3 -156.887161 35.77203 -73.87869</EKey>
                <EKey>1 -176.108032 20.9622345 -73.43374</EKey>
                <EKey>2 -180.002747 18.0892658 -71.8187256</EKey>
                <EKey>4 176.487061 16.172121 -63.42504</EKey>
                <EKey>2 173.603119 15.7985811 -39.6337852</EKey>
                <EKey>1 173.410843 15.5953312 -33.0583649</EKey>
                <EKey>1 173.57016 15.073472 -33.08583</EKey>
                <EKey>1 174.0151 14.2879381 -36.74983</EKey>
                <EKey>4 174.778671 13.3485928 -44.0723267</EKey>
                <EKey>1 177.322037 7.26207352 -85.24422</EKey>
                <EKey>1 177.387955 5.46578169 -92.48432</EKey>
                <EKey>4 177.563751 3.43328 -96.0604248</EKey>
                <EKey>3 178.3273 -4.82307148 -97.02724</EKey>
                <EKey>5 176.2179 -7.83337164 -100.427559</EKey>
                <EKey>5 170.3566 -5.696498 -111.100937</EKey>
                <EKey>4 165.539032 1.80178535 -117.753265</EKey>
                <EKey>11 162.929733 6.092012 -120.186768</EKey>
                <EKey>1 160.232544 21.423666 -146.147858</EKey>
            </Bone>
            <Bone>
                <EKey>13 0 0 -136.820328</EKey>
                <EKey>5 0 0 -152.267334</EKey>
                <EKey>12 0 0 -152.613419</EKey>
                <EKey>4 0 0 -139.506531</EKey>
                <EKey>3 0 0 -145.126114</EKey>
                <EKey>2 0 0 -149.3614</EKey>
                <EKey>1 0 0 -148.466</EKey>
                <EKey>3 0 0 -145.582062</EKey>
                <EKey>2 0 0 -128.009155</EKey>
                <EKey>1 0 0 -116.813919</EKey>
                <EKey>1 0 0 -113.759674</EKey>
                <EKey>3 0 0 -114.589149</EKey>
                <EKey>3 0 0 -128.531021</EKey>
                <EKey>5 0 0 -132.744339</EKey>
                <EKey>6 0 0 -131.711609</EKey>
                <EKey>5 0 0 -123.718925</EKey>
                <EKey>9 0 0 -113.089493</EKey>
                <EKey>1 0 0 -85.32662</EKey>
                <EKey>1 0 0 -82.90959</EKey>
            </Bone>
            <Bone>
                <EKey>4 5.13069344 28.1638813 51.0762177</EKey>
                <EKey>4 6.9874115 18.65507 22.868391</EKey>
                <EKey>3 -0.9942779 14.2384987 -4.21881437</EKey>
                <EKey>3 -9.646143 16.74342 -21.0666065</EKey>
                <EKey>2 -17.2927437 22.5442886 -32.7397575</EKey>
                <EKey>2 -20.6051731 26.77409 -36.99153</EKey>
                <EKey>3 -20.8798351 30.5864048 -37.4584579</EKey>
                <EKey>3 -17.3092232 34.10208 -34.6184464</EKey>
                <EKey>1 -12.8267336 33.7669945 -31.6685734</EKey>
                <EKey>1 -12.0631723 32.4980545 -31.2346077</EKey>
                <EKey>3 -12.0796518 28.34516 -30.8390942</EKey>
                <EKey>1 -15.0460062 4.894484 -30.2018776</EKey>
                <EKey>2 -15.6887159 1.47768366 -30.9983978</EKey>
                <EKey>3 -16.57313 3.26848245 -36.2059975</EKey>
                <EKey>2 -15.210803 12.7223625 -48.3460732</EKey>
                <EKey>1 -10.6623945 17.60586 -53.26253</EKey>
                <EKey>1 -7.685054 18.265049 -52.93843</EKey>
                <EKey>1 -4.51544952 17.38613 -49.75784</EKey>
                <EKey>1 -0.714122236 14.8921947 -41.86404</EKey>
                <EKey>2 4.427558 11.7225914 -28.95491</EKey>
                <EKey>2 18.2265968 9.096819 5.559167</EKey>
                <EKey>1 30.2732887 15.7985811 39.9908447</EKey>
                <EKey>1 33.3110542 20.9018078 53.09224</EKey>
                <EKey>1 34.6953545 25.647974 61.4914169</EKey>
                <EKey>3 35.37652 29.8448162 65.897</EKey>
                <EKey>2 35.5797653 39.15038 74.0050354</EKey>
                <EKey>2 35.1238251 41.94644 78.40513</EKey>
                <EKey>3 30.932478 42.0947571 82.40421</EKey>
                <EKey>2 20.8084221 37.9253845 87.04051</EKey>
                <EKey>2 16.88075 34.62394 85.56283</EKey>
                <EKey>2 15.1448841 31.2291145 79.71252</EKey>
                <EKey>4 16.1446552 32.9869537 71.15953</EKey>
                <EKey>7 29.1636524 41.9739075 44.8523674</EKey>
                <EKey>4 14.8702221 14.5626 36.7608147</EKey>
                <EKey>1 5.81734943 3.29045558 31.6960411</EKey>
            </Bone>
            <Bone>
                <EKey>7 -0.818493962 -5.52620745 38.47471</EKey>
                <EKey>3 34.4097061 -1.087663 -1.41176474</EKey>
                <EKey>1 47.13207 -7.245594 -13.7221336</EKey>
                <EKey>2 50.9333954 -10.6239414 -14.32639</EKey>
                <EKey>1 58.12955 -18.0013733 -7.28404665</EKey>
                <EKey>1 60.37629 -19.8690777 -3.85626</EKey>
                <EKey>1 52.07599 -12.6289768 -3.97711158</EKey>
                <EKey>2 53.7953758 -10.3492794 -3.279469</EKey>
                <EKey>1 61.1508369 -6.85008 -1.86770427</EKey>
                <EKey>1 62.7273979 -5.6031127 -1.68093383</EKey>
                <EKey>1 60.21149 -4.72968626 -2.05447459</EKey>
                <EKey>2 53.7294579 -4.05951 -2.861982</EKey>
                <EKey>4 35.11284 -2.62577248 -4.872511</EKey>
                <EKey>1 -7.223621 1.483177 -8.009155</EKey>
                <EKey>1 -15.3371477 2.52140069 -8.305791</EKey>
                <EKey>1 -21.2698555 3.41130686 -8.432136</EKey>
                <EKey>1 -24.4339657 4.08697653 -8.448615</EKey>
                <EKey>2 -24.7745476 4.570382 -8.55848</EKey>
                <EKey>3 -19.3087654 5.15266657 -9.442893</EKey>
                <EKey>3 -1.99954224 4.84504461 -11.2336922</EKey>
                <EKey>2 16.3588924 3.82879376 -11.56878</EKey>
                <EKey>1 23.78027 3.72991538 -10.332799</EKey>
                <EKey>1 24.823988 4.037537 -9.23415</EKey>
                <EKey>1 21.6708622 4.6692605 -7.14671564</EKey>
                <EKey>3 13.6122684 5.317464 -3.64202332</EKey>
                <EKey>1 -19.7976646 2.84550238 10.5799952</EKey>
                <EKey>1 -27.0103 1.09315634 14.8482494</EKey>
                <EKey>2 -30.4271 -0.2307164 19.7152672</EKey>
                <EKey>1 -30.8940258 -1.63149464 31.3664455</EKey>
                <EKey>2 -29.6470585 -1.67544055 35.66766</EKey>
                <EKey>9 -27.845274 -1.60952163 37.013504</EKey>
                <EKey>16 -20.4403763 -1.61501491 30.2348366</EKey>
                <EKey>1 -6.58640432 -4.746166 10.3602657</EKey>
            </Bone>
            <Bone>
                <EKey>14 3.27397585 -7.075303 6.2897687</EKey>
                <EKey>1 33.33852 -8.728771 8.53101349</EKey>
                <EKey>4 33.97574 -11.1842527 8.613413</EKey>
                <EKey>2 40.06775 -5.410849 9.267109</EKey>
                <EKey>4 35.6786461 -2.64774537 8.130007</EKey>
                <EKey>3 16.6994743 4.2847333 5.163653</EKey>
                <EKey>2 2.36209655 8.618906 4.422065</EKey>
                <EKey>3 -3.587091 9.552758 4.48249</EKey>
                <EKey>8 -6.0206 7.43785763 4.61432838</EKey>
                <EKey>3 -0.8844129 -5.59212637 5.388876</EKey>
                <EKey>3 -3.834287 -8.32227 4.53742266</EKey>
                <EKey>2 -10.3767452 -9.063859 3.20805669</EKey>
                <EKey>3 -12.0302124 -9.294576 5.99862671</EKey>
                <EKey>4 -10.3712521 -8.816663 16.4522781</EKey>
                <EKey>16 -8.432136 -7.97070265 17.7212181</EKey>
                <EKey>7 -0.9173724 -5.26253128 10.5854883</EKey>
                <EKey>1 2.48844123 -4.4495306 6.718242</EKey>
            </Bone>
            <Bone>
                <EKey>79 0 -0.0109864958 19.9954224</EKey>
                <EKey>1 0 -0.0109864958 19.9954224</EKey>
            </Bone>
            <Bone>
                <EKey>3 6.21286345 -30.44358 -75.25201</EKey>
                <EKey>4 -0.598764 -17.1389332 -50.5598526</EKey>
                <EKey>2 -15.3591213 0.2746624 -17.2487984</EKey>
                <EKey>1 -23.6429386 7.28404665 -1.85122454</EKey>
                <EKey>1 -27.5046921 10.5525293 4.99885559</EKey>
                <EKey>1 -31.3279934 14.7603569 9.376974</EKey>
                <EKey>1 -34.72282 20.06134 10.5140762</EKey>
                <EKey>1 -36.60151 25.1425953 9.563745</EKey>
                <EKey>1 -35.97528 28.56489 7.690547</EKey>
                <EKey>1 -24.1812763 21.25887 2.279698</EKey>
                <EKey>1 -18.8748 17.58938 -0.0439459831</EKey>
                <EKey>1 -10.2833605 13.0299835 -3.17509723</EKey>
                <EKey>1 1.45021749 6.921492 -6.092012</EKey>
                <EKey>2 16.4412918 -0.9613184 -7.43785763</EKey>
                <EKey>1 56.9539948 -17.029068 0.5053788</EKey>
                <EKey>1 75.36736 -19.9185162 8.245365</EKey>
                <EKey>1 87.43603 -19.8855572 14.7328911</EKey>
                <EKey>1 93.91257 -19.1604481 19.29778</EKey>
                <EKey>2 96.1318359 -18.77592 22.319067</EKey>
                <EKey>3 93.10506 -19.67132 25.1590748</EKey>
                <EKey>1 84.79378 -20.55024 25.58755</EKey>
                <EKey>2 77.85031 -20.7205315 23.3792629</EKey>
                <EKey>5 56.91005 -18.9297314 15.7161818</EKey>
                <EKey>2 -4.31769276 5.1471734 3.48821235</EKey>
                <EKey>1 -23.8022423 14.5131607 6.328222</EKey>
                <EKey>1 -31.0148773 17.2927437 7.80590534</EKey>
                <EKey>1 -35.5468063 18.7319756 8.261845</EKey>
                <EKey>1 -34.5964737 18.7319756 6.36118126</EKey>
                <EKey>3 -27.4882126 17.3147182 1.74685287</EKey>
                <EKey>1 4.45502424 6.553445 -16.28748</EKey>
                <EKey>1 10.6294346 3.24650955 -21.2149239</EKey>
                <EKey>1 12.66743 1.36232543 -27.1915779</EKey>
                <EKey>1 12.222477 0.6097505 -34.4756241</EKey>
                <EKey>1 10.541543 0.6042573 -39.6173019</EKey>
                <EKey>1 8.596933 0.5438315 -40.01831</EKey>
                <EKey>2 7.251087 -0.32959488 -34.6294365</EKey>
                <EKey>1 7.32799244 -3.966125 -18.0672932</EKey>
                <EKey>2 8.278324 -5.740444 -11.9588</EKey>
                <EKey>7 10.6129551 -8.481575 -7.646601</EKey>
                <EKey>8 21.44564 -15.7436485 -2.18631268</EKey>
                <EKey>6 36.0741577 -20.55024 -1.77981234</EKey>
                <EKey>1 46.2366676 -23.1815052 -3.99908447</EKey>
            </Bone>
            <Bone>
                <EKey>11 40.5951 57.8219261 140.110779</EKey>
                <EKey>4 109.7441 69.4346542 76.4550247</EKey>
                <EKey>2 121.988556 67.87457 65.0400543</EKey>
                <EKey>6 114.36393 68.97322 72.13733</EKey>
                <EKey>2 51.36736 63.22179 130.711838</EKey>
                <EKey>1 45.74777 60.738842 135.677734</EKey>
                <EKey>3 49.5820541 62.5680923 132.134583</EKey>
                <EKey>1 102.7567 69.81918 82.29984</EKey>
                <EKey>1 113.474022 69.0721 72.96681</EKey>
                <EKey>3 111.798584 69.44564 75.9881</EKey>
                <EKey>1 77.24605 68.3360062 115.468071</EKey>
                <EKey>1 73.3403549 67.24284 121.60952</EKey>
                <EKey>3 85.72762 69.37423 113.292747</EKey>
                <EKey>1 164.7535 64.6884842 45.9290466</EKey>
                <EKey>1 172.065 59.0029755 37.44747</EKey>
                <EKey>3 167.4287 55.10826 35.0908661</EKey>
                <EKey>3 138.413361 48.7690544 29.7734032</EKey>
                <EKey>1 113.814606 47.0606537 18.63859</EKey>
                <EKey>1 109.573814 46.3959732 15.5019455</EKey>
                <EKey>3 109.535362 43.8196373 14.1670866</EKey>
                <EKey>1 114.017853 35.53582 13.4694443</EKey>
                <EKey>6 114.57267 37.4255 14.3648434</EKey>
                <EKey>6 104.778214 63.5019455 35.51934</EKey>
                <EKey>11 80.77272 71.2694 71.12108</EKey>
                <EKey>3 44.2151527 63.9523926 128.822159</EKey>
                <EKey>1 41.19936 59.48638 137.589386</EKey>
            </Bone>
            <Bone>
                <EKey>2 -64.79286 33.9482727 -44.1876869</EKey>
                <EKey>2 -44.2041664 39.0460052 -33.08583</EKey>
                <EKey>2 -20.81941 42.28702 -24.9173717</EKey>
                <EKey>2 3.26298928 41.67178 -19.6163883</EKey>
                <EKey>1 23.39025 36.4257278 -14.1011677</EKey>
                <EKey>1 30.833601 32.47059 -10.5690088</EKey>
                <EKey>1 36.3707924 28.0045776 -6.59739065</EKey>
                <EKey>1 38.49668 23.34081 -3.15312433</EKey>
                <EKey>2 36.9585724 19.2813 -0.8294804</EKey>
                <EKey>1 31.0917835 15.1229115 2.87296867</EKey>
                <EKey>1 32.01465 24.3955135 10.5085831</EKey>
                <EKey>2 33.9702454 25.0547028 9.349508</EKey>
                <EKey>1 36.8487053 20.7150383 1.1261158</EKey>
                <EKey>1 36.8926544 20.017395 -1.395285</EKey>
                <EKey>1 34.68437 22.9562836 0.236209661</EKey>
                <EKey>1 28.7241936 28.8560314 6.493019</EKey>
                <EKey>3 18.506752 34.92607 16.2270546</EKey>
                <EKey>1 -29.76791 36.3048744 59.5468063</EKey>
                <EKey>1 -41.71023 35.019455 69.0830841</EKey>
                <EKey>1 -50.7685966 38.0846863 74.2851944</EKey>
                <EKey>1 -58.19547 41.70474 77.61959</EKey>
                <EKey>1 -63.0844574 42.62211 79.66857</EKey>
                <EKey>1 -63.83154 38.02426 80.45411</EKey>
                <EKey>2 -62.4802 25.235981 82.3547745</EKey>
                <EKey>1 -57.60769 -14.1615934 89.9354553</EKey>
                <EKey>1 -52.3726234 -32.4431229 93.86862</EKey>
                <EKey>1 -44.9073029 -44.8688469 95.56603</EKey>
                <EKey>1 -24.0933857 -46.20371 86.00778</EKey>
                <EKey>1 -16.1501484 -46.08835 57.45388</EKey>
                <EKey>1 -31.35546 -39.0075531 27.5321579</EKey>
                <EKey>1 -46.76402 -23.7857628 6.56992435</EKey>
                <EKey>1 -59.601738 -11.9203482 -6.37766075</EKey>
                <EKey>1 -70.70908 -8.855116 -17.7322044</EKey>
                <EKey>1 -80.14099 -9.091325 -29.58114</EKey>
                <EKey>1 -85.1892853 -9.712062 -41.2048531</EKey>
                <EKey>1 -83.34356 -8.673839 -49.50515</EKey>
                <EKey>1 -72.99977 5.652552 -46.9013519</EKey>
                <EKey>1 -70.33555 24.3955135 -31.4048977</EKey>
                <EKey>1 -88.89174 31.415884 -4.15289545</EKey>
                <EKey>1 -108.914627 27.0157928 16.2435341</EKey>
                <EKey>2 -114.9572 23.8077354 21.5774784</EKey>
                <EKey>2 -118.923325 23.0991077 22.9452972</EKey>
                <EKey>2 -121.345848 26.7081718 24.8844128</EKey>
                <EKey>4 -117.654381 31.8388653 20.4348812</EKey>
                <EKey>5 -104.009155 40.4632645 2.72465086</EKey>
                <EKey>7 -91.04509 44.0723267 -3.73540854</EKey>
                <EKey>5 -65.6882553 43.48455 -14.7823305</EKey>
                <EKey>3 -45.81918 36.8926544 -26.0160217</EKey>
                <EKey>1 -35.8709068 30.08652 -32.9759674</EKey>
            </Bone>
            <Bone>
                <EKey>5 0 0 -106.744789</EKey>
                <EKey>5 0 0 -73.59304</EKey>
                <EKey>3 0 0 -40.44129</EKey>
                <EKey>2 0 0 -27.125658</EKey>
                <EKey>1 0 0 -23.0881214</EKey>
                <EKey>1 0 0 -24.1922646</EKey>
                <EKey>2 0 0 -28.6308079</EKey>
                <EKey>3 0 0 -44.2316322</EKey>
                <EKey>1 0 0 -72.1483154</EKey>
                <EKey>1 0 0 -79.37743</EKey>
                <EKey>1 0 0 -84.2005</EKey>
                <EKey>1 0 0 -85.79904</EKey>
                <EKey>1 0 0 -79.71801</EKey>
                <EKey>2 0 0 -65.22682</EKey>
                <EKey>1 0 0 -29.9931335</EKey>
                <EKey>1 0 0 -18.7649345</EKey>
                <EKey>2 0 0 -14.8592358</EKey>
                <EKey>1 0 0 -17.2927437</EKey>
                <EKey>1 0 0 -19.1769276</EKey>
                <EKey>2 0 0 -18.5452042</EKey>
                <EKey>1 0 0 -0.3076219</EKey>
                <EKey>1 0 0 -3.75188828</EKey>
                <EKey>1 0 0 -11.0524149</EKey>
                <EKey>2 0 0 -16.3259335</EKey>
                <EKey>1 0 0 -15.7161818</EKey>
                <EKey>1 0 0 -14.8043032</EKey>
                <EKey>2 0 0 -16.4138241</EKey>
                <EKey>2 0 0 -37.9638367</EKey>
                <EKey>1 0 0 -25.50515</EKey>
                <EKey>3 0 0 -29.3009834</EKey>
                <EKey>1 0 0 -48.9063873</EKey>
                <EKey>1 0 0 -53.0702667</EKey>
                <EKey>2 0 0 -53.7624168</EKey>
                <EKey>3 0 0 -46.0169373</EKey>
                <EKey>3 0 0 -32.6353874</EKey>
                <EKey>8 0 0 -30.9929047</EKey>
                <EKey>9 0 0 -36.5246048</EKey>
                <EKey>1 0 0 -46.3849869</EKey>
            </Bone>
            <Bone>
                <EKey>31 -89.34768 14.1286335 20.5447464</EKey>
                <EKey>3 -89.34768 14.1341267 21.1654835</EKey>
                <EKey>1 -89.34768 14.1341267 23.0167084</EKey>
                <EKey>2 -89.34768 14.1286335 20.5447464</EKey>
                <EKey>1 -89.34768 14.112154 -6.46005964</EKey>
                <EKey>1 -86.76036 14.57908 -7.87731743</EKey>
                <EKey>1 -84.19501 15.1613646 -5.30647755</EKey>
                <EKey>1 -89.34768 14.112154 -1.96108949</EKey>
                <EKey>2 -106.948044 9.761501 0.5932708</EKey>
                <EKey>1 -153.7615 -3.081712 -1.08216989</EKey>
                <EKey>1 -167.241928 -6.690776 -3.83978033</EKey>
                <EKey>1 -152.267334 -6.35568762 -2.861982</EKey>
                <EKey>1 -124.630806 -1.87869072 -0.219729915</EKey>
                <EKey>1 -103.696037 6.778668 1.31837952</EKey>
                <EKey>1 -89.34768 14.1176472 1.54360271</EKey>
                <EKey>3 -85.9803162 15.67773 3.55962467</EKey>
                <EKey>27 -89.34768 14.12314 12.5465784</EKey>
                <EKey>1 -89.34768 14.1286335 20.2536049</EKey>
            </Bone>
            <Bone>
                <EKey>2 -40.6060867 -57.8329124 140.110779</EKey>
                <EKey>2 -45.253376 -67.91852 117.890594</EKey>
                <EKey>1 -67.369194 -72.9887848 78.20187</EKey>
                <EKey>1 -80.38819 -72.1593 59.4918747</EKey>
                <EKey>1 -89.9794 -69.97299 48.0219727</EKey>
                <EKey>1 -97.56008 -67.31426 42.63859</EKey>
                <EKey>2 -104.866104 -64.6390457 40.4358</EKey>
                <EKey>2 -120.703133 -60.4861526 40.28748</EKey>
                <EKey>1 -137.474014 -58.5085831 40.7324333</EKey>
                <EKey>1 -144.906387 -58.0032043 40.2929726</EKey>
                <EKey>2 -150.608383 -57.475853 39.4140549</EKey>
                <EKey>6 -155.936829 -56.3442421 37.73312</EKey>
                <EKey>7 -152.7837 -55.9761963 37.595787</EKey>
                <EKey>4 -144.368042 -61.013504 44.7809563</EKey>
                <EKey>1 -153.898834 -56.6353874 38.22202</EKey>
                <EKey>1 -153.574738 -55.38842 36.9420929</EKey>
                <EKey>2 -145.7084 -54.78416 36.398262</EKey>
                <EKey>1 -123.784851 -56.0476074 33.4483871</EKey>
                <EKey>2 -116.506294 -57.59121 32.0091553</EKey>
                <EKey>3 -111.732658 -60.4751663 34.2943459</EKey>
                <EKey>4 -110.353859 -62.3978043 38.3538551</EKey>
                <EKey>5 -119.7583 -57.376976 33.60769</EKey>
                <EKey>3 -131.294113 -50.0325 29.10872</EKey>
                <EKey>12 -133.299149 -50.647747 30.25681</EKey>
                <EKey>12 -102.0206 -68.88533 70.0993347</EKey>
                <EKey>1 -42.73747 -59.7116051 137.3202</EKey>
            </Bone>
            <Bone>
                <EKey>1 -4.48249 -15.6667433 -58.3877335</EKey>
                <EKey>2 3.92767215 -26.13138 -50.471962</EKey>
                <EKey>1 35.294117 -37.974823 -20.978714</EKey>
                <EKey>1 52.4220657 -35.8764038 -5.97665358</EKey>
                <EKey>1 64.75441 -30.7182426 3.43328</EKey>
                <EKey>1 71.94507 -26.2192726 6.910506</EKey>
                <EKey>1 75.8947144 -24.56031 5.487755</EKey>
                <EKey>2 78.48203 -25.3623257 0.637216747</EKey>
                <EKey>1 82.55802 -30.937973 -14.17258</EKey>
                <EKey>1 85.85947 -32.4431229 -22.626688</EKey>
                <EKey>1 90.58366 -31.03685 -30.8171215</EKey>
                <EKey>1 95.4122238 -27.707943 -37.33211</EKey>
                <EKey>1 99.15312 -23.9890137 -41.06752</EKey>
                <EKey>1 103.959717 -31.3939114 -45.560997</EKey>
                <EKey>1 102.619362 -29.5042343 -45.55001</EKey>
                <EKey>2 99.054245 -24.6317234 -43.0670624</EKey>
                <EKey>1 92.52827 -12.9420919 -33.2121773</EKey>
                <EKey>2 91.984436 -10.6239414 -28.1748676</EKey>
                <EKey>1 92.18768 -12.3653011 -22.08835</EKey>
                <EKey>1 88.9906158 -12.4147406 -19.363699</EKey>
                <EKey>2 83.44793 -11.8709087 -17.67727</EKey>
                <EKey>1 69.7532654 -8.327764 -19.1384754</EKey>
                <EKey>1 64.57313 -5.61959267 -21.5555038</EKey>
                <EKey>1 61.9144 -3.66399622 -24.2307167</EKey>
                <EKey>1 61.89792 -4.103456 -26.67521</EKey>
                <EKey>1 68.1547241 -10.3932247 -28.4605179</EKey>
                <EKey>1 81.67361 -22.764019 -27.3398952</EKey>
                <EKey>1 100.455025 -36.7992668 -20.9677277</EKey>
                <EKey>1 122.1149 -47.8242149 -9.508812</EKey>
                <EKey>1 138.177155 -54.630352 1.03822386</EKey>
                <EKey>1 123.933167 -70.25315 -4.14740229</EKey>
                <EKey>1 64.2545242 -79.22911 -43.4241257</EKey>
                <EKey>1 65.08949 -74.4774551 -26.3071632</EKey>
                <EKey>1 77.2405548 -64.6390457 1.53261614</EKey>
                <EKey>1 81.69558 -55.18517 25.9061565</EKey>
                <EKey>1 82.23392 -45.9784851 49.06569</EKey>
                <EKey>1 80.0970459 -38.8043022 69.17647</EKey>
                <EKey>1 77.02083 -35.1183319 84.0686646</EKey>
                <EKey>1 75.46075 -37.1068878 90.14969</EKey>
                <EKey>1 75.8233 -44.3360023 88.2765</EKey>
                <EKey>1 76.4715042 -54.0480652 82.23392</EKey>
                <EKey>1 77.19112 -64.1062 73.1371</EKey>
                <EKey>1 78.54795 -72.45045 62.9251556</EKey>
                <EKey>1 83.67315 -77.13069 56.3167763</EKey>
                <EKey>2 92.89082 -76.89998 53.10872</EKey>
                <EKey>1 106.739296 -68.18219 40.6665154</EKey>
                <EKey>1 111.133896 -63.6502647 35.019455</EKey>
                <EKey>2 113.754181 -61.40902 32.415657</EKey>
                <EKey>3 112.606087 -62.78233 26.3620968</EKey>
                <EKey>3 93.0666046 -68.96773 0.0329594873</EKey>
                <EKey>6 58.2943459 -70.33555 -35.6786461</EKey>
                <EKey>12 9.398947 -56.6793327 -77.49874</EKey>
                <EKey>1 -28.81758 -14.0352488 -84.9475861</EKey>
            </Bone>
            <Bone>
                <EKey>1 0 0 -125.515221</EKey>
                <EKey>2 0 0 -105.091324</EKey>
                <EKey>1 0 0 -60.21149</EKey>
                <EKey>1 0 0 -39.7821</EKey>
                <EKey>1 0 0 -23.3792629</EKey>
                <EKey>1 0 0 -13.0080109</EKey>
                <EKey>1 0 0 -8.454108</EKey>
                <EKey>2 0 0 -7.57518864</EKey>
                <EKey>3 0 0 -13.458457</EKey>
                <EKey>3 0 0 -28.6417942</EKey>
                <EKey>4 0 0 -36.0686646</EKey>
                <EKey>2 0 0 -44.9897</EKey>
                <EKey>5 0 0 -53.39437</EKey>
                <EKey>1 0 0 -85.67269</EKey>
                <EKey>1 0 0 -89.9189758</EKey>
                <EKey>1 0 0 -92.1547241</EKey>
                <EKey>1 0 0 -90.52323</EKey>
                <EKey>3 0 0 -84.79927</EKey>
                <EKey>1 0 0 -62.1451149</EKey>
                <EKey>1 0 0 -61.37606</EKey>
                <EKey>1 0 0 -56.3442421</EKey>
                <EKey>1 0 0 -28.806591</EKey>
                <EKey>1 0 0 -7.558709</EKey>
                <EKey>1 0 0 -10.6239414</EKey>
                <EKey>2 0 0 -19.6987877</EKey>
                <EKey>1 0 0 -42.2101173</EKey>
                <EKey>3 0 0 -48.8075066</EKey>
                <EKey>4 0 0 -56.173954</EKey>
                <EKey>3 0 0 -59.11284</EKey>
                <EKey>2 0 0 -57.5967026</EKey>
                <EKey>3 0 0 -51.3838425</EKey>
                <EKey>1 0 0 -36.64546</EKey>
                <EKey>2 0 0 -33.86587</EKey>
                <EKey>5 0 0 -35.1458</EKey>
                <EKey>13 0 0 -46.8409233</EKey>
                <EKey>1 0 0 -90.91875</EKey>
            </Bone>
            <Bone>
                <EKey>4 106.464638 -13.2607 20.8633556</EKey>
                <EKey>1 99.9661255 -3.96063161 -3.164111</EKey>
                <EKey>1 99.301445 -2.213779 -6.9874115</EKey>
                <EKey>1 99.08171 -1.53810942 -8.426642</EKey>
                <EKey>2 99.27398 -2.07644773 -7.30602</EKey>
                <EKey>3 100.757156 -5.43831539 -0.0219729915</EKey>
                <EKey>2 104.844131 -11.4314489 15.106432</EKey>
                <EKey>2 106.464638 -13.2607 20.8633556</EKey>
                <EKey>5 105.212173 -12.5630579 19.3362331</EKey>
                <EKey>7 98.38407 -5.855802 4.647288</EKey>
                <EKey>3 93.4016953 1.92813 -8.146486</EKey>
                <EKey>29 92.8304 3.1311512 -9.926299</EKey>
                <EKey>19 99.56512 -7.2346077 7.245594</EKey>
                <EKey>1 106.080109 -12.9970245 20.16022</EKey>
            </Bone>
        </Rotations>
        <PositionOffset>
            <X>0</X>
            <Z>0</Z>
        </PositionOffset>
        <Positions>
            <Position>
                <Height>11.62</Height>
                <YOffset>-0.65</YOffset>
            </Position>
            <Position>
                <Height>12.86</Height>
                <YOffset>-0.719999969</YOffset>
            </Position>
            <Position>
                <Height>14.08</Height>
                <YOffset>-0.78</YOffset>
            </Position>
            <Position>
                <Height>15.21</Height>
                <YOffset>-0.75</YOffset>
            </Position>
            <Position>
                <Height>16.17</Height>
                <YOffset>-0.61</YOffset>
            </Position>
            <Position>
                <Height>16.96</Height>
                <YOffset>-0.34</YOffset>
            </Position>
            <Position>
                <Height>17.6</Height>
                <YOffset>0</YOffset>
            </Position>
            <Position>
                <Height>18.0299988</Height>
                <YOffset>0.48999998</YOffset>
            </Position>
            <Position>
                <Height>18.16</Height>
                <YOffset>1.18999994</YOffset>
            </Position>
            <Position>
                <Height>18.16</Height>
                <YOffset>1.9799999</YOffset>
            </Position>
            <Position>
                <Height>18.9</Height>
                <YOffset>2.73</YOffset>
            </Position>
            <Position>
                <Height>19.96</Height>
                <YOffset>3.46</YOffset>
            </Position>
            <Position>
                <Height>20.48</Height>
                <YOffset>4.17</YOffset>
            </Position>
            <Position>
                <Height>20.57</Height>
                <YOffset>4.83</YOffset>
            </Position>
            <Position>
                <Height>20.49</Height>
                <YOffset>5.44</YOffset>
            </Position>
            <Position>
                <Height>20.49</Height>
                <YOffset>5.99</YOffset>
            </Position>
            <Position>
                <Height>20.539999</Height>
                <YOffset>6.48</YOffset>
            </Position>
            <Position>
                <Height>20.64</Height>
                <YOffset>6.87999964</YOffset>
            </Position>
            <Position>
                <Height>20.74</Height>
                <YOffset>7.22</YOffset>
            </Position>
            <Position>
                <Height>20.8</Height>
                <YOffset>7.5</YOffset>
            </Position>
            <Position>
                <Height>20.77</Height>
                <YOffset>7.74</YOffset>
            </Position>
            <Position>
                <Height>20.68</Height>
                <YOffset>7.9199996</YOffset>
            </Position>
            <Position>
                <Height>20.52</Height>
                <YOffset>8.07</YOffset>
            </Position>
            <Position>
                <Height>20.2799988</Height>
                <YOffset>8.179999</YOffset>
            </Position>
            <Position>
                <Height>19.9499989</Height>
                <YOffset>8.2699995</YOffset>
            </Position>
            <Position>
                <Height>19.57</Height>
                <YOffset>8.33</YOffset>
            </Position>
            <Position>
                <Height>19.1899986</Height>
                <YOffset>8.2699995</YOffset>
            </Position>
            <Position>
                <Height>18.8599987</Height>
                <YOffset>8.01</YOffset>
            </Position>
            <Position>
                <Height>18.6099987</Height>
                <YOffset>7.62999964</YOffset>
            </Position>
            <Position>
                <Height>18.44</Height>
                <YOffset>7.2</YOffset>
            </Position>
            <Position>
                <Height>18.5</Height>
                <YOffset>6.77999973</YOffset>
            </Position>
            <Position>
                <Height>18.789999</Height>
                <YOffset>6.33</YOffset>
            </Position>
            <Position>
                <Height>19.14</Height>
                <YOffset>5.75999975</YOffset>
            </Position>
            <Position>
                <Height>19.5299988</Height>
                <YOffset>5.00999975</YOffset>
            </Position>
            <Position>
                <Height>19.8599987</Height>
                <YOffset>4.12</YOffset>
            </Position>
            <Position>
                <Height>19.56</Height>
                <YOffset>3.23</YOffset>
            </Position>
            <Position>
                <Height>18.14</Height>
                <YOffset>2.45</YOffset>
            </Position>
            <Position>
                <Height>18.35</Height>
                <YOffset>1.79</YOffset>
            </Position>
            <Position>
                <Height>19.8599987</Height>
                <YOffset>1.18999994</YOffset>
            </Position>
            <Position>
                <Height>20.58</Height>
                <YOffset>0.69</YOffset>
            </Position>
            <Position>
                <Height>20.51</Height>
                <YOffset>0.31</YOffset>
            </Position>
            <Position>
                <Height>20.05</Height>
                <YOffset>-0.02</YOffset>
            </Position>
            <Position>
                <Height>19.48</Height>
                <YOffset>-0.399999976</YOffset>
            </Position>
            <Position>
                <Height>18.52</Height>
                <YOffset>-0.68</YOffset>
            </Position>
            <Position>
                <Height>16.7799988</Height>
                <YOffset>-0.68</YOffset>
            </Position>
            <Position>
                <Height>13.8899994</Height>
                <YOffset>-0.68</YOffset>
            </Position>
            <Position>
                <Height>12.48</Height>
                <YOffset>-0.68</YOffset>
            </Position>
            <Position>
                <Height>11.66</Height>
                <YOffset>-0.68</YOffset>
            </Position>
            <Position>
                <Height>10.91</Height>
                <YOffset>-0.68</YOffset>
            </Position>
            <Position>
                <Height>10.17</Height>
                <YOffset>-0.68</YOffset>
            </Position>
            <Position>
                <Height>9.42</Height>
                <YOffset>-0.68</YOffset>
            </Position>
            <Position>
                <Height>8.74</Height>
                <YOffset>-0.68</YOffset>
            </Position>
            <Position>
                <Height>8.42</Height>
                <YOffset>-0.68</YOffset>
            </Position>
            <Position>
                <Height>8.309999</Height>
                <YOffset>-0.68</YOffset>
            </Position>
            <Position>
                <Height>8.32</Height>
                <YOffset>-0.68</YOffset>
            </Position>
            <Position>
                <Height>8.37</Height>
                <YOffset>-0.68</YOffset>
            </Position>
            <Position>
                <Height>8.46</Height>
                <YOffset>-0.68</YOffset>
            </Position>
            <Position>
                <Height>8.59</Height>
                <YOffset>-0.68</YOffset>
            </Position>
            <Position>
                <Height>8.75</Height>
                <YOffset>-0.68</YOffset>
            </Position>
            <Position>
                <Height>8.94</Height>
                <YOffset>-0.68</YOffset>
            </Position>
            <Position>
                <Height>9.15</Height>
                <YOffset>-0.68</YOffset>
            </Position>
            <Position>
                <Height>9.4</Height>
                <YOffset>-0.68</YOffset>
            </Position>
            <Position>
                <Height>9.78</Height>
                <YOffset>-0.68</YOffset>
            </Position>
            <Position>
                <Height>10.21</Height>
                <YOffset>-0.68</YOffset>
            </Position>
            <Position>
                <Height>10.67</Height>
                <YOffset>-0.68</YOffset>
            </Position>
            <Position>
                <Height>11.15</Height>
                <YOffset>-0.68</YOffset>
            </Position>
            <Position>
                <Height>11.6399994</Height>
                <YOffset>-0.68</YOffset>
            </Position>
            <Position>
                <Height>12.1399994</Height>
                <YOffset>-0.68</YOffset>
            </Position>
            <Position>
                <Height>12.6399994</Height>
                <YOffset>-0.68</YOffset>
            </Position>
            <Position>
                <Height>13.1399994</Height>
                <YOffset>-0.68</YOffset>
            </Position>
            <Position>
                <Height>13.73</Height>
                <YOffset>-0.77</YOffset>
            </Position>
            <Position>
                <Height>14.2699995</Height>
                <YOffset>-0.849999964</YOffset>
            </Position>
            <Position>
                <Height>14.78</Height>
                <YOffset>-0.909999967</YOffset>
            </Position>
            <Position>
                <Height>15.23</Height>
                <YOffset>-0.94</YOffset>
            </Position>
            <Position>
                <Height>15.63</Height>
                <YOffset>-0.94</YOffset>
            </Position>
            <Position>
                <Height>15.9699993</Height>
                <YOffset>-0.919999957</YOffset>
            </Position>
            <Position>
                <Height>16.24</Height>
                <YOffset>-0.87</YOffset>
            </Position>
            <Position>
                <Height>16.4499989</Height>
                <YOffset>-0.799999952</YOffset>
            </Position>
            <Position>
                <Height>16.6099987</Height>
                <YOffset>-0.71</YOffset>
            </Position>
            <Position>
                <Height>16.6999989</Height>
                <YOffset>-0.599999964</YOffset>
            </Position>
        </Positions>
        <ThrowSource />
        <SelfDamage />
        <Attacks>
            <Attack>
                <Start>5</Start>
                <End>15</End>
                <Bones>LeftWrist LeftFist RightWrist RightFist</Bones>
                <Flags>HalfDamage</Flags>
                <Knockback>8</Knockback>
                <HitPoints>20</HitPoints>
                <HitType>KnockdownBody</HitType>
                <HitLength>10</HitLength>
                <StunLength>10</StunLength>
                <StaggerLength>0</StaggerLength>
                <Extents>
                    <Extent>
                        <Angle>343.014862</Angle>
                        <Length>7.50999975</Length>
                        <MinY>9.29</MinY>
                        <MaxY>11.74</MaxY>
                    </Extent>
                    <Extent>
                        <Angle>347.761047</Angle>
                        <Length>7.85</Length>
                        <MinY>10.12</MinY>
                        <MaxY>13.04</MaxY>
                    </Extent>
                    <Extent>
                        <Angle>355.0451</Angle>
                        <Length>8.05</Length>
                        <MinY>10.46</MinY>
                        <MaxY>14.62</MaxY>
                    </Extent>
                    <Extent>
                        <Angle>357.91806</Angle>
                        <Length>7.97</Length>
                        <MinY>10.95</MinY>
                        <MaxY>16.539999</MaxY>
                    </Extent>
                    <Extent>
                        <Angle>10.7338066</Angle>
                        <Length>7.27</Length>
                        <MinY>11.62</MinY>
                        <MaxY>19.1899986</MaxY>
                    </Extent>
                    <Extent>
                        <Angle>27.3014412</Angle>
                        <Length>5.56</Length>
                        <MinY>12.48</MinY>
                        <MaxY>21.59</MaxY>
                    </Extent>
                    <Extent>
                        <Angle>41.7322044</Angle>
                        <Length>3.23</Length>
                        <MinY>13.42</MinY>
                        <MaxY>23.42</MaxY>
                    </Extent>
                    <Extent>
                        <Angle>47.0661469</Angle>
                        <Length>1.83999991</Length>
                        <MinY>14.38</MinY>
                        <MaxY>24.56</MaxY>
                    </Extent>
                    <Extent>
                        <Angle>69.79172</Angle>
                        <Length>0.82</Length>
                        <MinY>15.3499994</MinY>
                        <MaxY>25.34</MaxY>
                    </Extent>
                    <Extent>
                        <Angle>91.55047</Angle>
                        <Length>0</Length>
                        <MinY>16.22</MinY>
                        <MaxY>25.8599987</MaxY>
                    </Extent>
                    <Extent>
                        <Angle>93.2643661</Angle>
                        <Length>0</Length>
                        <MinY>17.13</MinY>
                        <MaxY>26.4006748</MaxY>
                    </Extent>
                </Extents>
            </Attack>
            <Attack>
                <Start>36</Start>
                <End>48</End>
                <Bones>LeftWrist LeftFist RightWrist RightFist</Bones>
                <Flags>HalfDamage</Flags>
                <Knockback>8</Knockback>
                <HitPoints>20</HitPoints>
                <HitType>KnockdownBody</HitType>
                <HitLength>10</HitLength>
                <StunLength>10</StunLength>
                <StaggerLength>0</StaggerLength>
                <Extents>
                    <Extent>
                        <Angle>330.2211</Angle>
                        <Length>5.06999969</Length>
                        <MinY>16.26</MinY>
                        <MaxY>20.55</MaxY>
                    </Extent>
                    <Extent>
                        <Angle>341.509735</Angle>
                        <Length>7.24</Length>
                        <MinY>15.24</MinY>
                        <MaxY>20.09</MaxY>
                    </Extent>
                    <Extent>
                        <Angle>342.0316</Angle>
                        <Length>7.85999966</Length>
                        <MinY>12.91</MinY>
                        <MaxY>20.99</MaxY>
                    </Extent>
                    <Extent>
                        <Angle>344.673828</Angle>
                        <Length>7.58999968</Length>
                        <MinY>10.29</MinY>
                        <MaxY>21.14</MaxY>
                    </Extent>
                    <Extent>
                        <Angle>344.0641</Angle>
                        <Length>6.64999962</Length>
                        <MinY>8.13</MinY>
                        <MaxY>20.76</MaxY>
                    </Extent>
                    <Extent>
                        <Angle>339.878235</Angle>
                        <Length>5.48</Length>
                        <MinY>6.7</MinY>
                        <MaxY>20.01</MaxY>
                    </Extent>
                    <Extent>
                        <Angle>3.059739</Angle>
                        <Length>5.02999973</Length>
                        <MinY>5.85</MinY>
                        <MaxY>19.05</MaxY>
                    </Extent>
                    <Extent>
                        <Angle>6.27878237</Angle>
                        <Length>6.31999969</Length>
                        <MinY>5.21</MinY>
                        <MaxY>17.82</MaxY>
                    </Extent>
                    <Extent>
                        <Angle>4.97138929</Angle>
                        <Length>7.81999969</Length>
                        <MinY>4.56999969</MinY>
                        <MaxY>16.08</MaxY>
                    </Extent>
                    <Extent>
                        <Angle>9.530785</Angle>
                        <Length>9.38</Length>
                        <MinY>3.98</MinY>
                        <MaxY>13.04</MaxY>
                    </Extent>
                    <Extent>
                        <Angle>8.256351</Angle>
                        <Length>10.19</Length>
                        <MinY>3.42999983</MinY>
                        <MaxY>9.809999</MaxY>
                    </Extent>
                    <Extent>
                        <Angle>9.777981</Angle>
                        <Length>10.1399994</Length>
                        <MinY>2.91999984</MinY>
                        <MaxY>6.85</MaxY>
                    </Extent>
                    <Extent>
                        <Angle>3.68047619</Angle>
                        <Length>9.61</Length>
                        <MinY>2.42052412</MinY>
                        <MaxY>6.23</MaxY>
                    </Extent>
                </Extents>
            </Attack>
        </Attacks>
        <AttackRing>
            <Length>25.9411869</Length>
            <Length>25.9411869</Length>
            <Length>25.9411869</Length>
            <Length>25.9411869</Length>
            <Length>9.118314</Length>
            <Length>8.295429</Length>
            <Length>6.63957739</Length>
            <Length>5.60477448</Length>
            <Length>4.88421059</Length>
            <Length>4.22557</Length>
            <Length>4.13933563</Length>
            <Length>3.67074919</Length>
            <Length>3.4882865</Length>
            <Length>3.4882865</Length>
            <Length>3.09068274</Length>
            <Length>3.143262</Length>
            <Length>3.143262</Length>
            <Length>3.143262</Length>
            <Length>3.71633</Length>
            <Length>3.71633</Length>
            <Length>3.71633</Length>
            <Length>4.71405745</Length>
            <Length>4.71405745</Length>
            <Length>5.358852</Length>
            <Length>5.98461151</Length>
            <Length>7.112011</Length>
            <Length>7.112011</Length>
            <Length>7.112011</Length>
            <Length>7.112011</Length>
            <Length>7.112011</Length>
            <Length>7.112011</Length>
            <Length>9.30662251</Length>
            <Length>19.7728653</Length>
            <Length>25.6228313</Length>
            <Length>25.9411869</Length>
            <Length>25.9411869</Length>
        </AttackRing>
    </Animation>
</Oni>