﻿<?xml version="1.0" encoding="utf-8"?>
<Oni>
    <Animation>
        <Lookup>
            <Type>Kick3</Type>
            <AimingType>Kick3</AimingType>
            <FromState>Standing</FromState>
            <ToState>Standing</ToState>
            <Varient>Combat</Varient>
            <FirstLevel>3</FirstLevel>
            <Shortcuts />
        </Lookup>
        <Flags>Attack Atomic DontAim</Flags>
        <Atomic>
            <Start>0</Start>
            <End>65535</End>
        </Atomic>
        <Invulnerable>
            <Start>0</Start>
            <End>0</End>
        </Invulnerable>
        <Overlay>
            <UsedBones />
            <ReplacedBones />
        </Overlay>
        <DirectAnimations>
            <Link />
            <Link />
        </DirectAnimations>
        <Pause>
            <Hard>0</Hard>
            <Soft>1</Soft>
        </Pause>
        <Interpolation>
            <End>0</End>
            <Max>65535</Max>
        </Interpolation>
        <FinalRotation>0</FinalRotation>
        <Direction>Forward</Direction>
        <Vocalization>65535</Vocalization>
        <ActionFrame>65535</ActionFrame>
        <Impact />
        <Particles>
            <Particle>
                <Start>15</Start>
                <End>20</End>
                <Bone>LeftFoot</Bone>
                <Name>dust</Name>
            </Particle>
        </Particles>
        <MotionBlur />
        <Footsteps />
        <Sounds />
        <Heights>
            <Height>8.831157</Height>
            <Height>8.724571</Height>
            <Height>8.466686</Height>
            <Height>8.193251</Height>
            <Height>8.040011</Height>
            <Height>8.012306</Height>
            <Height>8.022148</Height>
            <Height>8.065299</Height>
            <Height>8.137524</Height>
            <Height>8.234584</Height>
            <Height>8.352243</Height>
            <Height>8.501754</Height>
            <Height>8.689484</Height>
            <Height>8.903875</Height>
            <Height>9.133363</Height>
            <Height>9.366385</Height>
            <Height>9.591379</Height>
            <Height>9.796787</Height>
            <Height>9.971045</Height>
            <Height>10.10259</Height>
            <Height>10.1798611</Height>
            <Height>10.1912975</Height>
            <Height>10.1476421</Height>
            <Height>10.0700226</Height>
            <Height>9.962462</Height>
            <Height>9.828978</Height>
            <Height>9.67359</Height>
            <Height>9.500317</Height>
            <Height>9.313178</Height>
            <Height>9.116195</Height>
            <Height>8.913383</Height>
            <Height>8.708765</Height>
            <Height>8.506359</Height>
            <Height>8.310184</Height>
            <Height>8.124259</Height>
            <Height>7.952604</Height>
            <Height>7.799238</Height>
            <Height>7.668181</Height>
            <Height>7.565999</Height>
            <Height>7.494177</Height>
            <Height>7.449111</Height>
            <Height>7.427199</Height>
            <Height>7.424836</Height>
            <Height>7.438419</Height>
            <Height>7.464344</Height>
            <Height>7.541187</Height>
            <Height>7.683672</Height>
            <Height>7.852413</Height>
        </Heights>
        <Velocities>
            <Velocity>0.367572 0.700372</Velocity>
            <Velocity>0.205484986 0.755719</Velocity>
            <Velocity>-0.139129981 0.617092967</Velocity>
            <Velocity>-0.301624 0.277591</Velocity>
            <Velocity>-0.226143 -0.01165998</Velocity>
            <Velocity>-0.0006569922 -0.146137953</Velocity>
            <Velocity>0.213523 -0.02787304</Velocity>
            <Velocity>0.225324 0.191612</Velocity>
            <Velocity>0.10645099 0.1103549</Velocity>
            <Velocity>-0.07702999 -0.116741896</Velocity>
            <Velocity>-0.0620210022 -0.191001058</Velocity>
            <Velocity>0.0582519919 -0.114959</Velocity>
            <Velocity>0.044449 0.2113291</Velocity>
            <Velocity>0.0528510064 0.803187847</Velocity>
            <Velocity>0.05212401 1.209615</Velocity>
            <Velocity>0.034953 1.0753119</Velocity>
            <Velocity>0.0170570016 0.8706703</Velocity>
            <Velocity>0.009110987 0.890166759</Velocity>
            <Velocity>0.00147598982 0.8098402</Velocity>
            <Velocity>-0.006265998 0.630435944</Velocity>
            <Velocity>-0.021532 0.3531561</Velocity>
            <Velocity>-0.135833 0.072520256</Velocity>
            <Velocity>-0.110415995 -0.124575615</Velocity>
            <Velocity>-0.073192 -0.155106544</Velocity>
            <Velocity>-0.058165 -0.164384842</Velocity>
            <Velocity>-0.046912998 -0.16954422</Velocity>
            <Velocity>-0.0345890075 -0.170001984</Velocity>
            <Velocity>-0.0195419937 -0.168125153</Velocity>
            <Velocity>-0.0025960058 -0.163670063</Velocity>
            <Velocity>0.0146390051 -0.15638876</Velocity>
            <Velocity>0.030249998 -0.146008015</Velocity>
            <Velocity>0.0421430022 -0.133202076</Velocity>
            <Velocity>0.0486269966 -0.119258881</Velocity>
            <Velocity>0.048824 -0.105986118</Velocity>
            <Velocity>0.028913 -0.108231068</Velocity>
            <Velocity>0.0132680014 -0.12306881</Velocity>
            <Velocity>0.0229679942 -0.127132416</Velocity>
            <Velocity>0.0437220037 -0.108902931</Velocity>
            <Velocity>0.0550339967 -0.0662488937</Velocity>
            <Velocity>0.0464729965 -0.0286407471</Velocity>
            <Velocity>0.0318800062 -0.01122427</Velocity>
            <Velocity>0.0151050091 0.000466823578</Velocity>
            <Velocity>-0.000455021858 0.008759022</Velocity>
            <Velocity>-0.014343977 0.0112872124</Velocity>
            <Velocity>-0.0398900062 -0.004723072</Velocity>
            <Velocity>-0.065221 -0.0252718925</Velocity>
            <Velocity>-0.0729600042 -0.027244091</Velocity>
            <Velocity>-0.061370004 -0.0182237625</Velocity>
        </Velocities>
        <Rotations>
            <Bone>
                <EKey>1 74.55436 64.6390457 -5.097734</EKey>
                <EKey>1 33.8054466 56.47059 36.7608147</EKey>
                <EKey>1 11.261158 34.7997246 67.34173</EKey>
                <EKey>1 5.51522064 7.827878 85.59579</EKey>
                <EKey>2 6.92698574 -16.40833 97.20302</EKey>
                <EKey>2 19.742733 -58.4097061 115.962463</EKey>
                <EKey>1 129.4374 -74.05997 -131.6347</EKey>
                <EKey>1 151.097275 -59.84344 -107.623711</EKey>
                <EKey>1 153.459366 -46.6651421 -101.279015</EKey>
                <EKey>1 148.6473 -36.3378334 -99.55962</EKey>
                <EKey>2 139.95697 -28.6088352 -99.29595</EKey>
                <EKey>1 119.274895 -18.8033867 -99.41131</EKey>
                <EKey>1 110.628517 -15.727169 -99.02678</EKey>
                <EKey>2 105.338524 -13.3540859 -97.86771</EKey>
                <EKey>3 100.938431 -12.189517 -95.96155</EKey>
                <EKey>2 99.72442 -15.897459 -95.89563</EKey>
                <EKey>1 101.493248 -16.479744 -94.57725</EKey>
                <EKey>2 102.8336 -14.7768364 -92.78645</EKey>
                <EKey>4 105.322044 -5.872282 -86.65049</EKey>
                <EKey>11 106.805222 20.16022 -71.2694</EKey>
                <EKey>3 -0.889906168 54.7182426 71.187</EKey>
                <EKey>1 -12.4202337 36.41474 91.056076</EKey>
                <EKey>2 -13.2826738 33.11879 93.47311</EKey>
                <EKey>1 -12.6234837 35.3215828 91.81415</EKey>
            </Bone>
            <Bone>
                <EKey>1 -137.9025 -27.46624 -147.153122</EKey>
                <EKey>1 -146.949875 -18.7869072 -154.788742</EKey>
                <EKey>1 -151.190659 -12.4367132 -152.432129</EKey>
                <EKey>1 -157.711151 -7.27855349 -147.543152</EKey>
                <EKey>1 -178.574509 -4.389105 -140.0998</EKey>
                <EKey>1 178.316315 -2.548867 -138.929733</EKey>
                <EKey>2 178.6569 -1.25795376 -138.929733</EKey>
                <EKey>1 177.409927 -2.9114213 -137.281754</EKey>
                <EKey>1 175.904785 -2.66422534 -138.512253</EKey>
                <EKey>1 173.229568 -7.020371 -137.1664</EKey>
                <EKey>1 171.032272 -14.4362555 -137.441055</EKey>
                <EKey>1 171.1751 -26.5928135 -137.375137</EKey>
                <EKey>1 173.053787 -40.2929726 -137.3202</EKey>
                <EKey>1 179.195236 -53.5426865 -134.370331</EKey>
                <EKey>1 -170.329132 -64.4632645 -127.443352</EKey>
                <EKey>1 -152.932022 -70.50584 -114.10025</EKey>
                <EKey>2 -138.59465 -73.3568344 -103.70153</EKey>
                <EKey>2 -121.076675 -74.851 -91.02312</EKey>
                <EKey>3 -117.143509 -74.57633 -87.97986</EKey>
                <EKey>2 -114.3859 -74.158844 -80.66834</EKey>
                <EKey>2 -113.743187 -74.7576141 -81.60769</EKey>
                <EKey>5 -129.019913 -75.51568 -101.515221</EKey>
                <EKey>2 -159.221786 -50.4280167 -146.29068</EKey>
                <EKey>3 -161.073013 -37.3870468 -149.669037</EKey>
                <EKey>1 -165.061111 -15.7381554 -145.774323</EKey>
                <EKey>2 -166.478363 -11.1567869 -143.769287</EKey>
                <EKey>3 -167.719849 -6.921492 -137.962921</EKey>
                <EKey>1 -167.604492 -3.91668582 -128.723282</EKey>
                <EKey>2 -166.818954 -4.191348 -128.986954</EKey>
                <EKey>1 -165.028152 -4.68574047 -135.381088</EKey>
            </Bone>
            <Bone>
                <EKey>1 0 0 -62.9745941</EKey>
                <EKey>2 0 0 -64.1062</EKey>
                <EKey>1 0 0 -71.90662</EKey>
                <EKey>4 0 0 -77.49874</EKey>
                <EKey>3 0 0 -75.19707</EKey>
                <EKey>3 0 0 -67.38018</EKey>
                <EKey>2 0 0 -60.4422073</EKey>
                <EKey>4 0 0 -49.6644554</EKey>
                <EKey>1 0 0 -22.0498962</EKey>
                <EKey>1 0 0 -19.193409</EKey>
                <EKey>2 0 0 -20.6930656</EKey>
                <EKey>4 0 0 -30.85008</EKey>
                <EKey>5 0 0 -60.1840248</EKey>
                <EKey>2 0 0 -78.19089</EKey>
                <EKey>3 0 0 -81.24513</EKey>
                <EKey>3 0 0 -77.83383</EKey>
                <EKey>3 0 0 -70.17624</EKey>
                <EKey>2 0 0 -66.60563</EKey>
                <EKey>1 0 0 -59.6566734</EKey>
                <EKey>1 0 0 -54.5534439</EKey>
            </Bone>
            <Bone>
                <EKey>1 -9.45937252 -2.0050354 30.17441</EKey>
                <EKey>1 -0.455939561 4.114443 24.0439453</EKey>
                <EKey>1 -8.272831 -3.658503 25.8841839</EKey>
                <EKey>1 -17.9629211 -13.1563292 28.95491</EKey>
                <EKey>2 -21.6049442 -16.7928581 31.1302357</EKey>
                <EKey>2 -26.4444962 -9.47036 37.2497139</EKey>
                <EKey>1 -25.8512249 -6.619364 33.063858</EKey>
                <EKey>1 -23.4891281 -0.867933154 29.7239647</EKey>
                <EKey>1 -9.140764 11.0084686 22.7200737</EKey>
                <EKey>1 7.41588449 18.3804073 17.1938667</EKey>
                <EKey>1 2.34561682 12.7608147 17.1444263</EKey>
                <EKey>2 0.291142136 8.585946 16.4028378</EKey>
                <EKey>2 3.00480652 3.614557 12.6124973</EKey>
                <EKey>3 5.81185627 -0.889906168 6.075532</EKey>
                <EKey>1 6.701762 -5.28999758 -5.42183542</EKey>
                <EKey>2 6.932479 -6.34470129 -7.27306032</EKey>
                <EKey>2 6.5204854 -7.75097275 -4.64179468</EKey>
                <EKey>2 3.40581369 -9.393454 1.96108949</EKey>
                <EKey>1 -4.69123363 -10.574502 10.9040966</EKey>
                <EKey>3 -10.1405354 -12.5191116 14.6065464</EKey>
                <EKey>2 -4.40009165 -13.2332344 32.2179</EKey>
                <EKey>1 -0.472419322 -10.4591436 41.46853</EKey>
                <EKey>1 0.302128643 -8.580453 43.4790573</EKey>
                <EKey>2 -0.3076219 -6.536965 42.3089943</EKey>
                <EKey>1 -3.834287 -2.702678 32.1629677</EKey>
                <EKey>2 -5.21858549 -1.62050807 26.2247658</EKey>
                <EKey>3 -5.333944 -3.62005043 10.8271914</EKey>
                <EKey>1 -5.36690331 -10.2174406 -5.23506546</EKey>
                <EKey>1 -6.42160654 -12.5246048 -9.82742</EKey>
                <EKey>2 -8.833142 -14.5021744 -10.9645224</EKey>
                <EKey>1 -5.83932257 -12.7882814 -14.7054243</EKey>
            </Bone>
            <Bone>
                <EKey>1 134.771347 25.9501038 -152.882584</EKey>
                <EKey>2 136.24353 23.93408 -140.374451</EKey>
                <EKey>1 153.618683 19.07805 -107.107346</EKey>
                <EKey>1 158.661484 22.8519115 -97.22499</EKey>
                <EKey>1 156.639969 31.06981 -94.835434</EKey>
                <EKey>1 150.9215 42.3474464 -95.79126</EKey>
                <EKey>1 143.6759 54.13596 -97.230484</EKey>
                <EKey>1 136.814835 63.6502647 -97.03273</EKey>
                <EKey>1 133.705658 67.96796 -94.98375</EKey>
                <EKey>1 137.732208 63.4689865 -88.89174</EKey>
                <EKey>1 148.284729 52.51545 -81.0583649</EKey>
                <EKey>1 161.259781 40.87526 -76.6472855</EKey>
                <EKey>1 171.290451 32.5859451 -81.42092</EKey>
                <EKey>1 176.322266 26.58732 -111.436028</EKey>
                <EKey>1 175.415878 21.9839783 -155.261154</EKey>
                <EKey>1 173.311966 20.8303967 177.783478</EKey>
                <EKey>1 172.812088 20.1382465 171.186081</EKey>
                <EKey>2 172.812088 19.73724 167.412216</EKey>
                <EKey>4 173.740448 19.5230026 166.2037</EKey>
                <EKey>2 174.4216 20.5117874 174.504013</EKey>
                <EKey>6 171.131149 20.8908215 176.761734</EKey>
                <EKey>2 149.05928 20.566721 -171.878235</EKey>
                <EKey>3 147.7409 20.6106663 -169.9556</EKey>
                <EKey>4 153.3495 21.8796062 -169.9501</EKey>
                <EKey>2 163.984436 24.17029 -168.9778</EKey>
                <EKey>1 163.836121 26.3566036 -150.778671</EKey>
                <EKey>1 163.23735 26.6807041 -142.934311</EKey>
                <EKey>1 162.473785 26.0544739 -139.286789</EKey>
                <EKey>1 161.7432 24.7855339 -141.017166</EKey>
                <EKey>1 161.034561 23.56054 -144.933853</EKey>
            </Bone>
            <Bone>
                <EKey>3 0 0 -77.29</EKey>
                <EKey>1 0 0 -114.907761</EKey>
                <EKey>2 0 0 -123.543144</EKey>
                <EKey>4 0 0 -132.557571</EKey>
                <EKey>1 0 0 -139.182419</EKey>
                <EKey>1 0 0 -142.302582</EKey>
                <EKey>1 0 0 -140.758987</EKey>
                <EKey>1 0 0 -129.398941</EKey>
                <EKey>1 0 0 -92.73701</EKey>
                <EKey>1 0 0 -41.6772728</EKey>
                <EKey>1 0 0 -10.6129551</EKey>
                <EKey>1 0 0 -2.57633328</EKey>
                <EKey>1 0 0 2.55985355</EKey>
                <EKey>2 0 0 5.119707</EKey>
                <EKey>2 0 0 3.92767215</EKey>
                <EKey>2 0 0 -3.40581369</EKey>
                <EKey>1 0 0 -14.112154</EKey>
                <EKey>1 0 0 -22.0608826</EKey>
                <EKey>4 0 0 -33.5967026</EKey>
                <EKey>1 0 0 -90.6276</EKey>
                <EKey>1 0 0 -101.3724</EKey>
                <EKey>1 0 0 -108.21698</EKey>
                <EKey>1 0 0 -110.925156</EKey>
                <EKey>2 0 0 -110.573586</EKey>
                <EKey>3 0 0 -103.679558</EKey>
                <EKey>1 0 0 -88.9192047</EKey>
                <EKey>3 0 0 -85.78256</EKey>
                <EKey>2 0 0 -91.07805</EKey>
                <EKey>1 0 0 -87.82605</EKey>
                <EKey>1 0 0 -84.27192</EKey>
            </Bone>
            <Bone>
                <EKey>1 -4.054017 12.5575647 6.075532</EKey>
                <EKey>1 -8.745251 8.432136 -0.7635614</EKey>
                <EKey>1 -13.8319979 9.40444 -7.113756</EKey>
                <EKey>1 -18.611124 14.5735865 -9.365988</EKey>
                <EKey>1 -21.8246746 17.6003666 -7.74547958</EKey>
                <EKey>1 -22.0004578 15.3316545 -3.91668582</EKey>
                <EKey>1 -19.1494617 11.4918747 2.41702914</EKey>
                <EKey>1 -13.96933 9.701076 10.1680021</EKey>
                <EKey>1 -8.388189 11.0414286 16.787365</EKey>
                <EKey>1 -4.125429 13.0080109 19.8580914</EKey>
                <EKey>1 -1.351339 11.4753952 18.336462</EKey>
                <EKey>1 0.648203254 8.52552 13.4145117</EKey>
                <EKey>1 2.57084012 8.130007 7.30052662</EKey>
                <EKey>1 5.037308 9.701076 2.94438076</EKey>
                <EKey>2 8.415656 11.8214693 1.66994739</EKey>
                <EKey>4 7.14122248 15.8754864 2.62027931</EKey>
                <EKey>3 7.075303 13.70016 1.70840013</EKey>
                <EKey>2 7.71252 12.9860382 0.752575</EKey>
                <EKey>1 5.55367374 16.4852371 -0.192263678</EKey>
                <EKey>1 2.23575187 20.2151527 -0.950331867</EKey>
                <EKey>1 -3.40032053 24.5767918 -2.0325017</EKey>
                <EKey>1 -10.3547726 27.6694889 -3.499199</EKey>
                <EKey>1 -16.8148327 28.531929 -5.78439</EKey>
                <EKey>1 -21.1215382 27.40032 -8.904554</EKey>
                <EKey>1 -22.8189526 25.18654 -11.9862671</EKey>
                <EKey>1 -22.555275 22.8409252 -13.7605858</EKey>
                <EKey>1 -21.44564 20.9622345 -13.2057676</EKey>
                <EKey>2 -19.9020367 19.67132 -10.0526438</EKey>
                <EKey>3 -15.0295258 18.3913937 1.6644541</EKey>
                <EKey>2 -1.9116503 17.9519348 23.0771351</EKey>
                <EKey>3 8.305791 16.9027233 34.33829</EKey>
                <EKey>1 2.13138 5.72945738 34.50309</EKey>
                <EKey>2 1.19203484 3.07072568 33.9153137</EKey>
                <EKey>1 3.05424571 1.5655756 31.8883038</EKey>
            </Bone>
            <Bone>
                <EKey>1 -12.2554359 -3.46623945 10.4151983</EKey>
                <EKey>2 -19.2208748 1.09315634 8.487068</EKey>
                <EKey>1 -27.9606323 14.61204 6.185397</EKey>
                <EKey>1 -30.833601 20.4348812 5.916228</EKey>
                <EKey>1 -33.3659859 22.934309 5.80087</EKey>
                <EKey>2 -35.6951256 19.4900436 5.498741</EKey>
                <EKey>1 -36.980545 2.55985355 3.94964528</EKey>
                <EKey>1 -34.48661 -2.94987416 3.5980773</EKey>
                <EKey>1 -22.4673843 1.09315634 4.21881437</EKey>
                <EKey>2 -9.267109 7.849851 3.65301</EKey>
                <EKey>2 1.21400774 12.6839094 2.40604258</EKey>
                <EKey>3 7.849851 15.6337833 1.18654156</EKey>
                <EKey>6 12.7003889 16.01831 -0.08239872</EKey>
                <EKey>5 14.52964 12.0576792 -0.6921492</EKey>
                <EKey>5 11.5138474 12.7223625 1.03822386</EKey>
                <EKey>2 3.79034114 12.9475851 5.740444</EKey>
                <EKey>2 -3.42778659 9.036393 10.849165</EKey>
                <EKey>2 -11.1183338 2.75761032 15.9359121</EKey>
                <EKey>4 -13.1013966 -0.6097505 16.721447</EKey>
                <EKey>3 -10.1844816 -3.1586175 13.5298691</EKey>
                <EKey>1 -6.67978954 -4.46601057 10.2284279</EKey>
            </Bone>
            <Bone>
                <EKey>2 -2.16433978 8.009155 6.624857</EKey>
                <EKey>3 -5.88876152 10.09659 6.493019</EKey>
                <EKey>3 -15.47448 8.190433 6.19089031</EKey>
                <EKey>2 -23.3243313 -1.0052644 5.048295</EKey>
                <EKey>1 -25.7029076 -8.256351 4.339666</EKey>
                <EKey>2 -23.6319523 -10.3602657 4.64179468</EKey>
                <EKey>2 -13.1673155 -7.267567 5.68001842</EKey>
                <EKey>2 -2.19729924 -2.64225221 5.916228</EKey>
                <EKey>5 3.05424571 -0.670176268 5.78439</EKey>
                <EKey>5 6.56992435 -0.4614328 5.78439</EKey>
                <EKey>6 7.42137766 2.279698 5.734951</EKey>
                <EKey>2 6.7676816 10.0086975 5.7953763</EKey>
                <EKey>3 5.92721462 10.6953535 7.685054</EKey>
                <EKey>4 3.44975972 7.597162 14.249485</EKey>
                <EKey>5 2.927901 2.927901 13.3540859</EKey>
                <EKey>1 3.04875255 -3.147631 7.32799244</EKey>
            </Bone>
            <Bone>
                <EKey>47 0 -0.0109864958 19.9954224</EKey>
                <EKey>1 0 -0.0109864958 19.9954224</EKey>
            </Bone>
            <Bone>
                <EKey>1 19.07805 2.94438076 8.35523</EKey>
                <EKey>1 22.1707478 -8.536508 5.66353846</EKey>
                <EKey>1 29.493248 -25.0711842 -3.24101615</EKey>
                <EKey>1 29.1636524 -36.085144 -9.766994</EKey>
                <EKey>1 15.2547493 -38.36484 -17.8036156</EKey>
                <EKey>1 -3.44975972 -32.9155426 -28.361639</EKey>
                <EKey>1 -16.8422985 -18.70451 -30.8390942</EKey>
                <EKey>1 -25.785305 -2.34012365 -22.32456</EKey>
                <EKey>1 -34.48661 9.267109 -7.03685045</EKey>
                <EKey>1 -41.5014877 15.2272835 7.443351</EKey>
                <EKey>1 -53.3339424 21.149004 17.3092232</EKey>
                <EKey>1 -64.38087 27.0981922 24.9997711</EKey>
                <EKey>1 -65.6717758 32.9924469 29.0867481</EKey>
                <EKey>2 -63.98535 39.4470139 29.839323</EKey>
                <EKey>1 -54.5369644 49.4282455 23.2803841</EKey>
                <EKey>2 -51.4387741 52.1474037 20.6106663</EKey>
                <EKey>4 -54.1963844 56.173954 22.3080788</EKey>
                <EKey>2 -71.6758957 58.75578 35.3435555</EKey>
                <EKey>2 -72.03845 57.1737251 34.94255</EKey>
                <EKey>3 -60.6894035 53.8942566 24.823988</EKey>
                <EKey>4 -41.1883736 41.7706566 7.81139851</EKey>
                <EKey>1 -21.1105518 17.7102318 -4.97688246</EKey>
                <EKey>1 -16.1666279 11.6786451 -6.921492</EKey>
                <EKey>3 -9.519798 5.99313354 -9.541772</EKey>
                <EKey>1 14.52964 -12.189517 -19.51751</EKey>
                <EKey>3 19.3966579 -17.4685287 -20.4843216</EKey>
                <EKey>3 28.4495316 -27.7134361 -17.2048531</EKey>
                <EKey>1 36.96956 -32.6024246 -10.6129551</EKey>
                <EKey>1 40.413826 -31.311512 -8.102541</EKey>
                <EKey>1 44.1876869 -27.3893337 -5.89974833</EKey>
            </Bone>
            <Bone>
                <EKey>3 48.26917 61.9308777 133.469437</EKey>
                <EKey>22 60.6948967 66.1771545 122.274208</EKey>
                <EKey>16 60.6948967 66.1771545 122.274208</EKey>
                <EKey>6 43.8361168 59.73907 137.336685</EKey>
                <EKey>1 41.06752 58.11856 139.709778</EKey>
            </Bone>
            <Bone>
                <EKey>1 5.268025 15.4799728 -35.6292076</EKey>
                <EKey>1 3.367361 28.9768829 -24.21973</EKey>
                <EKey>1 -5.542687 47.3957443 -3.1366446</EKey>
                <EKey>1 -15.9798584 60.5410843 14.8592358</EKey>
                <EKey>1 -16.2105751 69.30282 15.9194326</EKey>
                <EKey>1 -5.103227 74.86748 3.40032053</EKey>
                <EKey>1 12.8596935 72.14282 -15.8260469</EKey>
                <EKey>1 22.077364 62.4307632 -24.0549316</EKey>
                <EKey>1 29.0373077 50.55436 -27.6804752</EKey>
                <EKey>1 37.07393 39.5568771 -32.14649</EKey>
                <EKey>1 49.12062 25.18654 -46.3794937</EKey>
                <EKey>1 56.0256348 9.530785 -58.7832451</EKey>
                <EKey>1 52.8450432 1.65896082 -61.78256</EKey>
                <EKey>1 42.3089943 -1.087663 -61.2661934</EKey>
                <EKey>1 28.9274426 0.214236662 -58.9480438</EKey>
                <EKey>1 16.8422985 3.125658 -55.6301231</EKey>
                <EKey>2 9.723049 4.856031 -53.68002</EKey>
                <EKey>3 4.894484 4.427558 -53.6580467</EKey>
                <EKey>4 3.47173262 0.8459602 -54.27329</EKey>
                <EKey>3 6.46005964 -2.59830618 -55.18517</EKey>
                <EKey>4 12.4037533 -1.241474 -56.7507439</EKey>
                <EKey>2 22.9233227 2.53238726 -59.5468063</EKey>
                <EKey>1 24.5273514 5.482261 -59.41497</EKey>
                <EKey>2 22.0608826 7.404898 -57.47036</EKey>
                <EKey>1 8.195926 11.5193405 -48.7910271</EKey>
                <EKey>1 0.170290679 12.9530783 -44.5227737</EKey>
                <EKey>4 -5.88326836 14.17258 -41.84756</EKey>
                <EKey>4 -20.20966 19.913023 -38.12314</EKey>
                <EKey>1 -30.6028843 26.1258869 -35.8764038</EKey>
            </Bone>
            <Bone>
                <EKey>1 0 0 -43.02861</EKey>
                <EKey>1 0 0 -49.81277</EKey>
                <EKey>1 0 0 -61.6122665</EKey>
                <EKey>4 0 0 -70.16525</EKey>
                <EKey>3 0 0 -84.93111</EKey>
                <EKey>1 0 0 -89.53445</EKey>
                <EKey>1 0 0 -88.98512</EKey>
                <EKey>3 0 0 -85.3156357</EKey>
                <EKey>2 0 0 -60.7663078</EKey>
                <EKey>4 0 0 -50.779583</EKey>
                <EKey>2 0 0 -35.5742722</EKey>
                <EKey>2 0 0 -31.98169</EKey>
                <EKey>2 0 0 -33.5857162</EKey>
                <EKey>3 0 0 -42.7100029</EKey>
                <EKey>3 0 0 -66.50675</EKey>
                <EKey>2 0 0 -90.9681854</EKey>
                <EKey>1 0 0 -101.262535</EKey>
                <EKey>2 0 0 -103.174179</EKey>
                <EKey>2 0 0 -101.152664</EKey>
                <EKey>4 0 0 -93.874115</EKey>
                <EKey>3 0 0 -70.56077</EKey>
                <EKey>1 0 0 -52.3067055</EKey>
            </Bone>
            <Bone>
                <EKey>1 -85.908905 11.78851 -7.34996557</EKey>
                <EKey>1 -100.861526 19.7647057 3.74090171</EKey>
                <EKey>1 -135.743652 25.5765629 29.6525517</EKey>
                <EKey>1 -157.310135 21.6433964 44.6271477</EKey>
                <EKey>1 -159.924927 20.5832 44.912796</EKey>
                <EKey>2 -159.727173 20.37995 42.94072</EKey>
                <EKey>4 -153.250626 21.3522549 34.2284279</EKey>
                <EKey>4 -133.0959 20.8468761 11.0688944</EKey>
                <EKey>2 -114.0618 16.5621414 -12.326848</EKey>
                <EKey>4 -109.919891 14.6449986 -17.2487984</EKey>
                <EKey>4 -108.271919 13.7221336 -19.9789429</EKey>
                <EKey>5 -107.002975 13.27718 -18.0672932</EKey>
                <EKey>6 -100.411079 11.1183338 -10.1570158</EKey>
                <EKey>11 -92.46235 10.4151983 2.15884638</EKey>
                <EKey>1 -89.52346 13.7825594 19.0231171</EKey>
            </Bone>
            <Bone>
                <EKey>14 -54.3721657 -64.32044 128.025635</EKey>
                <EKey>33 -52.2188148 -63.551384 129.964752</EKey>
                <EKey>1 -40.8972321 -58.0196838 139.863586</EKey>
            </Bone>
            <Bone>
                <EKey>1 -8.151979 -35.7610435 -23.8681622</EKey>
                <EKey>1 -15.1229115 -25.52163 -29.10872</EKey>
                <EKey>1 -21.4071865 -12.2005033 -32.2288857</EKey>
                <EKey>1 -25.11513 -1.26894021 -33.5472641</EKey>
                <EKey>1 -26.713665 4.95491 -35.0908661</EKey>
                <EKey>1 -28.394598 7.03685045 -38.0132751</EKey>
                <EKey>1 -32.140995 3.17509723 -44.0393677</EKey>
                <EKey>1 -38.864727 -5.06477451 -52.910965</EKey>
                <EKey>1 -47.1979866 -14.12314 -62.2879372</EKey>
                <EKey>1 -53.66354 -22.1268024 -68.85237</EKey>
                <EKey>1 -47.901123 -34.03067 -62.98558</EKey>
                <EKey>1 -32.42115 -43.8690758 -46.73106</EKey>
                <EKey>1 -18.918745 -46.64317 -32.14649</EKey>
                <EKey>1 -9.47036 -41.2048531 -21.46212</EKey>
                <EKey>1 -6.932479 -31.02037 -14.9031811</EKey>
                <EKey>1 -3.64751649 -24.79652 -3.65301</EKey>
                <EKey>1 8.250858 -24.20325 19.87457</EKey>
                <EKey>1 23.6649113 -20.7095451 47.8242149</EKey>
                <EKey>2 31.27306 -16.0897236 64.1116943</EKey>
                <EKey>2 32.1355 -15.0130463 73.64797</EKey>
                <EKey>3 30.4875259 -16.9521637 78.70725</EKey>
                <EKey>3 25.7303734 -21.1380177 79.0643158</EKey>
                <EKey>2 19.0231171 -21.7752342 72.0769043</EKey>
                <EKey>2 13.93637 -20.4019222 63.1613655</EKey>
                <EKey>2 7.52025652 -18.62211 45.5390244</EKey>
                <EKey>2 0.6976425 -16.6280613 24.2307167</EKey>
                <EKey>2 -5.866789 -16.3534 -0.8459602</EKey>
                <EKey>1 -11.8709087 -15.106432 -27.7244225</EKey>
                <EKey>3 -14.34287 -14.0737009 -37.44747</EKey>
                <EKey>5 -21.00618 -12.0027466 -56.0531</EKey>
                <EKey>1 -30.07004 -10.9810028 -79.19066</EKey>
            </Bone>
            <Bone>
                <EKey>1 0 0 -58.17899</EKey>
                <EKey>1 0 0 -66.1277161</EKey>
                <EKey>1 0 0 -81.42092</EKey>
                <EKey>3 0 0 -91.20439</EKey>
                <EKey>6 0 0 -94.84093</EKey>
                <EKey>2 0 0 -91.089035</EKey>
                <EKey>1 0 0 -92.3689651</EKey>
                <EKey>3 0 0 -91.02861</EKey>
                <EKey>7 0 0 -73.1371</EKey>
                <EKey>3 0 0 -44.6161575</EKey>
                <EKey>1 0 0 -37.595787</EKey>
                <EKey>1 0 0 -36.83772</EKey>
                <EKey>2 0 0 -38.5626</EKey>
                <EKey>2 0 0 -50.1533546</EKey>
                <EKey>2 0 0 -63.93042</EKey>
                <EKey>7 0 0 -71.25292</EKey>
                <EKey>4 0 0 -85.39254</EKey>
                <EKey>1 0 0 -92.1217651</EKey>
            </Bone>
            <Bone>
                <EKey>1 95.4342 -2.29068446 18.6660557</EKey>
                <EKey>1 107.288628 -2.52140069 22.2970924</EKey>
                <EKey>1 130.019684 -0.818493962 28.6308079</EKey>
                <EKey>2 144.41748 1.52162969 32.03662</EKey>
                <EKey>3 149.279 2.53788042 34.0032043</EKey>
                <EKey>3 148.361633 2.42801547 36.3433266</EKey>
                <EKey>1 144.80751 1.59853518 33.5362778</EKey>
                <EKey>1 144.41748 1.52162969 30.61387</EKey>
                <EKey>1 144.499878 1.5655756 20.0778217</EKey>
                <EKey>1 144.609756 1.58754861 2.77409029</EKey>
                <EKey>1 144.527359 1.5655756 -10.45365</EKey>
                <EKey>4 144.219727 1.54909587 -15.0679789</EKey>
                <EKey>11 140.6656 1.33485925 -13.5793085</EKey>
                <EKey>9 126.498512 -1.50515 -1.20302129</EKey>
                <EKey>7 114.298012 -7.14671564 11.1018543</EKey>
                <EKey>1 107.41497 -12.4147406 19.6823063</EKey>
            </Bone>
        </Rotations>
        <PositionOffset>
            <X>0</X>
            <Z>0</Z>
        </PositionOffset>
        <Positions>
            <Position>
                <Height>17.18</Height>
                <YOffset>-0.399999976</YOffset>
            </Position>
            <Position>
                <Height>17.23</Height>
                <YOffset>-0.34</YOffset>
            </Position>
            <Position>
                <Height>17.16</Height>
                <YOffset>-0.429999977</YOffset>
            </Position>
            <Position>
                <Height>16.8699989</Height>
                <YOffset>-0.52</YOffset>
            </Position>
            <Position>
                <Height>16.52</Height>
                <YOffset>-0.459999979</YOffset>
            </Position>
            <Position>
                <Height>16.47</Height>
                <YOffset>-0.459999979</YOffset>
            </Position>
            <Position>
                <Height>16.6</Height>
                <YOffset>-0.459999979</YOffset>
            </Position>
            <Position>
                <Height>16.74</Height>
                <YOffset>-0.459999979</YOffset>
            </Position>
            <Position>
                <Height>16.77</Height>
                <YOffset>-0.45</YOffset>
            </Position>
            <Position>
                <Height>16.73</Height>
                <YOffset>-0.45</YOffset>
            </Position>
            <Position>
                <Height>16.7799988</Height>
                <YOffset>-0.52</YOffset>
            </Position>
            <Position>
                <Height>16.75</Height>
                <YOffset>-0.52</YOffset>
            </Position>
            <Position>
                <Height>16.6</Height>
                <YOffset>-0.55</YOffset>
            </Position>
            <Position>
                <Height>16.3</Height>
                <YOffset>-0.56</YOffset>
            </Position>
            <Position>
                <Height>15.91</Height>
                <YOffset>-0.56</YOffset>
            </Position>
            <Position>
                <Height>15.53</Height>
                <YOffset>-0.56</YOffset>
            </Position>
            <Position>
                <Height>15.53</Height>
                <YOffset>-0.539999962</YOffset>
            </Position>
            <Position>
                <Height>15.83</Height>
                <YOffset>-0.52</YOffset>
            </Position>
            <Position>
                <Height>16.039999</Height>
                <YOffset>-0.5</YOffset>
            </Position>
            <Position>
                <Height>16.1</Height>
                <YOffset>-0.48</YOffset>
            </Position>
            <Position>
                <Height>16.1</Height>
                <YOffset>-0.459999979</YOffset>
            </Position>
            <Position>
                <Height>16.06</Height>
                <YOffset>-0.459999979</YOffset>
            </Position>
            <Position>
                <Height>15.99</Height>
                <YOffset>-0.459999979</YOffset>
            </Position>
            <Position>
                <Height>15.9</Height>
                <YOffset>-0.459999979</YOffset>
            </Position>
            <Position>
                <Height>15.78</Height>
                <YOffset>-0.459999979</YOffset>
            </Position>
            <Position>
                <Height>15.5999994</Height>
                <YOffset>-0.459999979</YOffset>
            </Position>
            <Position>
                <Height>15.37</Height>
                <YOffset>-0.459999979</YOffset>
            </Position>
            <Position>
                <Height>15.0999994</Height>
                <YOffset>-0.459999979</YOffset>
            </Position>
            <Position>
                <Height>15.13</Height>
                <YOffset>-0.459999979</YOffset>
            </Position>
            <Position>
                <Height>15.33</Height>
                <YOffset>-0.53</YOffset>
            </Position>
            <Position>
                <Height>15.5</Height>
                <YOffset>-0.55</YOffset>
            </Position>
            <Position>
                <Height>15.63</Height>
                <YOffset>-0.53</YOffset>
            </Position>
            <Position>
                <Height>15.74</Height>
                <YOffset>-0.48999998</YOffset>
            </Position>
            <Position>
                <Height>15.8399992</Height>
                <YOffset>-0.459999979</YOffset>
            </Position>
            <Position>
                <Height>15.94</Height>
                <YOffset>-0.44</YOffset>
            </Position>
            <Position>
                <Height>16.039999</Height>
                <YOffset>-0.44</YOffset>
            </Position>
            <Position>
                <Height>16.14</Height>
                <YOffset>-0.459999979</YOffset>
            </Position>
            <Position>
                <Height>16.21</Height>
                <YOffset>-0.459999979</YOffset>
            </Position>
            <Position>
                <Height>16.26</Height>
                <YOffset>-0.48</YOffset>
            </Position>
            <Position>
                <Height>16.31</Height>
                <YOffset>-0.55</YOffset>
            </Position>
            <Position>
                <Height>16.33</Height>
                <YOffset>-0.59</YOffset>
            </Position>
            <Position>
                <Height>16.2799988</Height>
                <YOffset>-0.58</YOffset>
            </Position>
            <Position>
                <Height>16.19</Height>
                <YOffset>-0.539999962</YOffset>
            </Position>
            <Position>
                <Height>16.1</Height>
                <YOffset>-0.5</YOffset>
            </Position>
            <Position>
                <Height>16.0299988</Height>
                <YOffset>-0.48</YOffset>
            </Position>
            <Position>
                <Height>16.09</Height>
                <YOffset>-0.48</YOffset>
            </Position>
            <Position>
                <Height>16.3</Height>
                <YOffset>-0.48</YOffset>
            </Position>
            <Position>
                <Height>16.55</Height>
                <YOffset>-0.48</YOffset>
            </Position>
        </Positions>
        <ThrowSource />
        <SelfDamage />
        <Attacks>
            <Attack>
                <Start>15</Start>
                <End>20</End>
                <Bones>RightThigh RightCalf RightFoot</Bones>
                <Flags />
                <Knockback>6</Knockback>
                <HitPoints>15</HitPoints>
                <HitType>KnockdownHead</HitType>
                <HitLength>45</HitLength>
                <StunLength>25</StunLength>
                <StaggerLength>0</StaggerLength>
                <Extents>
                    <Extent>
                        <Angle>23.7418156</Angle>
                        <Length>8.92</Length>
                        <MinY>9.083656</MinY>
                        <MaxY>10.9</MaxY>
                    </Extent>
                    <Extent>
                        <Angle>12.8596935</Angle>
                        <Length>9.55</Length>
                        <MinY>9.599999</MinY>
                        <MaxY>11.45</MaxY>
                    </Extent>
                    <Extent>
                        <Angle>9.206683</Angle>
                        <Length>9.5199995</Length>
                        <MinY>9.82</MinY>
                        <MaxY>11.99</MaxY>
                    </Extent>
                    <Extent>
                        <Angle>7.976196</Angle>
                        <Length>9.429999</Length>
                        <MinY>10</MinY>
                        <MaxY>12.37</MaxY>
                    </Extent>
                    <Extent>
                        <Angle>353.6553</Angle>
                        <Length>9.389999</Length>
                        <MinY>10.11</MinY>
                        <MaxY>12.65</MaxY>
                    </Extent>
                    <Extent>
                        <Angle>354.902222</Angle>
                        <Length>9.389999</Length>
                        <MinY>10.15</MinY>
                        <MaxY>12.809371</MaxY>
                    </Extent>
                </Extents>
            </Attack>
        </Attacks>
        <AttackRing>
            <Length>17.988081</Length>
            <Length>17.988081</Length>
            <Length>17.988081</Length>
            <Length>17.988081</Length>
            <Length>15.1394262</Length>
            <Length>12.5509367</Length>
            <Length>0</Length>
            <Length>0</Length>
            <Length>0</Length>
            <Length>0</Length>
            <Length>0</Length>
            <Length>0</Length>
            <Length>0</Length>
            <Length>0</Length>
            <Length>0</Length>
            <Length>0</Length>
            <Length>0</Length>
            <Length>0</Length>
            <Length>0</Length>
            <Length>0</Length>
            <Length>0</Length>
            <Length>0</Length>
            <Length>0</Length>
            <Length>0</Length>
            <Length>0</Length>
            <Length>0</Length>
            <Length>0</Length>
            <Length>0</Length>
            <Length>0</Length>
            <Length>0</Length>
            <Length>0</Length>
            <Length>0</Length>
            <Length>0</Length>
            <Length>17.9342175</Length>
            <Length>17.988081</Length>
            <Length>17.988081</Length>
        </AttackRing>
    </Animation>
</Oni>