﻿<?xml version="1.0" encoding="utf-8"?>
<Oni>
    <Animation>
        <Lookup>
            <Type>ThrowForwardKick</Type>
            <AimingType>ThrowForwardKick</AimingType>
            <FromState>Standing</FromState>
            <ToState>Standing</ToState>
            <Varient>Combat</Varient>
            <FirstLevel>18</FirstLevel>
            <Shortcuts>
                <Shortcut>
                    <FromState>RunStart</FromState>
                    <Length>6</Length>
                    <ReplaceAtomic>yes</ReplaceAtomic>
                </Shortcut>
            </Shortcuts>
        </Lookup>
        <Flags>Invulnerable Atomic ThrowSource DontAim</Flags>
        <Atomic>
            <Start>0</Start>
            <End>65535</End>
        </Atomic>
        <Invulnerable>
            <Start>0</Start>
            <End>0</End>
        </Invulnerable>
        <Overlay>
            <UsedBones />
            <ReplacedBones />
        </Overlay>
        <DirectAnimations>
            <Link />
            <Link />
        </DirectAnimations>
        <Pause>
            <Hard>0</Hard>
            <Soft>0</Soft>
        </Pause>
        <Interpolation>
            <End>6</End>
            <Max>65535</Max>
        </Interpolation>
        <FinalRotation>0</FinalRotation>
        <Direction>None</Direction>
        <Vocalization>65535</Vocalization>
        <ActionFrame>28</ActionFrame>
        <Impact />
        <Particles />
        <MotionBlur />
        <Footsteps />
        <Sounds>
            <Sound>
                <Name>face_med</Name>
                <Start>37</Start>
            </Sound>
        </Sounds>
        <Heights>
            <Height>8.052921</Height>
            <Height>8.169932</Height>
            <Height>8.307682</Height>
            <Height>8.45728</Height>
            <Height>8.60984</Height>
            <Height>8.756474</Height>
            <Height>8.888299</Height>
            <Height>8.996424</Height>
            <Height>9.071962</Height>
            <Height>9.10603</Height>
            <Height>9.089737</Height>
            <Height>9.008495</Height>
            <Height>8.863415</Height>
            <Height>8.66916</Height>
            <Height>8.440393</Height>
            <Height>8.191779</Height>
            <Height>7.937982</Height>
            <Height>7.693663</Height>
            <Height>7.473488</Height>
            <Height>7.292119</Height>
            <Height>7.16422</Height>
            <Height>7.066284</Height>
            <Height>6.970044</Height>
            <Height>6.883026</Height>
            <Height>6.812754</Height>
            <Height>6.766754</Height>
            <Height>6.752552</Height>
            <Height>6.777672</Height>
            <Height>6.84964</Height>
            <Height>6.975981</Height>
            <Height>7.16422</Height>
            <Height>7.491853</Height>
            <Height>7.990899</Height>
            <Height>8.600662</Height>
            <Height>9.260454</Height>
            <Height>9.909579</Height>
            <Height>10.48735</Height>
            <Height>10.93307</Height>
            <Height>11.2100954</Height>
            <Height>11.354579</Height>
            <Height>11.4150219</Height>
            <Height>11.43993</Height>
            <Height>11.4778042</Height>
            <Height>11.5177517</Height>
            <Height>11.5238056</Height>
            <Height>11.5068588</Height>
            <Height>11.4778042</Height>
            <Height>11.4578152</Height>
            <Height>11.4551373</Height>
            <Height>11.4612713</Height>
            <Height>11.46772</Height>
            <Height>11.4659843</Height>
            <Height>11.4475679</Height>
            <Height>11.4039726</Height>
            <Height>11.3266983</Height>
            <Height>11.2072477</Height>
            <Height>11.0371246</Height>
            <Height>10.7759886</Height>
            <Height>10.411067</Height>
            <Height>9.975212</Height>
            <Height>9.501279</Height>
            <Height>9.022118</Height>
            <Height>8.57058</Height>
            <Height>8.179518</Height>
            <Height>7.881785</Height>
            <Height>7.710233</Height>
            <Height>7.632914</Height>
            <Height>7.593318</Height>
            <Height>7.58746</Height>
            <Height>7.611348</Height>
            <Height>7.660996</Height>
            <Height>7.732415</Height>
            <Height>7.821619</Height>
            <Height>7.924618</Height>
            <Height>8.037423</Height>
            <Height>8.156048</Height>
            <Height>8.276503</Height>
            <Height>8.394801</Height>
            <Height>8.506953</Height>
            <Height>8.608972</Height>
            <Height>8.69687</Height>
            <Height>8.797523</Height>
            <Height>8.929172</Height>
            <Height>9.074876</Height>
            <Height>9.21769</Height>
            <Height>9.340678</Height>
            <Height>9.426893</Height>
            <Height>9.459397</Height>
            <Height>9.440027</Height>
            <Height>9.387146</Height>
            <Height>9.308593</Height>
            <Height>9.212208</Height>
            <Height>9.105834</Height>
            <Height>8.997309</Height>
            <Height>8.894476</Height>
            <Height>8.805175</Height>
            <Height>8.737247</Height>
            <Height>8.698531</Height>
            <Height>8.69687</Height>
            <Height>8.735609</Height>
            <Height>8.808331</Height>
            <Height>8.90823</Height>
            <Height>9.028502</Height>
            <Height>9.162341</Height>
            <Height>9.30294</Height>
            <Height>9.443495</Height>
            <Height>9.577201</Height>
            <Height>9.69725</Height>
            <Height>9.79684</Height>
            <Height>9.869164</Height>
            <Height>9.907416</Height>
            <Height>9.913224</Height>
            <Height>9.895192</Height>
            <Height>9.85698</Height>
            <Height>9.802251</Height>
            <Height>9.734668</Height>
            <Height>9.657889</Height>
            <Height>9.575578</Height>
            <Height>9.491396</Height>
            <Height>9.409005</Height>
            <Height>9.332066</Height>
            <Height>9.264238</Height>
            <Height>9.209188</Height>
            <Height>9.170573</Height>
            <Height>9.154948</Height>
            <Height>9.162259</Height>
            <Height>9.186248</Height>
            <Height>9.22066</Height>
            <Height>9.259243</Height>
            <Height>9.295741</Height>
        </Heights>
        <Velocities>
            <Velocity>-0.03352797 0.0377717</Velocity>
            <Velocity>-0.0318719745 0.08109903</Velocity>
            <Velocity>-0.031793 0.121949196</Velocity>
            <Velocity>-0.03279403 0.159775734</Velocity>
            <Velocity>-0.0342769921 0.193242073</Velocity>
            <Velocity>-0.0356090069 0.22465992</Velocity>
            <Velocity>-0.036183 0.252649069</Velocity>
            <Velocity>-0.0354839861 0.277448177</Velocity>
            <Velocity>-0.0331400037 0.297941923</Velocity>
            <Velocity>-0.0289530158 0.3139701</Velocity>
            <Velocity>-0.0229060054 0.3246479</Velocity>
            <Velocity>-0.0151539892 0.329458</Velocity>
            <Velocity>0.00517500937 0.3229041</Velocity>
            <Velocity>0.02935499 0.3046329</Velocity>
            <Velocity>0.042465 0.282755971</Velocity>
            <Velocity>0.0454390049 0.260442972</Velocity>
            <Velocity>0.039572984 0.239854038</Velocity>
            <Velocity>0.0266280174 0.22202903</Velocity>
            <Velocity>0.00894600153 0.208032966</Velocity>
            <Velocity>-0.0103720129 0.198641</Velocity>
            <Velocity>-0.0123739839 0.17049101</Velocity>
            <Velocity>-0.00260800123 0.126924992</Velocity>
            <Velocity>0.00116398931 0.097564</Velocity>
            <Velocity>0.00147500634 0.08178101</Velocity>
            <Velocity>0.00214898586 0.078117</Velocity>
            <Velocity>0.0122269988 0.07938899</Velocity>
            <Velocity>0.0302620232 0.08051801</Velocity>
            <Velocity>0.04552996 0.085805</Velocity>
            <Velocity>0.05364704 0.09893498</Velocity>
            <Velocity>0.0530959964 0.124756992</Velocity>
            <Velocity>0.07751 0.158684015</Velocity>
            <Velocity>0.116335988 0.182478964</Velocity>
            <Velocity>0.126640022 0.201570034</Velocity>
            <Velocity>0.101973951 0.214750051</Velocity>
            <Velocity>0.04010403 0.219589</Velocity>
            <Velocity>-0.01426506 0.22438395</Velocity>
            <Velocity>-0.0330889225 0.229455113</Velocity>
            <Velocity>-0.04700005 0.230068922</Velocity>
            <Velocity>-0.05562699 0.224871874</Velocity>
            <Velocity>-0.05902201 0.212561131</Velocity>
            <Velocity>-0.0577049851 0.206971884</Velocity>
            <Velocity>-0.0526059866 0.211819172</Velocity>
            <Velocity>-0.0449230075 0.213750839</Velocity>
            <Velocity>-0.0358719826 0.212272167</Velocity>
            <Velocity>-0.0264410377 0.207193851</Velocity>
            <Velocity>-0.0103389621 0.199951887</Velocity>
            <Velocity>0.006177008 0.1944294</Velocity>
            <Velocity>0.0136669874 0.19247961</Velocity>
            <Velocity>0.0119389892 0.193806171</Velocity>
            <Velocity>0.000721991062 0.197456837</Velocity>
            <Velocity>-0.0153160095 0.202315331</Velocity>
            <Velocity>-0.0258449912 0.204738617</Velocity>
            <Velocity>-0.0300779939 0.203653336</Velocity>
            <Velocity>-0.0281569958 0.199127674</Velocity>
            <Velocity>-0.025439024 0.142219067</Velocity>
            <Velocity>-0.0145049691 0.07159519</Velocity>
            <Velocity>0.017582 0.0505599976</Velocity>
            <Velocity>0.05492401 0.08921194</Velocity>
            <Velocity>0.07128 0.142983913</Velocity>
            <Velocity>0.0624799728 0.175174236</Velocity>
            <Velocity>0.0407940149 0.225476742</Velocity>
            <Velocity>0.0179929733 0.28092432</Velocity>
            <Velocity>0.006090045 0.317468643</Velocity>
            <Velocity>-0.0004400015 0.334939957</Velocity>
            <Velocity>-0.002439022 0.332736969</Velocity>
            <Velocity>-0.000194013119 0.311758041</Velocity>
            <Velocity>0.00643503666 0.27264595</Velocity>
            <Velocity>0.0175409913 0.217153549</Velocity>
            <Velocity>0.0237349868 0.168541908</Velocity>
            <Velocity>0.0230730176 0.141335487</Velocity>
            <Velocity>0.0232009888 0.119902611</Velocity>
            <Velocity>0.0229600072 0.101148605</Velocity>
            <Velocity>0.0224239826 0.08455753</Velocity>
            <Velocity>0.0220119953 0.07080555</Velocity>
            <Velocity>0.0215880275 0.0589799881</Velocity>
            <Velocity>0.02141893 0.0494384766</Velocity>
            <Velocity>0.0216439962 0.04211712</Velocity>
            <Velocity>0.0225631 0.03714466</Velocity>
            <Velocity>0.0242549181 0.0336513519</Velocity>
            <Velocity>0.0288550854 0.0306463242</Velocity>
            <Velocity>-0.0237190723 -0.00500583649</Velocity>
            <Velocity>-0.0309820175 -0.0311393738</Velocity>
            <Velocity>-0.0216879845 -0.0289306641</Velocity>
            <Velocity>-0.0155069828 -0.0241966248</Velocity>
            <Velocity>-0.0116039515 -0.0185203552</Velocity>
            <Velocity>-0.008981049 -0.0131692886</Velocity>
            <Velocity>-0.00700300932 -0.00937175751</Velocity>
            <Velocity>-0.005693972 -0.00726032257</Velocity>
            <Velocity>-0.004630983 -0.0068063736</Velocity>
            <Velocity>-0.00351405144 -0.008252144</Velocity>
            <Velocity>-0.00191295147 -0.0117588043</Velocity>
            <Velocity>0.0007789731 -0.01719284</Velocity>
            <Velocity>0.00522100925 -0.0244865417</Velocity>
            <Velocity>0.0119549632 -0.0328607559</Velocity>
            <Velocity>0.0213890076 -0.0424766541</Velocity>
            <Velocity>0.03321898 -0.051984787</Velocity>
            <Velocity>0.0474970341 -0.0621070862</Velocity>
            <Velocity>0.06360102 -0.07216835</Velocity>
            <Velocity>0.07668495 -0.07924271</Velocity>
            <Velocity>0.0862640142 -0.0845890045</Velocity>
            <Velocity>0.094908 -0.08985424</Velocity>
            <Velocity>0.10254705 -0.09502125</Velocity>
            <Velocity>0.109118938 -0.100032806</Velocity>
            <Velocity>0.114138007 -0.104371071</Velocity>
            <Velocity>0.118409038 -0.10880661</Velocity>
            <Velocity>0.121636987 -0.1129446</Velocity>
            <Velocity>0.1237371 -0.116573334</Velocity>
            <Velocity>0.124717 -0.119578362</Velocity>
            <Velocity>0.124382019 -0.12162447</Velocity>
            <Velocity>0.123415947 -0.1232419</Velocity>
            <Velocity>0.121549845 -0.124032021</Velocity>
            <Velocity>0.118882179 -0.1239748</Velocity>
            <Velocity>0.115515947 -0.123082161</Velocity>
            <Velocity>0.11154604 -0.121382236</Velocity>
            <Velocity>0.107054949 -0.118927956</Velocity>
            <Velocity>0.102143049 -0.11580801</Velocity>
            <Velocity>0.0968518257 -0.112086773</Velocity>
            <Velocity>0.09121418 -0.107839108</Velocity>
            <Velocity>0.08535099 -0.103152752</Velocity>
            <Velocity>0.07933283 -0.09810543</Velocity>
            <Velocity>0.0730481148 -0.09263182</Velocity>
            <Velocity>0.0664041042 -0.08666277</Velocity>
            <Velocity>0.05934286 -0.08014107</Velocity>
            <Velocity>0.05180192 -0.07299805</Velocity>
            <Velocity>0.04426813 -0.06570387</Velocity>
            <Velocity>0.0355629921 -0.057097435</Velocity>
            <Velocity>0.02700305 -0.0484757423</Velocity>
            <Velocity>0.01725483 -0.0385389328</Velocity>
            <Velocity>0.00703120232 -0.0280051231</Velocity>
            <Velocity>-0.00377511978 -0.0167961121</Velocity>
        </Velocities>
        <Rotations>
            <Bone>
                <EKey>15 -12.6619368 70.8903656 89.8475647</EKey>
                <EKey>6 164.764481 21.1654835 -91.41863</EKey>
                <EKey>3 163.676819 -11.8873882 -93.00618</EKey>
                <EKey>1 163.154953 -23.5056076 -94.58274</EKey>
                <EKey>2 162.435333 -30.64683 -93.907074</EKey>
                <EKey>6 160.715958 -50.7521172 -90.51774</EKey>
                <EKey>2 -34.6129532 -58.5470352 91.33074</EKey>
                <EKey>3 -34.7173271 -40.4303055 94.75853</EKey>
                <EKey>3 -33.86038 -21.6928368 96.3241043</EKey>
                <EKey>4 -31.3719387 -9.195697 95.4836349</EKey>
                <EKey>3 -27.95514 1.50515 93.593956</EKey>
                <EKey>5 -27.5431442 5.41634226 92.63813</EKey>
                <EKey>3 -27.0487518 4.76264572 91.83063</EKey>
                <EKey>7 -22.74754 4.14740229 93.40719</EKey>
                <EKey>3 1.13160908 3.77386141 104.470589</EKey>
                <EKey>10 5.180133 4.097963 106.365761</EKey>
                <EKey>12 8.60792 1.58754861 108.260933</EKey>
                <EKey>8 7.448844 -1.53810942 108.0412</EKey>
                <EKey>4 5.119707 1.96658278 106.541542</EKey>
                <EKey>4 3.73540854 7.49279 105.393456</EKey>
                <EKey>10 1.219501 19.3801785 103.371941</EKey>
                <EKey>4 -6.4271 58.6184464 99.62554</EKey>
                <EKey>5 -9.338521 68.9622345 100.010071</EKey>
                <EKey>6 -11.0084686 73.01076 100.7187</EKey>
                <EKey>1 -11.1512928 73.3019 100.790115</EKey>
            </Bone>
            <Bone>
                <EKey>3 -164.1767 -4.713207 -138.677048</EKey>
                <EKey>1 -165.209427 -0.950331867 -145.433731</EKey>
                <EKey>1 -165.379715 -0.373540848 -149.5372</EKey>
                <EKey>9 -165.571991 -0.450446337 -150.586411</EKey>
                <EKey>10 -165.539032 -4.784619 -112.633553</EKey>
                <EKey>3 -163.330734 -10.8436708 -66.25407</EKey>
                <EKey>2 -163.995422 -13.2716866 -50.24674</EKey>
                <EKey>1 -164.357971 -19.4406052 -40.5181961</EKey>
                <EKey>1 -163.682312 -25.3293667 -37.0299835</EKey>
                <EKey>1 -163.3637 -36.3598061 -34.5690079</EKey>
                <EKey>1 -162.973679 -52.4000931 -33.33852</EKey>
                <EKey>1 -159.611816 -68.9073 -32.59144</EKey>
                <EKey>1 -142.011444 -81.0748444 -22.7255669</EKey>
                <EKey>1 -78.82262 -83.07439 21.8960857</EKey>
                <EKey>1 -48.65919 -78.66331 25.2634468</EKey>
                <EKey>1 -37.1783028 -76.44404 13.0080109</EKey>
                <EKey>1 -39.2162971 -78.22385 -6.61387062</EKey>
                <EKey>1 -61.70016 -80.08606 -43.3307381</EKey>
                <EKey>1 -78.8555756 -79.53124 -68.8304</EKey>
                <EKey>2 -79.54223 -79.17418 -72.3296</EKey>
                <EKey>5 -70.80797 -78.94347 -61.8319969</EKey>
                <EKey>2 -53.7953758 -77.806366 -33.3330269</EKey>
                <EKey>4 -62.2385 -78.25681 -34.9974823</EKey>
                <EKey>4 -128.157471 -77.28451 -81.99771</EKey>
                <EKey>2 -166.395966 -66.55619 -100.477</EKey>
                <EKey>1 -171.83429 -61.2607 -98.3016739</EKey>
                <EKey>2 -168.9723 -58.9645233 -94.42344</EKey>
                <EKey>1 -152.344238 -53.9821472 -82.05264</EKey>
                <EKey>1 -145.433731 -51.5431442 -75.96063</EKey>
                <EKey>2 -139.501038 -52.6527824 -62.10666</EKey>
                <EKey>2 -142.302582 -52.1474037 -57.7010765</EKey>
                <EKey>3 -149.564667 -48.64271 -60.63447</EKey>
                <EKey>1 -161.193863 -38.91417 -68.06683</EKey>
                <EKey>1 -164.40741 -35.7665367 -71.50561</EKey>
                <EKey>2 -167.335312 -32.96498 -77.50973</EKey>
                <EKey>2 -171.5047 -27.6694889 -92.32502</EKey>
                <EKey>3 -173.037308 -24.4943924 -98.47196</EKey>
                <EKey>4 -173.592133 -22.6157017 -100.180359</EKey>
                <EKey>5 -173.1197 -22.9617767 -101.163651</EKey>
                <EKey>3 -173.383377 -22.8189526 -108.25544</EKey>
                <EKey>5 -173.2021 -23.1046 -106.459145</EKey>
                <EKey>2 -172.246277 -24.0439453 -96.9887848</EKey>
                <EKey>2 -173.279 -22.6321812 -99.1421356</EKey>
                <EKey>2 -175.586182 -19.98993 -104.184937</EKey>
                <EKey>2 -178.7448 -16.3753719 -113.259789</EKey>
                <EKey>3 179.250168 -12.6839094 -116.0119</EKey>
                <EKey>7 179.134811 -9.45937252 -122.43351</EKey>
                <EKey>4 -178.349274 -3.477226 -150.135956</EKey>
                <EKey>7 -176.426636 -0.483405828 -155.656677</EKey>
                <EKey>2 -172.982376 4.18036175 -165.769745</EKey>
                <EKey>1 -171.83429 4.61432838 -170.796066</EKey>
            </Bone>
            <Bone>
                <EKey>3 0 0 -49.8072777</EKey>
                <EKey>1 0 0 -44.4348831</EKey>
                <EKey>1 0 0 -39.9578857</EKey>
                <EKey>6 0 0 -38.9910736</EKey>
                <EKey>10 0 0 -71.96704</EKey>
                <EKey>4 0 0 -131.195236</EKey>
                <EKey>3 0 0 -149.949188</EKey>
                <EKey>4 0 0 -153.745026</EKey>
                <EKey>2 0 0 -153.992218</EKey>
                <EKey>1 0 0 -149.213089</EKey>
                <EKey>1 0 0 -145.5546</EKey>
                <EKey>1 0 0 -138.9572</EKey>
                <EKey>1 0 0 -122.510414</EKey>
                <EKey>1 0 0 -85.4529648</EKey>
                <EKey>1 0 0 -38.54612</EKey>
                <EKey>1 0 0 -7.152209</EKey>
                <EKey>1 0 0 3.350881</EKey>
                <EKey>3 0 0 6.36667442</EKey>
                <EKey>3 0 0 -1.04371715</EKey>
                <EKey>1 0 0 -6.026093</EKey>
                <EKey>2 0 0 -10.0581369</EKey>
                <EKey>3 0 0 -23.9890137</EKey>
                <EKey>4 0 0 -52.9604034</EKey>
                <EKey>2 0 0 -93.57748</EKey>
                <EKey>1 0 0 -109.678185</EKey>
                <EKey>2 0 0 -113.237808</EKey>
                <EKey>1 0 0 -110.7219</EKey>
                <EKey>1 0 0 -111.144882</EKey>
                <EKey>2 0 0 -122.697182</EKey>
                <EKey>1 0 0 -135.2108</EKey>
                <EKey>2 0 0 -137.704742</EKey>
                <EKey>2 0 0 -135.749146</EKey>
                <EKey>1 0 0 -129.162735</EKey>
                <EKey>1 0 0 -124.13092</EKey>
                <EKey>2 0 0 -115.48455</EKey>
                <EKey>1 0 0 -92.84688</EKey>
                <EKey>2 0 0 -85.45846</EKey>
                <EKey>3 0 0 -76.60883</EKey>
                <EKey>3 0 0 -73.3843</EKey>
                <EKey>5 0 0 -70.24765</EKey>
                <EKey>2 0 0 -59.75555</EKey>
                <EKey>5 0 0 -60.62898</EKey>
                <EKey>1 0 0 -69.9455261</EKey>
                <EKey>1 0 0 -70.24216</EKey>
                <EKey>2 0 0 -67.8965454</EKey>
                <EKey>1 0 0 -58.1570168</EKey>
                <EKey>2 0 0 -51.39483</EKey>
                <EKey>4 0 0 -31.96521</EKey>
                <EKey>1 0 0 -57.3934555</EKey>
                <EKey>3 0 0 -60.6784172</EKey>
                <EKey>10 0 0 -61.1288643</EKey>
                <EKey>4 0 0 -48.6976433</EKey>
                <EKey>3 0 0 -36.1345863</EKey>
                <EKey>1 0 0 -22.7695122</EKey>
            </Bone>
            <Bone>
                <EKey>3 -4.345159 -11.8654156 -16.4962234</EKey>
                <EKey>2 -3.25749588 0.598764 -15.7051954</EKey>
                <EKey>11 -2.80704975 4.61982155 -16.3863583</EKey>
                <EKey>8 -3.93865871 -3.499199 -3.58159757</EKey>
                <EKey>5 0.208743423 -6.2897687 7.404898</EKey>
                <EKey>1 6.086519 -1.96658278 20.1712055</EKey>
                <EKey>1 6.449073 -1.74135959 21.5939579</EKey>
                <EKey>1 4.86152458 -2.90592813 19.9954224</EKey>
                <EKey>1 2.54337382 -4.878004 15.2877092</EKey>
                <EKey>1 1.950103 -6.28427553 11.33257</EKey>
                <EKey>1 2.9114213 -6.45456648 12.5905237</EKey>
                <EKey>1 4.493477 -5.037308 27.5046921</EKey>
                <EKey>1 5.69100475 -4.570382 49.4666977</EKey>
                <EKey>1 7.14671564 -6.36118126 59.53582</EKey>
                <EKey>1 7.94872952 -9.574731 44.8084221</EKey>
                <EKey>1 8.130007 -14.5131607 17.84207</EKey>
                <EKey>1 6.53147173 -19.7976646 -1.78530562</EKey>
                <EKey>1 5.015335 -22.0608826 -8.212405</EKey>
                <EKey>4 4.026551 -23.1046 -10.5854883</EKey>
                <EKey>3 2.79606318 -23.692379 -10.3163195</EKey>
                <EKey>3 2.125887 -23.21996 -11.4314489</EKey>
                <EKey>3 8.454108 -19.814146 -4.010071</EKey>
                <EKey>3 12.2059965 -12.8596935 6.026093</EKey>
                <EKey>2 10.849165 -8.300298 16.1556416</EKey>
                <EKey>1 9.371481 -8.091554 21.9620056</EKey>
                <EKey>3 9.607691 -8.668345 23.1979866</EKey>
                <EKey>1 15.1503773 -12.1675444 20.8688488</EKey>
                <EKey>2 19.1165028 -13.3870449 23.43969</EKey>
                <EKey>2 18.24857 -10.5085831 28.6802464</EKey>
                <EKey>4 14.3208971 -7.668574 28.7241936</EKey>
                <EKey>3 5.59212637 0.20325017 19.4570847</EKey>
                <EKey>3 2.90592813 4.097963 7.163195</EKey>
                <EKey>2 -0.109864958 -1.1261158 -2.285191</EKey>
                <EKey>10 -1.34035254 -3.41130686 -4.84504461</EKey>
                <EKey>4 -1.54360271 -3.47173262 -10.9040966</EKey>
                <EKey>3 -0.9283589 -3.88372636 -8.640879</EKey>
                <EKey>3 -0.444953084 -4.15838861 -11.019455</EKey>
                <EKey>1 3.94415188 -2.658732 -18.539711</EKey>
                <EKey>2 5.98764038 -2.125887 -22.41245</EKey>
                <EKey>2 10.953536 -2.13687348 -33.1132965</EKey>
                <EKey>2 8.723278 0.532845 -23.8242168</EKey>
                <EKey>2 5.98764038 -0.0219729915 -13.8814373</EKey>
                <EKey>6 3.8233006 -1.71938658 -8.261845</EKey>
                <EKey>6 0.0329594873 -8.333257 -1.27443349</EKey>
                <EKey>6 -3.88372636 -5.34493 7.93225</EKey>
                <EKey>1 -7.08629 -0.554818034 11.2446785</EKey>
                <EKey>1 -7.27855349 -0.159304187 11.019455</EKey>
            </Bone>
            <Bone>
                <EKey>5 160.3534 22.81346 -147.916687</EKey>
                <EKey>3 161.309219 5.696498 -143.324326</EKey>
                <EKey>6 160.968643 1.1535821 -143.033188</EKey>
                <EKey>4 158.485687 -0.4010071 -144.450439</EKey>
                <EKey>4 156.865189 1.34035254 -135.804077</EKey>
                <EKey>2 155.403976 -0.6152438 -134.326385</EKey>
                <EKey>2 153.008926 -2.13138 -137.369644</EKey>
                <EKey>2 150.3447 -5.8228426 -137.897</EKey>
                <EKey>1 148.5594 -13.1343555 -134.645</EKey>
                <EKey>1 148.378113 -15.22179 -131.5523</EKey>
                <EKey>1 148.729691 -14.4637213 -125.998627</EKey>
                <EKey>1 149.18013 -11.7940035 -119.5111</EKey>
                <EKey>1 149.504242 -7.94872952 -116.237122</EKey>
                <EKey>2 150.4271 -2.71366453 -118.352028</EKey>
                <EKey>2 153.541779 9.261616 -129.80545</EKey>
                <EKey>1 154.0911 19.5779362 -143.478134</EKey>
                <EKey>3 154.310822 22.9288158 -148.812088</EKey>
                <EKey>3 153.695587 26.1203938 -155.986267</EKey>
                <EKey>8 152.673843 25.92813 -157.661713</EKey>
                <EKey>3 151.124741 20.9951935 -153.481339</EKey>
                <EKey>5 151.130234 18.8198681 -156.552078</EKey>
                <EKey>1 151.26207 14.6230259 -167.187</EKey>
                <EKey>1 151.196152 13.7605858 -168.296631</EKey>
                <EKey>2 151.278549 12.5630579 -160.7599</EKey>
                <EKey>1 151.5697 11.228199 -152.569473</EKey>
                <EKey>3 151.7345 10.68986 -150.93248</EKey>
                <EKey>4 152.607925 17.5289536 -150.152435</EKey>
                <EKey>4 153.569244 19.709774 -152.673843</EKey>
                <EKey>1 154.547043 19.65484 -160.435791</EKey>
                <EKey>4 154.788742 19.51751 -163.52301</EKey>
                <EKey>4 155.744568 18.6166172 -165.506073</EKey>
                <EKey>6 156.9366 15.0789652 -161.17189</EKey>
                <EKey>4 158.293427 14.2330055 -158.9691</EKey>
                <EKey>2 158.963608 16.2655067 -158.364838</EKey>
                <EKey>1 159.3701 16.8862438 -161.193863</EKey>
                <EKey>2 159.567871 16.7324333 -163.978943</EKey>
                <EKey>7 159.996338 15.4140539 -164.9952</EKey>
                <EKey>4 161.193863 12.7113752 178.634933</EKey>
                <EKey>3 161.4081 9.42092 173.67453</EKey>
                <EKey>9 161.940948 8.613413 176.701309</EKey>
                <EKey>4 164.138245 8.970474 -167.362778</EKey>
                <EKey>2 165.044632 8.981461 -166.099335</EKey>
                <EKey>1 165.445633 8.53101349 -167.494614</EKey>
            </Bone>
            <Bone>
                <EKey>6 0 0 -80.79469</EKey>
                <EKey>5 0 0 -65.99039</EKey>
                <EKey>3 0 0 -57.10231</EKey>
                <EKey>1 0 0 -56.9375153</EKey>
                <EKey>2 0 0 -62.1506081</EKey>
                <EKey>3 0 0 -80.0531</EKey>
                <EKey>3 0 0 -93.36874</EKey>
                <EKey>3 0 0 -100.641792</EKey>
                <EKey>3 0 0 -103.009384</EKey>
                <EKey>2 0 0 -99.27947</EKey>
                <EKey>1 0 0 -93.2314</EKey>
                <EKey>1 0 0 -85.88693</EKey>
                <EKey>2 0 0 -71.9725342</EKey>
                <EKey>2 0 0 -38.4142838</EKey>
                <EKey>1 0 0 -13.8210115</EKey>
                <EKey>1 0 0 -7.465324</EKey>
                <EKey>2 0 0 -6.15243769</EKey>
                <EKey>6 0 0 -9.810941</EKey>
                <EKey>4 0 0 -29.97116</EKey>
                <EKey>2 0 0 -43.6987877</EKey>
                <EKey>2 0 0 -47.47265</EKey>
                <EKey>5 0 0 -46.6541557</EKey>
                <EKey>1 0 0 -35.6951256</EKey>
                <EKey>1 0 0 -35.2886238</EKey>
                <EKey>1 0 0 -50.18082</EKey>
                <EKey>1 0 0 -59.4753952</EKey>
                <EKey>2 0 0 -64.69398</EKey>
                <EKey>5 0 0 -65.74868</EKey>
                <EKey>3 0 0 -54.8226128</EKey>
                <EKey>3 0 0 -42.8693047</EKey>
                <EKey>3 0 0 -24.8899059</EKey>
                <EKey>2 0 0 -17.92996</EKey>
                <EKey>3 0 0 -17.237812</EKey>
                <EKey>5 0 0 -20.44587</EKey>
                <EKey>3 0 0 -22.868391</EKey>
                <EKey>3 0 0 -32.6628532</EKey>
                <EKey>1 0 0 -34.2558937</EKey>
                <EKey>1 0 0 -31.9542236</EKey>
                <EKey>2 0 0 -27.2849617</EKey>
                <EKey>6 0 0 -27.55413</EKey>
                <EKey>5 0 0 -15.1119251</EKey>
                <EKey>3 0 0 -12.2169828</EKey>
                <EKey>8 0 0 -18.369421</EKey>
                <EKey>2 0 0 -42.04532</EKey>
                <EKey>4 0 0 -45.39071</EKey>
                <EKey>1 0 0 -41.4300766</EKey>
                <EKey>1 0 0 -38.936142</EKey>
            </Bone>
            <Bone>
                <EKey>4 3.64202332 1.1261158 30.5973911</EKey>
                <EKey>2 -6.59189749 -5.83932257 3.97161818</EKey>
                <EKey>3 -10.1899748 -4.99885559 -5.268025</EKey>
                <EKey>4 -11.6182194 -1.27443349 -8.415656</EKey>
                <EKey>1 -11.0414286 4.4879837 -3.86724663</EKey>
                <EKey>1 -10.9040966 5.81734943 -2.09292746</EKey>
                <EKey>2 -10.6019688 7.19615459 1.92263675</EKey>
                <EKey>3 -10.6623945 9.223164 14.4252691</EKey>
                <EKey>2 -11.1183338 6.7402153 26.850996</EKey>
                <EKey>2 -5.641566 9.8713665 31.5147629</EKey>
                <EKey>2 -5.26253128 11.9588 39.2162971</EKey>
                <EKey>2 -7.06431675 13.02449 46.6706352</EKey>
                <EKey>1 -5.36141 15.2327766 55.0423431</EKey>
                <EKey>1 -4.77912569 15.1503773 56.1904335</EKey>
                <EKey>2 -5.476768 13.6617079 52.7461662</EKey>
                <EKey>2 -8.679332 11.0029755 39.05699</EKey>
                <EKey>1 -6.41062 10.0526438 22.0279236</EKey>
                <EKey>2 -4.22430754 9.32204151 11.5303268</EKey>
                <EKey>1 -0.950331867 9.558251 -17.5729</EKey>
                <EKey>1 -0.241702914 10.0032043 -27.0872059</EKey>
                <EKey>2 -0.208743423 10.5909815 -29.800869</EKey>
                <EKey>3 -1.10414279 12.189517 -28.0979633</EKey>
                <EKey>6 -2.87296867 12.87068 -23.2968636</EKey>
                <EKey>3 -4.251774 11.1952391 -17.9629211</EKey>
                <EKey>3 -4.323186 8.838635 -12.1840239</EKey>
                <EKey>5 -4.07598972 3.85076666 -1.59853518</EKey>
                <EKey>1 -2.60379958 -6.79514742 21.9894714</EKey>
                <EKey>1 -3.44975972 -5.13069344 29.5921268</EKey>
                <EKey>1 -5.114214 -3.24101615 34.1899757</EKey>
                <EKey>2 -7.174182 -1.23048759 36.4861526</EKey>
                <EKey>3 -10.4481573 3.30693531 35.78851</EKey>
                <EKey>5 -12.1181049 9.041886 31.11925</EKey>
                <EKey>3 -9.40444 13.0519571 19.34722</EKey>
                <EKey>5 -6.097505 14.32639 8.57496</EKey>
                <EKey>2 -3.02128625 13.2607 -19.2867928</EKey>
                <EKey>2 -2.25772476 11.228199 -28.7187</EKey>
                <EKey>3 -1.70290685 10.1515217 -29.31197</EKey>
                <EKey>1 -0.966811657 9.365988 -29.7459373</EKey>
                <EKey>1 -0.8844129 9.409934 -28.152895</EKey>
                <EKey>2 -1.10963607 9.766994 -22.9068432</EKey>
                <EKey>4 -1.97207594 10.816205 -8.866102</EKey>
                <EKey>2 -2.081941 12.326848 8.833142</EKey>
                <EKey>2 0.181277186 11.9588 10.0471506</EKey>
                <EKey>6 2.812543 11.1128407 8.388189</EKey>
                <EKey>5 2.56534672 6.855573 0.889906168</EKey>
                <EKey>11 2.75761032 1.58754861 0.719615459</EKey>
                <EKey>4 3.169604 -0.933852136 18.0068665</EKey>
                <EKey>2 3.42229342 -2.25772476 17.3476772</EKey>
                <EKey>1 3.52117181 -3.43328 13.93637</EKey>
            </Bone>
            <Bone>
                <EKey>10 -5.806363 -5.075761 9.333028</EKey>
                <EKey>3 11.9533072 5.06477451 9.90982</EKey>
                <EKey>5 14.57908 8.503548 7.163195</EKey>
                <EKey>2 11.8269625 16.40833 -4.2847333</EKey>
                <EKey>3 12.497139 17.0730152 -7.67956066</EKey>
                <EKey>4 18.5671787 13.4035244 -10.2943468</EKey>
                <EKey>2 28.4934769 4.570382 -10.2504005</EKey>
                <EKey>1 30.4380875 0.269169152 -8.882582</EKey>
                <EKey>1 29.92172 -1.55458915 -8.097048</EKey>
                <EKey>3 25.82376 -3.26848245 -6.81712055</EKey>
                <EKey>1 -0.142824441 -9.058366 -2.0050354</EKey>
                <EKey>2 -4.21881437 -10.2888536 -1.29091322</EKey>
                <EKey>4 -4.0650034 -11.2996111 -0.5383383</EKey>
                <EKey>4 4.92195034 -11.2501717 0.5383383</EKey>
                <EKey>5 13.7386131 -10.3492794 1.10963607</EKey>
                <EKey>4 11.0414286 -8.855116 0.725108743</EKey>
                <EKey>3 17.67727 -7.76745272 -4.493477</EKey>
                <EKey>3 24.686655 -8.014648 -5.789883</EKey>
                <EKey>2 33.376976 -8.893568 -1.71389329</EKey>
                <EKey>5 35.75555 -7.34447241 -3.17509723</EKey>
                <EKey>6 35.5083542 0.4010071 -15.5788507</EKey>
                <EKey>13 33.79446 2.14236665 -18.23209</EKey>
                <EKey>11 29.9107342 1.25246048 -16.584116</EKey>
                <EKey>17 34.9370575 1.241474 -17.062027</EKey>
                <EKey>15 28.191349 -1.95559621 -8.613413</EKey>
                <EKey>1 20.4623489 -6.493019 -0.2636759</EKey>
            </Bone>
            <Bone>
                <EKey>10 2.971847 -4.339666 6.256809</EKey>
                <EKey>3 20.9897 6.844587 7.240101</EKey>
                <EKey>6 24.0604248 9.327535 5.493248</EKey>
                <EKey>3 22.4509048 11.5742731 -2.73563743</EKey>
                <EKey>5 26.818037 8.789197 -4.850538</EKey>
                <EKey>2 40.0622559 -0.214236662 -4.95491</EKey>
                <EKey>1 42.35294 -4.13092232 -4.032044</EKey>
                <EKey>1 41.96292 -5.98764038 -3.587091</EKey>
                <EKey>3 38.02426 -8.097048 -3.09819174</EKey>
                <EKey>1 11.9093618 -15.1833372 -3.25749588</EKey>
                <EKey>3 7.295033 -16.4412918 -3.72991538</EKey>
                <EKey>6 6.56992435 -17.8475628 -4.581369</EKey>
                <EKey>2 15.9029522 -17.9079876 -5.19661236</EKey>
                <EKey>4 15.8370333 -17.8365765 -5.180133</EKey>
                <EKey>4 9.794461 -16.4412918 -3.72991538</EKey>
                <EKey>4 14.7878237 -12.5795374 0.4614328</EKey>
                <EKey>2 22.110323 -7.37193871 7.21263456</EKey>
                <EKey>2 25.7303734 -4.422065 10.8711376</EKey>
                <EKey>5 27.295948 -3.04325938 9.333028</EKey>
                <EKey>5 27.0322723 -3.39482713 -5.67452526</EKey>
                <EKey>14 25.477684 -3.43328 -8.871595</EKey>
                <EKey>11 21.3632412 -3.460746 -7.10826254</EKey>
                <EKey>18 26.4280148 -3.5761044 -6.9874115</EKey>
                <EKey>14 17.92996 -0.02746624 -10.2339211</EKey>
                <EKey>1 9.40444 3.63653016 -12.6454563</EKey>
            </Bone>
            <Bone>
                <EKey>129 0 -0.0109864958 19.9954224</EKey>
                <EKey>1 0 -0.0109864958 19.9954224</EKey>
            </Bone>
            <Bone>
                <EKey>2 29.0922413 -21.1874561 -11.5577936</EKey>
                <EKey>4 9.706569 -11.2556648 -15.5898371</EKey>
                <EKey>2 -31.3005257 13.183795 -17.8750286</EKey>
                <EKey>2 -50.24674 23.9450684 -15.1833372</EKey>
                <EKey>1 -65.78714 31.11925 -11.4644079</EKey>
                <EKey>1 -71.2199554 32.96498 -10.0581369</EKey>
                <EKey>1 -74.44999 33.475853 -9.393454</EKey>
                <EKey>1 -74.7026749 32.13001 -9.629663</EKey>
                <EKey>2 -72.09888 28.806591 -10.29984</EKey>
                <EKey>2 -61.8869324 18.3584347 -9.915313</EKey>
                <EKey>2 -48.51087 7.78942537 -4.75165939</EKey>
                <EKey>2 -34.8162041 3.33440137 2.93339443</EKey>
                <EKey>2 -24.9887848 5.932708 8.201419</EKey>
                <EKey>1 -19.7976646 11.0139618 9.398947</EKey>
                <EKey>1 -17.2323189 11.9368277 8.075074</EKey>
                <EKey>3 -13.3595791 9.970245 5.608606</EKey>
                <EKey>1 0.7360952 -5.180133 -0.5493248</EKey>
                <EKey>1 6.10299826 -9.64065 -1.19203484</EKey>
                <EKey>1 16.0952168 -13.150835 -2.63126564</EKey>
                <EKey>1 31.3060188 -15.7711143 -4.30121326</EKey>
                <EKey>1 47.59899 -16.91371 -3.97161818</EKey>
                <EKey>1 60.7608147 -15.5843439 -1.351339</EKey>
                <EKey>2 65.99039 -10.5799952 2.60379958</EKey>
                <EKey>2 61.5793076 2.52140069 9.805448</EKey>
                <EKey>4 55.3994064 7.822385 11.60174</EKey>
                <EKey>2 38.82078 15.760128 15.5513849</EKey>
                <EKey>1 33.73953 17.6278324 17.4795151</EKey>
                <EKey>3 34.03067 17.1444263 17.8475628</EKey>
                <EKey>1 41.545433 11.36553 18.3804073</EKey>
                <EKey>3 42.02884 10.2119474 19.0231171</EKey>
                <EKey>3 35.25017 10.8821239 22.796978</EKey>
                <EKey>2 24.6482029 12.0302124 25.1371021</EKey>
                <EKey>2 16.2655067 11.2391853 21.1984444</EKey>
                <EKey>1 7.81139851 10.7777519 16.584116</EKey>
                <EKey>1 5.08125448 10.6239414 17.2597847</EKey>
                <EKey>2 3.43328 10.3273058 20.78645</EKey>
                <EKey>2 1.82925153 9.393454 32.6518669</EKey>
                <EKey>1 2.279698 8.536508 45.51156</EKey>
                <EKey>2 3.00480652 8.256351 50.3126564</EKey>
                <EKey>5 4.81757832 7.69604 54.1194763</EKey>
                <EKey>9 11.0414286 6.13595772 55.4103928</EKey>
                <EKey>4 21.1050587 2.02700853 49.7633324</EKey>
                <EKey>10 21.5994511 0.6921492 48.63722</EKey>
                <EKey>5 11.2556648 -1.1261158 46.9947357</EKey>
                <EKey>7 8.404669 -4.08697653 43.0395966</EKey>
                <EKey>8 -4.037537 -6.465553 31.49279</EKey>
                <EKey>4 -18.160677 -2.62577248 15.7326622</EKey>
                <EKey>5 -20.44587 0.005493248 9.261616</EKey>
                <EKey>3 -15.3591213 -0.0109864958 2.04898143</EKey>
                <EKey>1 -11.2172117 -0.8294804 -2.08743429</EKey>
            </Bone>
            <Bone>
                <EKey>9 40.5951 57.8219261 140.110779</EKey>
                <EKey>3 46.796978 70.2916 109.150833</EKey>
                <EKey>1 66.35844 72.36256 83.90936</EKey>
                <EKey>4 79.4158859 71.56603 70.19821</EKey>
                <EKey>2 124.185852 53.81735 30.5973911</EKey>
                <EKey>3 128.822159 48.7910271 27.2080574</EKey>
                <EKey>5 129.871368 47.40673 26.4280148</EKey>
                <EKey>11 126.081024 52.04303 29.322958</EKey>
                <EKey>10 58.08011 72.45594 91.79767</EKey>
                <EKey>21 53.10872 72.34608 96.54383</EKey>
                <EKey>8 58.19547 72.6536942 90.62211</EKey>
                <EKey>3 58.2064552 73.01076 88.6720047</EKey>
                <EKey>7 58.21195 72.45594 91.67681</EKey>
                <EKey>7 61.4200058 69.04463 108.491646</EKey>
                <EKey>4 65.92996 66.02884 124.372627</EKey>
                <EKey>8 66.19913 64.7983551 130.03067</EKey>
                <EKey>13 62.20554 62.73289 135.177841</EKey>
                <EKey>10 50.779583 59.92035 138.034332</EKey>
                <EKey>1 41.3641548 58.0361633 139.8581</EKey>
            </Bone>
            <Bone>
                <EKey>4 -33.08583 27.40032 -35.2776375</EKey>
                <EKey>3 -13.7441063 41.3916245 -72.67567</EKey>
                <EKey>3 3.65301 43.6054 -107.112839</EKey>
                <EKey>2 14.590066 43.435112 -137.9849</EKey>
                <EKey>1 18.5287247 46.52781 -155.953308</EKey>
                <EKey>1 21.7477684 52.0650024 -166.643173</EKey>
                <EKey>1 29.7624168 61.8265038 177.514313</EKey>
                <EKey>1 51.295948 72.813 148.8835</EKey>
                <EKey>1 108.310371 77.47677 86.590065</EKey>
                <EKey>1 153.569244 70.50584 38.98558</EKey>
                <EKey>1 173.7734 62.51316 20.3305111</EKey>
                <EKey>1 -169.972076 57.1078033 9.01442</EKey>
                <EKey>2 -153.767 53.2076 -0.6811627</EKey>
                <EKey>2 -123.614555 47.7747765 -17.166399</EKey>
                <EKey>1 -100.477 42.748455 -30.31174</EKey>
                <EKey>1 -93.50057 40.7324333 -34.7777519</EKey>
                <EKey>1 -90.23758 40.08972 -37.3705635</EKey>
                <EKey>1 -91.55047 43.06157 -36.55207</EKey>
                <EKey>2 -96.796524 49.851223 -31.3994045</EKey>
                <EKey>1 -115.945984 63.64477 -8.679332</EKey>
                <EKey>1 -116.160217 62.51316 -6.624857</EKey>
                <EKey>1 -107.07988 55.3719368 -18.5287247</EKey>
                <EKey>1 -97.0052643 45.51705 -31.3060188</EKey>
                <EKey>1 -88.63355 35.0359344 -36.2554359</EKey>
                <EKey>1 -82.34928 30.7237358 -34.0196838</EKey>
                <EKey>1 -77.02083 31.5367355 -28.7571526</EKey>
                <EKey>1 -74.23575 32.36072 -23.9890137</EKey>
                <EKey>1 -88.65003 21.9674988 -27.7299156</EKey>
                <EKey>1 -85.89792 10.0141907 -16.5127029</EKey>
                <EKey>1 -75.5266647 0.752575 -5.50423431</EKey>
                <EKey>1 -62.6999321 -5.229572 -2.93339443</EKey>
                <EKey>1 -49.3073921 -10.3932247 -3.037766</EKey>
                <EKey>1 -38.8867035 -14.5351343 -1.96108949</EKey>
                <EKey>1 -33.1132965 -17.3421841 1.76333261</EKey>
                <EKey>1 -30.2348366 -19.2703133 6.921492</EKey>
                <EKey>2 -28.1693745 -20.2206459 13.870451</EKey>
                <EKey>1 -25.2909126 -19.6878014 33.1572456</EKey>
                <EKey>1 -24.9723053 -17.50698 42.41886</EKey>
                <EKey>1 -24.9668121 -13.150835 48.79652</EKey>
                <EKey>1 -24.64271 -6.58640432 51.5431442</EKey>
                <EKey>2 -23.9395752 2.20279241 51.120163</EKey>
                <EKey>2 -19.9349957 24.0824 42.9187469</EKey>
                <EKey>1 -8.932021 42.4243546 25.57107</EKey>
                <EKey>2 -0.285648882 46.85191 11.6237125</EKey>
                <EKey>1 18.5781651 44.7095451 -22.90135</EKey>
                <EKey>1 25.01625 41.11696 -35.5577927</EKey>
                <EKey>1 23.9230938 36.3433266 -34.55802</EKey>
                <EKey>2 24.87892 35.38201 -29.630579</EKey>
                <EKey>1 30.7676811 36.530098 -17.60586</EKey>
                <EKey>1 35.35454 38.45823 -13.2332344</EKey>
                <EKey>1 40.688488 41.6443138 -11.5248337</EKey>
                <EKey>1 45.9125671 45.5005722 -12.2005033</EKey>
                <EKey>3 49.6314964 48.6317253 -14.13962</EKey>
                <EKey>3 56.2453651 55.8938 -23.895628</EKey>
                <EKey>1 61.7605858 61.70016 -33.9208069</EKey>
                <EKey>1 62.8921967 62.9745941 -35.0414276</EKey>
                <EKey>3 63.584343 63.89746 -33.4319077</EKey>
                <EKey>2 62.3703346 64.90822 -17.85855</EKey>
                <EKey>5 58.0361633 63.4470139 -11.0798807</EKey>
                <EKey>6 51.1091766 56.65736 -5.180133</EKey>
                <EKey>5 53.9931335 44.6271477 -13.4804306</EKey>
                <EKey>11 55.69604 37.56832 -20.2426186</EKey>
                <EKey>16 50.779583 37.36507 -21.011673</EKey>
                <EKey>5 36.5740433 38.8262749 -13.2661934</EKey>
                <EKey>1 31.6301212 37.61776 -10.332799</EKey>
            </Bone>
            <Bone>
                <EKey>13 0 0 -47.2474251</EKey>
                <EKey>5 0 0 -51.6639977</EKey>
                <EKey>10 0 0 -50.7301445</EKey>
                <EKey>3 0 0 -66.8967743</EKey>
                <EKey>2 0 0 -70.50584</EKey>
                <EKey>5 0 0 -77.14717</EKey>
                <EKey>1 0 0 -100.119934</EKey>
                <EKey>1 0 0 -106.964523</EKey>
                <EKey>1 0 0 -109.441978</EKey>
                <EKey>1 0 0 -100.163879</EKey>
                <EKey>1 0 0 -86.9086761</EKey>
                <EKey>1 0 0 -78.68528</EKey>
                <EKey>3 0 0 -80.03113</EKey>
                <EKey>2 0 0 -100.526436</EKey>
                <EKey>1 0 0 -118.264137</EKey>
                <EKey>1 0 0 -123.400322</EKey>
                <EKey>1 0 0 -122.532387</EKey>
                <EKey>1 0 0 -113.276268</EKey>
                <EKey>2 0 0 -97.40078</EKey>
                <EKey>1 0 0 -60.0357056</EKey>
                <EKey>1 0 0 -45.6763573</EKey>
                <EKey>2 0 0 -36.43122</EKey>
                <EKey>1 0 0 -25.87869</EKey>
                <EKey>1 0 0 -22.2861061</EKey>
                <EKey>1 0 0 -27.6585026</EKey>
                <EKey>2 0 0 -43.84161</EKey>
                <EKey>1 0 0 -79.38293</EKey>
                <EKey>1 0 0 -91.3032761</EKey>
                <EKey>2 0 0 -94.21469</EKey>
                <EKey>7 0 0 -84.4477</EKey>
                <EKey>3 0 0 -42.6440849</EKey>
                <EKey>7 0 0 -32.542</EKey>
                <EKey>11 0 0 -24.4614334</EKey>
                <EKey>17 0 0 -18.369421</EKey>
                <EKey>16 0 0 -20.0228882</EKey>
                <EKey>1 0 0 -24.7470818</EKey>
            </Bone>
            <Bone>
                <EKey>8 -89.34768 14.1286335 20.5447464</EKey>
                <EKey>3 -83.7170944 17.45205 20.9127941</EKey>
                <EKey>1 -86.6944351 15.6997023 20.7589836</EKey>
                <EKey>1 -89.34768 14.1286335 20.5447464</EKey>
                <EKey>1 -95.07164 10.3437862 20.2590981</EKey>
                <EKey>2 -104.662849 3.85076666 19.1055164</EKey>
                <EKey>1 -129.245132 -9.311055 11.1512928</EKey>
                <EKey>1 -140.802933 -12.2389565 5.3559165</EKey>
                <EKey>1 -148.52095 -11.4973679 0.598764</EKey>
                <EKey>2 -152.827652 -7.608148 -2.55436015</EKey>
                <EKey>2 -157.606781 5.66353846 -6.30624866</EKey>
                <EKey>2 -156.958572 21.357748 -9.025406</EKey>
                <EKey>1 -149.789886 33.8219261 -14.76585</EKey>
                <EKey>1 -143.5166 36.82124 -19.70428</EKey>
                <EKey>1 -133.738617 35.37652 -26.3730831</EKey>
                <EKey>4 -121.246964 28.6253147 -32.9155426</EKey>
                <EKey>1 -76.6363 -14.0682077 -34.920578</EKey>
                <EKey>1 -71.36828 -19.1714344 -32.542</EKey>
                <EKey>2 -79.8938 -13.4914169 -35.36553</EKey>
                <EKey>1 -104.223389 6.87754631 -38.3703346</EKey>
                <EKey>1 -109.365074 11.3160906 -37.875946</EKey>
                <EKey>1 -71.36828 -19.1714344 -32.542</EKey>
                <EKey>1 -51.62005 -26.7521172 -15.210803</EKey>
                <EKey>1 -45.9729919 -26.4829483 -2.16433978</EKey>
                <EKey>1 -60.99153 -25.4612045 1.94460976</EKey>
                <EKey>1 -84.4916458 -24.2691689 2.482948</EKey>
                <EKey>1 -101.658043 -23.3847561 2.746624</EKey>
                <EKey>2 -105.959259 -23.450676 3.44975972</EKey>
                <EKey>2 -101.476768 -23.30785 2.53788042</EKey>
                <EKey>2 -95.1320648 -22.2861061 -1.1261158</EKey>
                <EKey>1 -89.84207 -21.1325245 -6.168917</EKey>
                <EKey>1 -91.6658249 -19.984436 -9.01442</EKey>
                <EKey>3 -98.38407 -18.1441975 -11.7665367</EKey>
                <EKey>1 -131.338058 -7.399405 -17.1444263</EKey>
                <EKey>1 -139.154953 -2.175326 -18.1057453</EKey>
                <EKey>3 -142.8684 4.43854427 -19.4296169</EKey>
                <EKey>1 -142.231171 27.6585026 -25.9665833</EKey>
                <EKey>3 -140.874344 29.7459373 -28.3836117</EKey>
                <EKey>1 -135.9469 27.7573814 -53.93271</EKey>
                <EKey>1 -135.589844 27.18059 -59.4369431</EKey>
                <EKey>4 -136.617081 27.5376511 -60.19501</EKey>
                <EKey>4 -147.2465 31.382925 -44.7479973</EKey>
                <EKey>2 -160.0238 32.3936844 -26.0984211</EKey>
                <EKey>3 -164.79744 31.25658 -22.17624</EKey>
                <EKey>2 -168.862442 28.6912346 -26.2577248</EKey>
                <EKey>5 -164.737015 26.2577248 -27.2904549</EKey>
                <EKey>8 -147.1696 19.2153816 -26.7301445</EKey>
                <EKey>4 -117.105057 9.679103 -19.7647057</EKey>
                <EKey>8 -107.673149 7.05882359 -14.8482494</EKey>
                <EKey>14 -99.05974 4.103456 -5.05928135</EKey>
                <EKey>9 -93.7148056 1.18104827 12.1400776</EKey>
                <EKey>1 -90.53971 0.0494392328 23.2474251</EKey>
            </Bone>
            <Bone>
                <EKey>4 -40.6060867 -57.8329124 140.110779</EKey>
                <EKey>1 -92.55024 -70.02243 92.60517</EKey>
                <EKey>1 -104.4596 -69.8082 81.42092</EKey>
                <EKey>1 -108.843216 -69.5225449 77.30648</EKey>
                <EKey>2 -101.625084 -69.92905 84.07965</EKey>
                <EKey>1 -63.3371468 -66.81987 119.862671</EKey>
                <EKey>1 -49.04921 -62.27695 132.788284</EKey>
                <EKey>1 -41.6662865 -58.4921036 139.209885</EKey>
                <EKey>1 -40.6060867 -57.8329124 140.110779</EKey>
                <EKey>1 -47.07164 -61.40902 134.485687</EKey>
                <EKey>3 -63.98535 -66.99016 119.126572</EKey>
                <EKey>1 -145.04921 -60.5465775 43.9789429</EKey>
                <EKey>2 -153.409927 -55.50927 37.07393</EKey>
                <EKey>4 -159.238266 -51.4168 33.135273</EKey>
                <EKey>4 -160.990616 -52.4330521 33.783474</EKey>
                <EKey>2 -161.116959 -53.9107361 34.95903</EKey>
                <EKey>1 -157.3431 -55.0643158 36.3433266</EKey>
                <EKey>2 -153.409927 -55.50927 37.07393</EKey>
                <EKey>4 -139.457077 -56.06958 37.48043</EKey>
                <EKey>1 -111.820557 -59.8159752 32.82765</EKey>
                <EKey>4 -107.156784 -61.3595772 31.8113976</EKey>
                <EKey>12 -96.69215 -67.01213 36.66743</EKey>
                <EKey>7 -37.80453 -75.75189 95.8407</EKey>
                <EKey>27 -7.844358 -71.63744 126.547951</EKey>
                <EKey>9 -5.630579 -71.74731 127.569695</EKey>
                <EKey>27 -5.84481573 -71.6704 127.586174</EKey>
                <EKey>5 -34.44816 -60.24445 136.512711</EKey>
                <EKey>1 -39.6008224 -58.21744 139.495529</EKey>
            </Bone>
            <Bone>
                <EKey>3 -31.1906624 -10.6953535 -84.1730347</EKey>
                <EKey>1 -21.9180584 -31.729 -95.8516846</EKey>
                <EKey>1 -17.7376976 -38.47471 -97.31289</EKey>
                <EKey>1 -11.0139618 -43.5999069 -95.56603</EKey>
                <EKey>1 -0.7470817 -45.6598778 -89.84207</EKey>
                <EKey>1 12.0686655 -42.0343323 -82.21744</EKey>
                <EKey>2 24.0219727 -32.98146 -77.56466</EKey>
                <EKey>1 44.5227737 -11.5468073 -80.29481</EKey>
                <EKey>1 54.3447 -4.53742266 -84.03021</EKey>
                <EKey>1 63.0460052 -1.38429844 -85.28268</EKey>
                <EKey>1 70.02792 -0.4943923 -80.77821</EKey>
                <EKey>2 75.25201 0.417486846 -71.17601</EKey>
                <EKey>1 79.71801 2.19729924 -47.08812</EKey>
                <EKey>1 80.4980545 1.26894021 -37.67819</EKey>
                <EKey>2 82.10208 -1.752346 -33.1517525</EKey>
                <EKey>2 89.084 -11.4534216 -31.4048977</EKey>
                <EKey>2 98.42252 -20.0228882 -31.1851673</EKey>
                <EKey>2 107.217209 -26.988327 -33.77798</EKey>
                <EKey>1 114.880295 -32.2838173 -39.5349045</EKey>
                <EKey>1 114.20462 -37.68368 -56.35523</EKey>
                <EKey>1 104.3003 -42.53971 -77.2790146</EKey>
                <EKey>1 93.95102 -45.187458 -81.90982</EKey>
                <EKey>1 84.27192 -48.9173737 -80.94301</EKey>
                <EKey>2 78.13046 -55.6301231 -79.82239</EKey>
                <EKey>1 58.2394142 -70.5882339 -97.32937</EKey>
                <EKey>1 38.3978043 -73.09865 -114.1387</EKey>
                <EKey>2 29.2845039 -72.09888 -112.765396</EKey>
                <EKey>1 40.139164 -66.7759247 -68.42939</EKey>
                <EKey>4 38.30991 -63.584343 -58.9041</EKey>
                <EKey>3 20.4843216 -58.986496 -73.34585</EKey>
                <EKey>2 8.613413 -56.45411 -77.08125</EKey>
                <EKey>2 -7.61364174 -52.75166 -90.96269</EKey>
                <EKey>1 -22.9123363 -44.8688469 -103.591667</EKey>
                <EKey>2 -27.6804752 -41.6333275 -105.195694</EKey>
                <EKey>3 -34.31632 -39.25475 -102.103</EKey>
                <EKey>1 -39.15038 -41.2762642 -91.6054</EKey>
                <EKey>1 -38.7713432 -42.04532 -87.26574</EKey>
                <EKey>2 -34.5470352 -42.298008 -80.4650955</EKey>
                <EKey>1 -17.19936 -39.63928 -61.288166</EKey>
                <EKey>2 -10.9810028 -37.82101 -53.8118553</EKey>
                <EKey>2 -10.025177 -41.084 -45.560997</EKey>
                <EKey>1 -12.8322268 -48.7855339 -37.2716866</EKey>
                <EKey>2 -16.5181961 -53.2130928 -35.36553</EKey>
                <EKey>1 -32.65736 -60.27741 -44.8249</EKey>
                <EKey>5 -39.2986946 -61.31563 -50.1533546</EKey>
                <EKey>8 -51.5266647 -56.415657 -58.0086975</EKey>
                <EKey>5 -56.0970459 -43.6987877 -61.60128</EKey>
                <EKey>8 -56.12451 -40.7489128 -61.24422</EKey>
                <EKey>3 -48.9558258 -46.52781 -51.8342857</EKey>
                <EKey>6 -44.41291 -47.8736534 -45.9235535</EKey>
                <EKey>7 -20.1986732 -44.7644768 -30.4051266</EKey>
                <EKey>6 7.28404665 -39.16686 -19.98993</EKey>
                <EKey>5 26.1808186 -37.88144 -17.6827641</EKey>
                <EKey>3 36.14008 -40.90822 -19.29778</EKey>
                <EKey>5 32.481575 -44.7919426 -27.87274</EKey>
                <EKey>1 14.7548637 -49.82925 -52.7296867</EKey>
            </Bone>
            <Bone>
                <EKey>4 0 0 -94.01694</EKey>
                <EKey>2 0 0 -54.3776627</EKey>
                <EKey>2 0 0 -39.760128</EKey>
                <EKey>2 0 0 -32.4101639</EKey>
                <EKey>2 0 0 -30.2677956</EKey>
                <EKey>1 0 0 -32.3717079</EKey>
                <EKey>4 0 0 -35.7500572</EKey>
                <EKey>2 0 0 -59.8709068</EKey>
                <EKey>3 0 0 -64.98512</EKey>
                <EKey>2 0 0 -67.96796</EKey>
                <EKey>2 0 0 -65.87503</EKey>
                <EKey>2 0 0 -58.6019669</EKey>
                <EKey>1 0 0 -11.1128407</EKey>
                <EKey>1 0 0 -17.0730152</EKey>
                <EKey>1 0 0 -32.3167763</EKey>
                <EKey>1 0 0 -44.36347</EKey>
                <EKey>1 0 0 -46.796978</EKey>
                <EKey>1 0 0 -46.0279236</EKey>
                <EKey>1 0 0 -48.86793</EKey>
                <EKey>1 0 0 -59.46441</EKey>
                <EKey>1 0 0 -73.6699448</EKey>
                <EKey>1 0 0 -85.81003</EKey>
                <EKey>1 0 0 -85.7441</EKey>
                <EKey>2 0 0 -72.66468</EKey>
                <EKey>1 0 0 -41.19936</EKey>
                <EKey>1 0 0 -28.257267</EKey>
                <EKey>3 0 0 -20.8029289</EKey>
                <EKey>4 0 0 -13.4804306</EKey>
                <EKey>8 0 0 -12.8542</EKey>
                <EKey>2 0 0 -18.9901581</EKey>
                <EKey>4 0 0 -23.93408</EKey>
                <EKey>1 0 0 -65.3312</EKey>
                <EKey>1 0 0 -72.52186</EKey>
                <EKey>3 0 0 -71.98901</EKey>
                <EKey>8 0 0 -59.4369431</EKey>
                <EKey>4 0 0 -32.91005</EKey>
                <EKey>5 0 0 -25.6205082</EKey>
                <EKey>11 0 0 -24.3845272</EKey>
                <EKey>19 0 0 -27.7683678</EKey>
                <EKey>5 0 0 -32.43763</EKey>
                <EKey>5 0 0 -30.0920124</EKey>
                <EKey>3 0 0 -19.0670643</EKey>
                <EKey>1 0 0 -10.8766308</EKey>
            </Bone>
            <Bone>
                <EKey>7 106.464638 -13.2607 20.8633556</EKey>
                <EKey>3 111.567863 9.810941 -12.3158617</EKey>
                <EKey>1 120.098877 16.5291824 -29.8228436</EKey>
                <EKey>1 121.268944 18.5616837 -33.1517525</EKey>
                <EKey>1 120.1593 21.0006866 -33.48684</EKey>
                <EKey>1 114.9572 24.0219727 -28.8834972</EKey>
                <EKey>2 105.45388 26.53788 -19.2867928</EKey>
                <EKey>1 82.50858 25.131609 5.02082872</EKey>
                <EKey>1 74.21927 22.4234371 14.1286335</EKey>
                <EKey>1 70.09384 21.1874561 18.8143749</EKey>
                <EKey>2 69.4181747 22.1268024 19.847105</EKey>
                <EKey>5 73.42275 27.1696033 16.6665134</EKey>
                <EKey>1 98.851 40.7653923 -8.058595</EKey>
                <EKey>1 104.267342 42.2375832 -13.5573359</EKey>
                <EKey>1 101.707481 43.66583 -14.8812084</EKey>
                <EKey>1 82.3218155 44.3909378 -6.43259335</EKey>
                <EKey>1 57.508812 41.578392 4.77912569</EKey>
                <EKey>1 39.826046 37.33211 11.6566725</EKey>
                <EKey>1 31.5861759 35.25017 14.7219048</EKey>
                <EKey>2 27.9880981 34.68986 16.4303036</EKey>
                <EKey>1 25.67544 34.8986053 17.6278324</EKey>
                <EKey>1 26.9388885 35.7500572 17.14992</EKey>
                <EKey>1 41.5014877 38.8921967 8.84413</EKey>
                <EKey>1 120.1593 21.0006866 -33.48684</EKey>
                <EKey>1 127.256584 17.6168461 -23.7692833</EKey>
                <EKey>1 128.904556 18.5122452 -9.865873</EKey>
                <EKey>1 126.3447 20.6436253 4.9164567</EKey>
                <EKey>1 122.208282 21.6598759 17.1938667</EKey>
                <EKey>2 120.153809 20.9567413 23.0222015</EKey>
                <EKey>3 120.609749 17.4410629 23.313345</EKey>
                <EKey>7 120.867935 10.7612724 17.1554127</EKey>
                <EKey>2 116.676582 -3.878233 -6.52597857</EKey>
                <EKey>3 115.753723 -5.41634226 -9.723049</EKey>
                <EKey>1 116.912796 -1.30189979 -7.937743</EKey>
                <EKey>3 116.912796 -1.30189979 -7.937743</EKey>
                <EKey>1 118.319069 16.5676365 -29.3669033</EKey>
                <EKey>1 120.1593 21.0006866 -35.6292076</EKey>
                <EKey>12 121.345848 21.24239 -37.1178741</EKey>
                <EKey>6 134.89769 10.4261847 -28.9933624</EKey>
                <EKey>12 138.501266 10.5085831 -26.75761</EKey>
                <EKey>9 139.632874 16.2105751 -24.79652</EKey>
                <EKey>24 127.421379 15.0460062 -16.94667</EKey>
                <EKey>1 91.49554 -0.565804541 1.94460976</EKey>
            </Bone>
        </Rotations>
        <PositionOffset>
            <X>0</X>
            <Z>0</Z>
        </PositionOffset>
        <Positions>
            <Position>
                <Height>16.7799988</Height>
                <YOffset>-0.39</YOffset>
            </Position>
            <Position>
                <Height>16.9499989</Height>
                <YOffset>-0.42</YOffset>
            </Position>
            <Position>
                <Height>17.1</Height>
                <YOffset>-0.429999977</YOffset>
            </Position>
            <Position>
                <Height>17.25</Height>
                <YOffset>-0.42</YOffset>
            </Position>
            <Position>
                <Height>17.46</Height>
                <YOffset>-0.48</YOffset>
            </Position>
            <Position>
                <Height>17.5299988</Height>
                <YOffset>-0.399999976</YOffset>
            </Position>
            <Position>
                <Height>17.38</Height>
                <YOffset>-0.13</YOffset>
            </Position>
            <Position>
                <Height>17.22</Height>
                <YOffset>0.14</YOffset>
            </Position>
            <Position>
                <Height>17.039999</Height>
                <YOffset>0.38</YOffset>
            </Position>
            <Position>
                <Height>16.9</Height>
                <YOffset>0.539999962</YOffset>
            </Position>
            <Position>
                <Height>16.91</Height>
                <YOffset>0.51</YOffset>
            </Position>
            <Position>
                <Height>17.1999989</Height>
                <YOffset>0.42</YOffset>
            </Position>
            <Position>
                <Height>17.51</Height>
                <YOffset>0.269999981</YOffset>
            </Position>
            <Position>
                <Height>17.85</Height>
                <YOffset>0.0899999961</YOffset>
            </Position>
            <Position>
                <Height>18.27</Height>
                <YOffset>-0.12</YOffset>
            </Position>
            <Position>
                <Height>18.59</Height>
                <YOffset>-0.229999989</YOffset>
            </Position>
            <Position>
                <Height>18.65</Height>
                <YOffset>-0.179999992</YOffset>
            </Position>
            <Position>
                <Height>18.59</Height>
                <YOffset>-0.13</YOffset>
            </Position>
            <Position>
                <Height>18.51</Height>
                <YOffset>-0.149999991</YOffset>
            </Position>
            <Position>
                <Height>18.39</Height>
                <YOffset>-0.16</YOffset>
            </Position>
            <Position>
                <Height>18.23</Height>
                <YOffset>-0.13</YOffset>
            </Position>
            <Position>
                <Height>18.09</Height>
                <YOffset>-0.13</YOffset>
            </Position>
            <Position>
                <Height>17.9</Height>
                <YOffset>-0.13</YOffset>
            </Position>
            <Position>
                <Height>17.69</Height>
                <YOffset>-0.13</YOffset>
            </Position>
            <Position>
                <Height>17.51</Height>
                <YOffset>-0.16</YOffset>
            </Position>
            <Position>
                <Height>17.4499989</Height>
                <YOffset>-0.149999991</YOffset>
            </Position>
            <Position>
                <Height>17.44</Height>
                <YOffset>-0.14</YOffset>
            </Position>
            <Position>
                <Height>17.63</Height>
                <YOffset>-0.13</YOffset>
            </Position>
            <Position>
                <Height>17.55</Height>
                <YOffset>-0.12</YOffset>
            </Position>
            <Position>
                <Height>17.44</Height>
                <YOffset>-0.12</YOffset>
            </Position>
            <Position>
                <Height>17.3699989</Height>
                <YOffset>-0.149999991</YOffset>
            </Position>
            <Position>
                <Height>17.41</Height>
                <YOffset>-0.149999991</YOffset>
            </Position>
            <Position>
                <Height>17.6999989</Height>
                <YOffset>-0.13</YOffset>
            </Position>
            <Position>
                <Height>18.16</Height>
                <YOffset>-0.199999988</YOffset>
            </Position>
            <Position>
                <Height>18.55</Height>
                <YOffset>-0.25</YOffset>
            </Position>
            <Position>
                <Height>18.69</Height>
                <YOffset>-0.11</YOffset>
            </Position>
            <Position>
                <Height>18.6</Height>
                <YOffset>0.14</YOffset>
            </Position>
            <Position>
                <Height>18.38</Height>
                <YOffset>0.39</YOffset>
            </Position>
            <Position>
                <Height>18.35</Height>
                <YOffset>0.61</YOffset>
            </Position>
            <Position>
                <Height>18.27</Height>
                <YOffset>0.74</YOffset>
            </Position>
            <Position>
                <Height>18.3</Height>
                <YOffset>0.81</YOffset>
            </Position>
            <Position>
                <Height>18.3599987</Height>
                <YOffset>0.859999955</YOffset>
            </Position>
            <Position>
                <Height>18.39</Height>
                <YOffset>0.94</YOffset>
            </Position>
            <Position>
                <Height>18.4</Height>
                <YOffset>1.01</YOffset>
            </Position>
            <Position>
                <Height>18.39</Height>
                <YOffset>1.06</YOffset>
            </Position>
            <Position>
                <Height>18.3599987</Height>
                <YOffset>1.09</YOffset>
            </Position>
            <Position>
                <Height>18.31</Height>
                <YOffset>1.12</YOffset>
            </Position>
            <Position>
                <Height>18.25</Height>
                <YOffset>1.18</YOffset>
            </Position>
            <Position>
                <Height>18.18</Height>
                <YOffset>1.26</YOffset>
            </Position>
            <Position>
                <Height>18.09</Height>
                <YOffset>1.36</YOffset>
            </Position>
            <Position>
                <Height>17.99</Height>
                <YOffset>1.45999992</YOffset>
            </Position>
            <Position>
                <Height>17.88</Height>
                <YOffset>1.55</YOffset>
            </Position>
            <Position>
                <Height>17.789999</Height>
                <YOffset>1.62</YOffset>
            </Position>
            <Position>
                <Height>17.71</Height>
                <YOffset>1.64</YOffset>
            </Position>
            <Position>
                <Height>17.68</Height>
                <YOffset>1.58999991</YOffset>
            </Position>
            <Position>
                <Height>17.69</Height>
                <YOffset>1.46999991</YOffset>
            </Position>
            <Position>
                <Height>17.74</Height>
                <YOffset>1.28</YOffset>
            </Position>
            <Position>
                <Height>17.7799988</Height>
                <YOffset>1.02</YOffset>
            </Position>
            <Position>
                <Height>17.75</Height>
                <YOffset>0.7</YOffset>
            </Position>
            <Position>
                <Height>17.6099987</Height>
                <YOffset>0.359999985</YOffset>
            </Position>
            <Position>
                <Height>17.3699989</Height>
                <YOffset>0.049999997</YOffset>
            </Position>
            <Position>
                <Height>17.06</Height>
                <YOffset>-0.21</YOffset>
            </Position>
            <Position>
                <Height>16.52</Height>
                <YOffset>-0.19</YOffset>
            </Position>
            <Position>
                <Height>16.1099987</Height>
                <YOffset>-0.199999988</YOffset>
            </Position>
            <Position>
                <Height>15.87</Height>
                <YOffset>-0.26</YOffset>
            </Position>
            <Position>
                <Height>15.83</Height>
                <YOffset>-0.37</YOffset>
            </Position>
            <Position>
                <Height>15.71</Height>
                <YOffset>-0.329999983</YOffset>
            </Position>
            <Position>
                <Height>15.61</Height>
                <YOffset>-0.28</YOffset>
            </Position>
            <Position>
                <Height>15.54</Height>
                <YOffset>-0.22</YOffset>
            </Position>
            <Position>
                <Height>15.5099993</Height>
                <YOffset>-0.179999992</YOffset>
            </Position>
            <Position>
                <Height>15.5</Height>
                <YOffset>-0.14</YOffset>
            </Position>
            <Position>
                <Height>15.53</Height>
                <YOffset>-0.099999994</YOffset>
            </Position>
            <Position>
                <Height>15.58</Height>
                <YOffset>-0.06</YOffset>
            </Position>
            <Position>
                <Height>15.65</Height>
                <YOffset>-0.03</YOffset>
            </Position>
            <Position>
                <Height>15.74</Height>
                <YOffset>-0.01</YOffset>
            </Position>
            <Position>
                <Height>15.8399992</Height>
                <YOffset>0.02</YOffset>
            </Position>
            <Position>
                <Height>15.94</Height>
                <YOffset>0.03</YOffset>
            </Position>
            <Position>
                <Height>16.05</Height>
                <YOffset>0.04</YOffset>
            </Position>
            <Position>
                <Height>16.1199989</Height>
                <YOffset>0.0899999961</YOffset>
            </Position>
            <Position>
                <Height>16.18</Height>
                <YOffset>0.13</YOffset>
            </Position>
            <Position>
                <Height>16.25</Height>
                <YOffset>0.16</YOffset>
            </Position>
            <Position>
                <Height>16.32</Height>
                <YOffset>0.199999988</YOffset>
            </Position>
            <Position>
                <Height>16.41</Height>
                <YOffset>0.25</YOffset>
            </Position>
            <Position>
                <Height>16.5</Height>
                <YOffset>0.299999982</YOffset>
            </Position>
            <Position>
                <Height>16.58</Height>
                <YOffset>0.38</YOffset>
            </Position>
            <Position>
                <Height>16.65</Height>
                <YOffset>0.44</YOffset>
            </Position>
            <Position>
                <Height>16.71</Height>
                <YOffset>0.48</YOffset>
            </Position>
            <Position>
                <Height>16.76</Height>
                <YOffset>0.47</YOffset>
            </Position>
            <Position>
                <Height>16.81</Height>
                <YOffset>0.41</YOffset>
            </Position>
            <Position>
                <Height>16.85</Height>
                <YOffset>0.32</YOffset>
            </Position>
            <Position>
                <Height>16.8699989</Height>
                <YOffset>0.229999989</YOffset>
            </Position>
            <Position>
                <Height>16.84</Height>
                <YOffset>0.17</YOffset>
            </Position>
            <Position>
                <Height>16.7799988</Height>
                <YOffset>0.14</YOffset>
            </Position>
            <Position>
                <Height>16.72</Height>
                <YOffset>0.099999994</YOffset>
            </Position>
            <Position>
                <Height>16.69</Height>
                <YOffset>0.03</YOffset>
            </Position>
            <Position>
                <Height>16.67</Height>
                <YOffset>-0.03</YOffset>
            </Position>
            <Position>
                <Height>16.66</Height>
                <YOffset>-0.08</YOffset>
            </Position>
            <Position>
                <Height>16.69</Height>
                <YOffset>-0.14</YOffset>
            </Position>
            <Position>
                <Height>16.7799988</Height>
                <YOffset>-0.22</YOffset>
            </Position>
            <Position>
                <Height>16.83</Height>
                <YOffset>-0.22</YOffset>
            </Position>
            <Position>
                <Height>16.92</Height>
                <YOffset>-0.22</YOffset>
            </Position>
            <Position>
                <Height>17</Height>
                <YOffset>-0.19</YOffset>
            </Position>
            <Position>
                <Height>17.08</Height>
                <YOffset>-0.13</YOffset>
            </Position>
            <Position>
                <Height>17.16</Height>
                <YOffset>-0.049999997</YOffset>
            </Position>
            <Position>
                <Height>17.25</Height>
                <YOffset>0.03</YOffset>
            </Position>
            <Position>
                <Height>17.33</Height>
                <YOffset>0.11</YOffset>
            </Position>
            <Position>
                <Height>17.41</Height>
                <YOffset>0.19</YOffset>
            </Position>
            <Position>
                <Height>17.49</Height>
                <YOffset>0.26</YOffset>
            </Position>
            <Position>
                <Height>17.57</Height>
                <YOffset>0.31</YOffset>
            </Position>
            <Position>
                <Height>17.65</Height>
                <YOffset>0.329999983</YOffset>
            </Position>
            <Position>
                <Height>17.73</Height>
                <YOffset>0.32</YOffset>
            </Position>
            <Position>
                <Height>17.8</Height>
                <YOffset>0.28</YOffset>
            </Position>
            <Position>
                <Height>17.8699989</Height>
                <YOffset>0.22</YOffset>
            </Position>
            <Position>
                <Height>17.92</Height>
                <YOffset>0.14</YOffset>
            </Position>
            <Position>
                <Height>17.97</Height>
                <YOffset>0.06</YOffset>
            </Position>
            <Position>
                <Height>18</Height>
                <YOffset>-0.02</YOffset>
            </Position>
            <Position>
                <Height>18.01</Height>
                <YOffset>-0.0899999961</YOffset>
            </Position>
            <Position>
                <Height>18.01</Height>
                <YOffset>-0.16</YOffset>
            </Position>
            <Position>
                <Height>18</Height>
                <YOffset>-0.22</YOffset>
            </Position>
            <Position>
                <Height>17.97</Height>
                <YOffset>-0.26</YOffset>
            </Position>
            <Position>
                <Height>17.93</Height>
                <YOffset>-0.29</YOffset>
            </Position>
            <Position>
                <Height>17.89</Height>
                <YOffset>-0.31</YOffset>
            </Position>
            <Position>
                <Height>17.85</Height>
                <YOffset>-0.31</YOffset>
            </Position>
            <Position>
                <Height>17.85</Height>
                <YOffset>-0.34</YOffset>
            </Position>
            <Position>
                <Height>17.92</Height>
                <YOffset>-0.42</YOffset>
            </Position>
            <Position>
                <Height>18</Height>
                <YOffset>-0.48999998</YOffset>
            </Position>
            <Position>
                <Height>18.07</Height>
                <YOffset>-0.53</YOffset>
            </Position>
            <Position>
                <Height>18.14</Height>
                <YOffset>-0.55</YOffset>
            </Position>
            <Position>
                <Height>18.1999989</Height>
                <YOffset>-0.57</YOffset>
            </Position>
            <Position>
                <Height>18.26</Height>
                <YOffset>-0.59</YOffset>
            </Position>
        </Positions>
        <ThrowSource>
            <TargetAdjustment>
                <Position>-0.668051958 2.01110268 11.7387371</Position>
                <Angle>3.14159274</Angle>
            </TargetAdjustment>
            <Distance>15</Distance>
            <TargetType>Thrown12</TargetType>
        </ThrowSource>
        <SelfDamage />
    </Animation>
</Oni>