﻿<?xml version="1.0" encoding="utf-8"?>
<Oni>
    <Animation>
        <Lookup>
            <Type>Kick</Type>
            <AimingType>Kick</AimingType>
            <FromState>None</FromState>
            <ToState>Standing</ToState>
            <Varient>Combat</Varient>
            <FirstLevel>8</FirstLevel>
            <Shortcuts>
                <Shortcut>
                    <FromState>CrouchStart</FromState>
                    <Length>6</Length>
                    <ReplaceAtomic>no</ReplaceAtomic>
                </Shortcut>
            </Shortcuts>
        </Lookup>
        <Flags>Invulnerable Attack Atomic DontAim</Flags>
        <Atomic>
            <Start>0</Start>
            <End>65535</End>
        </Atomic>
        <Invulnerable>
            <Start>1</Start>
            <End>9</End>
        </Invulnerable>
        <Overlay>
            <UsedBones />
            <ReplacedBones />
        </Overlay>
        <DirectAnimations>
            <Link />
            <Link />
        </DirectAnimations>
        <Pause>
            <Hard>0</Hard>
            <Soft>3</Soft>
        </Pause>
        <Interpolation>
            <End>0</End>
            <Max>65535</Max>
        </Interpolation>
        <FinalRotation>0</FinalRotation>
        <Direction>Forward</Direction>
        <Vocalization>7</Vocalization>
        <ActionFrame>65535</ActionFrame>
        <Impact>konflash1</Impact>
        <Particles>
            <Particle>
                <Start>1</Start>
                <End>48</End>
                <Bone>LeftCalf</Bone>
                <Name>contrail</Name>
            </Particle>
            <Particle>
                <Start>1</Start>
                <End>48</End>
                <Bone>RightCalf</Bone>
                <Name>contrail</Name>
            </Particle>
            <Particle>
                <Start>1</Start>
                <End>48</End>
                <Bone>LeftFoot</Bone>
                <Name>glow</Name>
            </Particle>
            <Particle>
                <Start>1</Start>
                <End>48</End>
                <Bone>RightFoot</Bone>
                <Name>glow</Name>
            </Particle>
        </Particles>
        <MotionBlur>
            <MotionBlur>
                <Bones>LeftThigh LeftCalf LeftFoot RightThigh RightCalf RightFoot</Bones>
                <Start>11</Start>
                <End>32</End>
                <Lifetime>3</Lifetime>
                <Alpha>127</Alpha>
                <Interval>1</Interval>
            </MotionBlur>
        </MotionBlur>
        <Footsteps>
            <Footstep>
                <Frame>51</Frame>
                <Type>Right</Type>
            </Footstep>
            <Footstep>
                <Frame>69</Frame>
                <Type>Left</Type>
            </Footstep>
        </Footsteps>
        <Sounds />
        <Heights>
            <Height>6.675465</Height>
            <Height>6.648937</Height>
            <Height>6.590577</Height>
            <Height>6.532218</Height>
            <Height>6.50569</Height>
            <Height>6.542828</Height>
            <Height>6.675465</Height>
            <Height>6.886007</Height>
            <Height>7.134706</Height>
            <Height>7.420153</Height>
            <Height>7.740943</Height>
            <Height>8.09567</Height>
            <Height>8.482928</Height>
            <Height>8.90131</Height>
            <Height>9.34941</Height>
            <Height>9.855482</Height>
            <Height>10.4332581</Height>
            <Height>11.0595512</Height>
            <Height>11.7111778</Height>
            <Height>12.364953</Height>
            <Height>12.9976883</Height>
            <Height>13.5861979</Height>
            <Height>14.1072979</Height>
            <Height>14.5378</Height>
            <Height>14.9228077</Height>
            <Height>15.3184557</Height>
            <Height>15.7181025</Height>
            <Height>16.1151085</Height>
            <Height>16.50283</Height>
            <Height>16.8746357</Height>
            <Height>17.223877</Height>
            <Height>17.5439186</Height>
            <Height>17.8281212</Height>
            <Height>18.06984</Height>
            <Height>18.2624378</Height>
            <Height>18.3992767</Height>
            <Height>18.4737129</Height>
            <Height>18.4791069</Height>
            <Height>18.4088211</Height>
            <Height>18.1994648</Height>
            <Height>17.81152</Height>
            <Height>17.2741566</Height>
            <Height>16.61655</Height>
            <Height>15.8678656</Height>
            <Height>15.0572805</Height>
            <Height>14.2139616</Height>
            <Height>13.367075</Height>
            <Height>12.5458</Height>
            <Height>11.7793055</Height>
            <Height>10.791503</Height>
            <Height>9.656219</Height>
            <Height>8.554129</Height>
            <Height>7.406409</Height>
            <Height>6.377849</Height>
            <Height>5.633234</Height>
            <Height>5.117417</Height>
            <Height>4.680589</Height>
            <Height>4.345548</Height>
            <Height>4.135087</Height>
            <Height>4.072004</Height>
            <Height>4.179094</Height>
            <Height>4.493768</Height>
            <Height>4.996267</Height>
            <Height>5.623636</Height>
            <Height>6.312921</Height>
            <Height>7.001163</Height>
            <Height>7.62541</Height>
            <Height>8.122704</Height>
            <Height>8.430089</Height>
            <Height>8.58534</Height>
            <Height>8.674493</Height>
            <Height>8.706991</Height>
            <Height>8.692278</Height>
            <Height>8.639795</Height>
            <Height>8.558985</Height>
            <Height>8.45929</Height>
            <Height>8.350152</Height>
            <Height>8.241014</Height>
            <Height>8.141319</Height>
            <Height>8.060508</Height>
        </Heights>
        <Velocities>
            <Velocity>-0.0005129576 0.00158303976</Velocity>
            <Velocity>-0.00916898251 0.0132009983</Velocity>
            <Velocity>-0.0228110552 0.0296979547</Velocity>
            <Velocity>-0.04404199 0.0542890429</Velocity>
            <Velocity>-0.032022953 0.0375059843</Velocity>
            <Velocity>0.10855794 -0.13627702</Velocity>
            <Velocity>0.200371981 -0.213094</Velocity>
            <Velocity>0.172864914 -0.156775</Velocity>
            <Velocity>0.143332 -0.136350989</Velocity>
            <Velocity>0.117793083 -0.150559992</Velocity>
            <Velocity>0.0902681351 -0.194974</Velocity>
            <Velocity>0.06945491 -0.235794991</Velocity>
            <Velocity>0.07460594 -0.259566</Velocity>
            <Velocity>0.100577116 -0.287553</Velocity>
            <Velocity>0.145790815 -0.324783027</Velocity>
            <Velocity>0.206491 -0.372048974</Velocity>
            <Velocity>0.2803452 -0.440606952</Velocity>
            <Velocity>-0.07159519 -0.39537</Velocity>
            <Velocity>-1.01010585 0.515831</Velocity>
            <Velocity>-1.1187861 0.668630958</Velocity>
            <Velocity>-1.164799 0.785819054</Velocity>
            <Velocity>-1.151412 0.867085934</Velocity>
            <Velocity>-1.08413386 0.909010053</Velocity>
            <Velocity>-0.964194059 0.931071043</Velocity>
            <Velocity>-0.641782045 1.06448388</Velocity>
            <Velocity>0.9453051 0.857367039</Velocity>
            <Velocity>1.11111987 0.319459915</Velocity>
            <Velocity>0.937867045 0.12245512</Velocity>
            <Velocity>0.759619 0.02616787</Velocity>
            <Velocity>0.606188 0.0177912712</Velocity>
            <Velocity>0.51294 0.092978</Velocity>
            <Velocity>0.499449 0.2459836</Velocity>
            <Velocity>0.473978043 0.5660391</Velocity>
            <Velocity>-0.6440511 0.8099003</Velocity>
            <Velocity>-0.812648 0.511209965</Velocity>
            <Velocity>-0.685654 0.4104581</Velocity>
            <Velocity>-0.580056 0.345625877</Velocity>
            <Velocity>-0.503859 0.3073101</Velocity>
            <Velocity>-0.451209068 0.289964676</Velocity>
            <Velocity>-0.390924931 0.343342781</Velocity>
            <Velocity>0.559731 0.227725029</Velocity>
            <Velocity>0.580738962 0.0171384811</Velocity>
            <Velocity>0.5167 -0.0512914658</Velocity>
            <Velocity>0.430221021 -0.108546257</Velocity>
            <Velocity>0.334996969 -0.133383751</Velocity>
            <Velocity>0.254469037 -0.116773605</Velocity>
            <Velocity>0.216935039 -0.0682477951</Velocity>
            <Velocity>0.237319 -0.0139446259</Velocity>
            <Velocity>0.30855 0.01816082</Velocity>
            <Velocity>0.414346933 0.0146207809</Velocity>
            <Velocity>0.160644054 -0.007068634</Velocity>
            <Velocity>0.082304 -0.08255482</Velocity>
            <Velocity>-0.0359139442 -0.105484962</Velocity>
            <Velocity>-0.130897045 0.0060300827</Velocity>
            <Velocity>-0.08723104 0.137066841</Velocity>
            <Velocity>0.02050507 0.196905136</Velocity>
            <Velocity>0.1259079 0.177762032</Velocity>
            <Velocity>0.186677933 0.105211258</Velocity>
            <Velocity>0.1919272 0.010184288</Velocity>
            <Velocity>0.150971889 -0.0850095749</Velocity>
            <Velocity>0.1033051 -0.148875237</Velocity>
            <Velocity>0.07689595 -0.177465439</Velocity>
            <Velocity>0.0310359 -0.162909508</Velocity>
            <Velocity>-0.00587892532 -0.101746559</Velocity>
            <Velocity>-0.0110280514 -0.0571804047</Velocity>
            <Velocity>-0.0184109211 -0.052116394</Velocity>
            <Velocity>-0.0246930122 -0.0468606949</Velocity>
            <Velocity>-0.0299999714 -0.0416097641</Velocity>
            <Velocity>-0.03443408 -0.0365028381</Velocity>
            <Velocity>-0.03806591 -0.0316362381</Velocity>
            <Velocity>-0.040954113 -0.0270767212</Velocity>
            <Velocity>-0.0431249142 -0.0228700638</Velocity>
            <Velocity>-0.0446050167 -0.0190448761</Velocity>
            <Velocity>-0.04540491 -0.0156240463</Velocity>
            <Velocity>-0.0455441475 -0.01262188</Velocity>
            <Velocity>-0.0450449 -0.0100622177</Velocity>
            <Velocity>-0.0439419746 -0.007958889</Velocity>
            <Velocity>-0.0422899723 -0.006345272</Velocity>
            <Velocity>-0.0401580334 -0.00525188446</Velocity>
            <Velocity>-0.03763604 -0.00471305847</Velocity>
        </Velocities>
        <Rotations>
            <Bone>
                <EKey>6 -0.565804541 36.8267326 104.514534</EKey>
                <EKey>3 -0.565804541 36.8267326 104.514534</EKey>
                <EKey>1 2.14785981 31.2620735 101.98764</EKey>
                <EKey>1 1.86770427 31.8883038 102.245819</EKey>
                <EKey>2 -0.565804541 36.8267326 104.514534</EKey>
                <EKey>2 -16.584116 53.4328232 118.807968</EKey>
                <EKey>2 -63.1284065 65.31472 162.92424</EKey>
                <EKey>2 -119.1815 53.24056 -142.0499</EKey>
                <EKey>1 -141.577484 25.6040287 -117.313805</EKey>
                <EKey>2 -147.284958 9.415427 -108.25544</EKey>
                <EKey>3 -151.3939 -27.1036854 -88.3534</EKey>
                <EKey>2 -75.88373 -68.51179 12.0412</EKey>
                <EKey>1 -25.9885559 -36.04669 72.94484</EKey>
                <EKey>2 -19.72076 -14.9581137 83.11284</EKey>
                <EKey>3 -12.5960178 31.0093842 94.88487</EKey>
                <EKey>2 -173.421829 77.70748 -88.04028</EKey>
                <EKey>3 -171.6695 32.9869537 -81.7615051</EKey>
                <EKey>3 -161.1609 -30.0206 -75.1256561</EKey>
                <EKey>2 -53.91623 -75.68597 27.4717331</EKey>
                <EKey>3 -2.07644773 -35.0688934 76.51545</EKey>
                <EKey>3 13.4200048 39.859005 79.80591</EKey>
                <EKey>2 175.042343 60.58503 -72.90639</EKey>
                <EKey>2 -170.675217 5.75143051 -82.64042</EKey>
                <EKey>1 -161.748688 -49.56008 -80.99794</EKey>
                <EKey>1 -149.603119 -74.340126 -70.6157</EKey>
                <EKey>1 -18.9846649 -82.28886 59.3600349</EKey>
                <EKey>1 7.36095238 -65.76517 86.41428</EKey>
                <EKey>2 12.7168684 -50.8180351 93.7148056</EKey>
                <EKey>2 15.5349054 -25.582056 102.130463</EKey>
                <EKey>1 14.5186539 -3.26298928 104.42115</EKey>
                <EKey>1 14.2604713 6.52597857 98.73014</EKey>
                <EKey>1 15.22179 13.2332344 88.75441</EKey>
                <EKey>5 15.5074387 16.787365 82.75578</EKey>
                <EKey>10 9.01442 25.4007778 81.11879</EKey>
                <EKey>1 -10.2119474 35.3875046 89.99039</EKey>
            </Bone>
            <Bone>
                <EKey>2 -161.149918 -7.778439 -92.70405</EKey>
                <EKey>3 -169.7139 -18.70451 -82.28336</EKey>
                <EKey>1 179.118332 -38.1506081 -65.45205</EKey>
                <EKey>1 177.041885 -44.76997 -61.4584579</EKey>
                <EKey>1 175.926758 -50.955368 -59.1018524</EKey>
                <EKey>1 175.619141 -56.3772049 -59.0634</EKey>
                <EKey>1 175.750977 -60.70039 -62.20554</EKey>
                <EKey>1 175.63562 -64.06775 -71.22545</EKey>
                <EKey>1 174.328217 -66.55619 -87.3810959</EKey>
                <EKey>2 172.0705 -67.84161 -108.497139</EKey>
                <EKey>1 170.158844 -67.5449753 -152.690323</EKey>
                <EKey>1 171.4058 -67.1055145 -171.0158</EKey>
                <EKey>1 172.773636 -67.08354 174.515</EKey>
                <EKey>1 172.603348 -67.56695 164.319519</EKey>
                <EKey>2 171.081711 -68.3415 157.634247</EKey>
                <EKey>2 168.032959 -70.19821 150.762192</EKey>
                <EKey>5 165.495071 -72.4284744 150.4985</EKey>
                <EKey>2 164.0998 -78.37766 161.556427</EKey>
                <EKey>5 161.8146 -80.38819 159.425034</EKey>
                <EKey>2 120.505379 -84.2884 110.216522</EKey>
                <EKey>2 133.090408 -85.81552 122.735634</EKey>
                <EKey>2 -158.4802 -83.5523 -163.742737</EKey>
                <EKey>5 -140.9897 -73.9885559 -136.507217</EKey>
                <EKey>3 -150.800644 -41.237812 -111.924927</EKey>
                <EKey>1 -161.309219 -23.3792629 -102.778671</EKey>
                <EKey>1 -162.896774 -17.5509262 -108.639961</EKey>
                <EKey>1 -162.188141 -12.359808 -119.274895</EKey>
                <EKey>2 -160.770889 -11.6182194 -125.685509</EKey>
                <EKey>2 -159.5459 -21.253376 -117.555504</EKey>
                <EKey>1 -156.260925 -31.2346077 -106.761276</EKey>
                <EKey>1 -154.217438 -36.5026321 -102.987411</EKey>
                <EKey>1 -153.50882 -38.4472427 -101.32296</EKey>
                <EKey>1 -153.706573 -38.5406265 -81.10231</EKey>
                <EKey>1 -155.101852 -37.288166 -66.14969</EKey>
                <EKey>1 -158.205536 -35.4039841 -58.7997246</EKey>
                <EKey>1 -163.1934 -32.64088 -59.2556648</EKey>
                <EKey>1 -168.203247 -28.24628 -68.92378</EKey>
                <EKey>1 -169.093155 -23.5989933 -83.9642944</EKey>
                <EKey>2 -167.785767 -20.97322 -97.36233</EKey>
                <EKey>1 -166.714584 -17.6278324 -117.731285</EKey>
                <EKey>1 -166.401459 -16.3753719 -126.421608</EKey>
                <EKey>2 -166.236664 -15.3151751 -132.782791</EKey>
                <EKey>3 -166.104828 -13.425498 -139.8581</EKey>
                <EKey>6 -165.846649 -10.6953535 -142.582748</EKey>
                <EKey>1 -164.451355 -5.570153 -138.237579</EKey>
            </Bone>
            <Bone>
                <EKey>2 0 0 -85.84848</EKey>
                <EKey>3 0 0 -105.931793</EKey>
                <EKey>1 0 0 -140.945755</EKey>
                <EKey>1 0 0 -150.009613</EKey>
                <EKey>1 0 0 -156.145569</EKey>
                <EKey>1 0 0 -158.370331</EKey>
                <EKey>1 0 0 -155.711609</EKey>
                <EKey>1 0 0 -145.477676</EKey>
                <EKey>1 0 0 -127.3225</EKey>
                <EKey>3 0 0 -103.767456</EKey>
                <EKey>1 0 0 -26.0215149</EKey>
                <EKey>1 0 0 -6.174411</EKey>
                <EKey>1 0 0 6.4271</EKey>
                <EKey>1 0 0 13.0025177</EKey>
                <EKey>2 0 0 16.7653923</EKey>
                <EKey>3 0 0 17.6607914</EKey>
                <EKey>3 0 0 9.23415</EKey>
                <EKey>2 0 0 -0.0494392328</EKey>
                <EKey>5 0 0 -0.944838643</EKey>
                <EKey>2 0 0 6.21835661</EKey>
                <EKey>1 0 0 3.30693531</EKey>
                <EKey>2 0 0 -1.21400774</EKey>
                <EKey>3 0 0 -16.7159538</EKey>
                <EKey>4 0 0 -50.1918068</EKey>
                <EKey>2 0 0 -97.97757</EKey>
                <EKey>1 0 0 -116.401924</EKey>
                <EKey>1 0 0 -111.705193</EKey>
                <EKey>1 0 0 -99.26299</EKey>
                <EKey>1 0 0 -92.54475</EKey>
                <EKey>2 0 0 -100.306709</EKey>
                <EKey>1 0 0 -122.653236</EKey>
                <EKey>1 0 0 -132.1181</EKey>
                <EKey>2 0 0 -137.732208</EKey>
                <EKey>1 0 0 -141.786224</EKey>
                <EKey>1 0 0 -140.802933</EKey>
                <EKey>1 0 0 -137.06752</EKey>
                <EKey>2 0 0 -130.612961</EKey>
                <EKey>4 0 0 -111.315178</EKey>
                <EKey>1 0 0 -61.4145126</EKey>
                <EKey>2 0 0 -51.8013268</EKey>
                <EKey>2 0 0 -41.2048531</EKey>
                <EKey>3 0 0 -37.7441063</EKey>
                <EKey>4 0 0 -42.41337</EKey>
                <EKey>1 0 0 -49.77432</EKey>
            </Bone>
            <Bone>
                <EKey>3 -1.91714346 -12.738842 -3.696956</EKey>
                <EKey>2 -12.9530783 -9.019913 7.465324</EKey>
                <EKey>2 -17.0125885 -9.635157 12.66743</EKey>
                <EKey>2 -16.01831 -9.668117 15.9249258</EKey>
                <EKey>2 -12.7553215 -8.031128 16.7049675</EKey>
                <EKey>5 -9.59121 -7.36095238 11.6896315</EKey>
                <EKey>2 -4.93843 -8.140993 -11.6566725</EKey>
                <EKey>5 -4.75715256 -9.821927 -15.4470129</EKey>
                <EKey>5 -5.76791048 -16.5566483 -16.1666279</EKey>
                <EKey>3 -4.4495306 -20.8798351 -13.6726942</EKey>
                <EKey>3 -6.45456648 -17.58938 -13.5353632</EKey>
                <EKey>2 -8.618906 -11.80499 -12.9365988</EKey>
                <EKey>2 -6.273289 -10.09659 -11.0414286</EKey>
                <EKey>3 1.43923092 -10.9150839 -7.267567</EKey>
                <EKey>2 17.1224537 -9.45937252 -0.9723049</EKey>
                <EKey>2 23.6868839 -5.77340364 0.417486846</EKey>
                <EKey>2 24.5163651 -3.20256352 0.357061118</EKey>
                <EKey>1 21.3138027 -4.09246969 0.7580682</EKey>
                <EKey>1 19.2538338 -5.81734943 1.07667661</EKey>
                <EKey>1 17.6992455 -7.597162 -5.56466</EKey>
                <EKey>1 16.721447 -8.629892 -15.6337833</EKey>
                <EKey>1 16.72694 -8.800183 -17.68826</EKey>
                <EKey>2 16.6939812 -8.305791 -4.45502424</EKey>
                <EKey>1 15.5458918 -8.042115 28.49897</EKey>
                <EKey>1 16.4193172 -9.448386 43.0231171</EKey>
                <EKey>1 18.94072 -11.6456852 53.0153351</EKey>
                <EKey>2 19.7811852 -13.2387276 56.72877</EKey>
                <EKey>1 17.62234 -19.9624634 38.4032974</EKey>
                <EKey>1 15.3206682 -21.7697411 31.3225</EKey>
                <EKey>1 13.51339 -21.1544971 26.16434</EKey>
                <EKey>1 13.7221336 -16.5291824 21.1050587</EKey>
                <EKey>1 16.40833 -9.953765 16.1062031</EKey>
                <EKey>4 17.7981224 -6.99290466 12.1126118</EKey>
                <EKey>3 11.7006178 -10.50309 -6.41062</EKey>
                <EKey>4 7.27855349 -11.36553 -13.9583426</EKey>
                <EKey>4 2.9388876 -11.1677732 -14.6504917</EKey>
                <EKey>1 -2.40054941 -11.7170973 -15.1668577</EKey>
            </Bone>
            <Bone>
                <EKey>6 161.649811 13.3870449 -121.483177</EKey>
                <EKey>5 161.649811 13.3870449 -121.483177</EKey>
                <EKey>2 162.567184 7.30052662 -127.448845</EKey>
                <EKey>1 162.166168 7.6356144 -133.573822</EKey>
                <EKey>1 161.809113 9.4374 -136.325928</EKey>
                <EKey>1 159.666748 17.4190884 -132.21698</EKey>
                <EKey>1 158.0737 27.71893 -132.738846</EKey>
                <EKey>1 157.365067 39.6337852 -139.25383</EKey>
                <EKey>1 159.60083 48.4943924 -151.558716</EKey>
                <EKey>1 163.95697 45.7203026 -156.392761</EKey>
                <EKey>1 163.594421 38.4307632 -155.343552</EKey>
                <EKey>1 162.578171 29.2405586 -149.355911</EKey>
                <EKey>1 164.709549 22.6431675 -139.429611</EKey>
                <EKey>1 168.0055 24.137331 -127.02037</EKey>
                <EKey>1 164.220642 33.3330269 -115.874573</EKey>
                <EKey>1 152.184937 43.24834 -108.596016</EKey>
                <EKey>1 146.406036 44.6601067 -105.4374</EKey>
                <EKey>1 144.203247 43.6163864 -109.892426</EKey>
                <EKey>1 144.291138 39.72717 -119.818726</EKey>
                <EKey>1 144.455933 32.16846 -130.272369</EKey>
                <EKey>1 143.626465 22.52781 -136.507217</EKey>
                <EKey>1 142.7805 14.0737009 -136.52919</EKey>
                <EKey>1 142.566269 10.1844816 -132.650955</EKey>
                <EKey>1 143.813232 12.392767 -133.051956</EKey>
                <EKey>1 146.812546 2.19180584 -140.632645</EKey>
                <EKey>1 147.186081 -10.9315634 -137.199356</EKey>
                <EKey>1 151.108261 -16.5291824 -126.311745</EKey>
                <EKey>1 156.3598 -11.1677732 -114.671547</EKey>
                <EKey>1 158.595566 1.67544055 -110.507668</EKey>
                <EKey>1 162.10025 16.1501484 -116.220642</EKey>
                <EKey>1 172.25177 25.1975288 -132.09613</EKey>
                <EKey>1 -179.39299 14.8207827 -149.597626</EKey>
                <EKey>1 178.036163 0.6756695 -157.167313</EKey>
                <EKey>1 172.905472 -10.7942324 -158.139618</EKey>
                <EKey>1 169.181046 -18.0068665 -155.656677</EKey>
                <EKey>1 166.011444 -20.53376 -152.3003</EKey>
                <EKey>1 161.605865 -19.468071 -150.70726</EKey>
                <EKey>1 155.772034 -16.42481 -152.140991</EKey>
                <EKey>1 149.471268 -12.4092474 -157.2552</EKey>
                <EKey>1 143.79126 -7.602655 -158.134125</EKey>
                <EKey>1 142.720078 0.104371712 -151.899292</EKey>
                <EKey>1 144.620743 4.48249 -148.6473</EKey>
                <EKey>1 145.615021 4.674754 -147.872742</EKey>
                <EKey>1 144.351563 -0.159304187 -147.449753</EKey>
                <EKey>1 143.159531 -8.904554 -144.560318</EKey>
                <EKey>2 142.148773 -18.199131 -137.688263</EKey>
                <EKey>1 141.061111 -34.12955 -115.753723</EKey>
                <EKey>1 144.939346 -38.73289 -101.976654</EKey>
                <EKey>1 149.625092 -39.25475 -89.8640442</EKey>
                <EKey>1 151.679565 -36.51362 -83.55779</EKey>
                <EKey>1 150.454559 -31.8773174 -84.63447</EKey>
                <EKey>1 146.719162 -25.1096363 -95.20897</EKey>
                <EKey>1 144.461426 -17.5674076 -111.188828</EKey>
                <EKey>2 144.6592 -12.6179905 -124.015564</EKey>
                <EKey>1 146.054474 -7.646601 -140.121765</EKey>
                <EKey>1 146.796066 -5.52620745 -146.653244</EKey>
                <EKey>2 147.548645 -3.48271918 -150.8336</EKey>
                <EKey>3 149.174637 0.6097505 -153.679108</EKey>
                <EKey>5 151.992676 6.981918 -151.767456</EKey>
                <EKey>1 157.7551 18.4573135 -146.697189</EKey>
                <EKey>1 159.040512 20.6985588 -146.960861</EKey>
            </Bone>
            <Bone>
                <EKey>4 0 0 -103.38842</EKey>
                <EKey>1 0 0 -107.349052</EKey>
                <EKey>1 0 0 -106.481117</EKey>
                <EKey>2 0 0 -103.38842</EKey>
                <EKey>3 0 0 -91.08354</EKey>
                <EKey>2 0 0 -66.1441956</EKey>
                <EKey>1 0 0 -47.42321</EKey>
                <EKey>1 0 0 -41.0730133</EKey>
                <EKey>1 0 0 -43.48455</EKey>
                <EKey>2 0 0 -40.1446571</EKey>
                <EKey>1 0 0 -20.9127941</EKey>
                <EKey>1 0 0 -34.9315643</EKey>
                <EKey>1 0 0 -46.5882339</EKey>
                <EKey>1 0 0 -56.1794472</EKey>
                <EKey>1 0 0 -63.2986946</EKey>
                <EKey>1 0 0 -67.95148</EKey>
                <EKey>1 0 0 -68.4733353</EKey>
                <EKey>2 0 0 -63.79858</EKey>
                <EKey>1 0 0 -80.52003</EKey>
                <EKey>2 0 0 -84.00275</EKey>
                <EKey>1 0 0 -85.9967957</EKey>
                <EKey>1 0 0 -90.0892639</EKey>
                <EKey>2 0 0 -96.28016</EKey>
                <EKey>1 0 0 -103.437859</EKey>
                <EKey>4 0 0 -104.080566</EKey>
                <EKey>2 0 0 -96.96681</EKey>
                <EKey>2 0 0 -92.07782</EKey>
                <EKey>3 0 0 -82.06912</EKey>
                <EKey>1 0 0 -58.2064552</EKey>
                <EKey>1 0 0 -47.96704</EKey>
                <EKey>1 0 0 -33.64065</EKey>
                <EKey>1 0 0 -30.0810261</EKey>
                <EKey>2 0 0 -46.56077</EKey>
                <EKey>1 0 0 -85.4364853</EKey>
                <EKey>1 0 0 -101.932709</EKey>
                <EKey>2 0 0 -113.31472</EKey>
                <EKey>2 0 0 -127.14122</EKey>
                <EKey>2 0 0 -132.975052</EKey>
                <EKey>1 0 0 -132.475159</EKey>
                <EKey>1 0 0 -129.289078</EKey>
                <EKey>2 0 0 -123.0103</EKey>
                <EKey>3 0 0 -102.663307</EKey>
                <EKey>1 0 0 -67.121994</EKey>
                <EKey>2 0 0 -59.9258423</EKey>
                <EKey>2 0 0 -55.2840462</EKey>
                <EKey>6 0 0 -57.3934555</EKey>
                <EKey>1 0 0 -77.0428</EKey>
                <EKey>1 0 0 -79.31701</EKey>
            </Bone>
            <Bone>
                <EKey>4 1.77981234 9.898832 41.7541771</EKey>
                <EKey>2 0.774547935 9.964751 44.8523674</EKey>
                <EKey>2 1.77981234 9.898832 41.7541771</EKey>
                <EKey>5 5.317464 8.77821 31.8937969</EKey>
                <EKey>1 12.4477 0.335088134 -0.7415885</EKey>
                <EKey>1 12.876173 -0.197756931 -5.3943696</EKey>
                <EKey>1 14.9196615 2.4719615 -9.025406</EKey>
                <EKey>1 15.8919659 6.273289 -16.172121</EKey>
                <EKey>1 16.7983513 11.8379488 -24.84596</EKey>
                <EKey>1 17.7486839 16.06775 -29.9107342</EKey>
                <EKey>1 14.17258 14.3044176 -15.9688721</EKey>
                <EKey>1 11.843442 6.74570847 -5.789883</EKey>
                <EKey>1 12.392767 -3.301442 -2.06546116</EKey>
                <EKey>1 14.17258 -10.953536 -6.476539</EKey>
                <EKey>1 12.5246048 -11.7500572 -17.6662846</EKey>
                <EKey>1 4.77912569 -4.99885559 -29.10872</EKey>
                <EKey>1 -4.6692605 5.427329 -35.03044</EKey>
                <EKey>1 -9.580224 7.926757 -26.9333935</EKey>
                <EKey>1 -13.6342411 7.393912 -14.7328911</EKey>
                <EKey>1 -15.0240326 4.191348 -4.257267</EKey>
                <EKey>1 -12.7498283 -1.09864962 2.06546116</EKey>
                <EKey>1 -8.382696 -6.49851227 2.680705</EKey>
                <EKey>1 -4.949416 -9.118792 -2.19180584</EKey>
                <EKey>1 -5.97116041 -6.43259335 -10.3932247</EKey>
                <EKey>1 -12.5026321 1.63698792 -14.7603569</EKey>
                <EKey>1 -9.629663 1.92813 -10.4975967</EKey>
                <EKey>1 -4.746166 -1.483177 -15.1119251</EKey>
                <EKey>1 -4.37262535 -1.5930419 -24.686655</EKey>
                <EKey>1 -9.355001 3.86724663 -32.25086</EKey>
                <EKey>1 -18.2760353 11.5577936 -32.47608</EKey>
                <EKey>1 -27.14763 17.3147182 -23.7308311</EKey>
                <EKey>1 -30.20737 18.8967724 -10.4701309</EKey>
                <EKey>1 -19.363699 10.3492794 -0.856946647</EKey>
                <EKey>1 -7.36095238 0.510872066 -0.9118791</EKey>
                <EKey>1 1.05470359 -7.003891 -7.41039133</EKey>
                <EKey>1 5.009842 -10.7667656 -17.3586636</EKey>
                <EKey>1 5.30098438 -10.8107119 -27.5046921</EKey>
                <EKey>2 3.504692 -8.042115 -35.72259</EKey>
                <EKey>1 -0.7415885 1.46120393 -47.3957443</EKey>
                <EKey>1 -1.90066373 6.50400543 -45.8631248</EKey>
                <EKey>1 -6.487526 14.6449986 -15.0075531</EKey>
                <EKey>1 -8.102541 9.948272 28.7406731</EKey>
                <EKey>1 3.44975972 2.41153574 61.7386131</EKey>
                <EKey>1 14.8592358 -2.82352948 75.9661255</EKey>
                <EKey>1 23.74731 -9.65713 77.7514343</EKey>
                <EKey>1 26.4884415 -15.7106886 72.09888</EKey>
                <EKey>2 28.0704975 -16.688488 65.8201</EKey>
                <EKey>1 33.55825 -10.7997255 51.7628746</EKey>
                <EKey>1 34.2394142 -6.844587 44.68208</EKey>
                <EKey>2 34.03067 -1.72487986 39.6502647</EKey>
                <EKey>1 33.5527573 9.04737949 33.8219261</EKey>
                <EKey>1 34.0086975 11.75555 30.64683</EKey>
                <EKey>3 33.5967026 11.4149694 27.1750965</EKey>
                <EKey>2 28.95491 3.40581369 15.3041887</EKey>
                <EKey>3 25.3128872 0.950331867 11.469902</EKey>
                <EKey>7 19.72076 0.9283589 12.7663078</EKey>
                <EKey>1 5.74593735 1.86770427 28.6143284</EKey>
            </Bone>
            <Bone>
                <EKey>4 -49.01625 -5.866789 10.8711376</EKey>
                <EKey>1 -53.93271 -6.712749 10.4097052</EKey>
                <EKey>1 -52.85603 -6.53147173 10.5195694</EKey>
                <EKey>1 -49.01625 -5.866789 10.8711376</EKey>
                <EKey>2 -41.8695335 -4.57587528 11.4039822</EKey>
                <EKey>3 -20.737011 -0.455939561 12.0192261</EKey>
                <EKey>1 14.112154 5.97665358 9.843901</EKey>
                <EKey>1 22.8024712 7.267567 8.750744</EKey>
                <EKey>3 28.4055843 7.998169 7.94872952</EKey>
                <EKey>4 35.0359344 8.756237 6.915999</EKey>
                <EKey>6 33.97574 8.640879 7.091783</EKey>
                <EKey>5 28.4055843 7.998169 7.94872952</EKey>
                <EKey>2 33.65713 7.88830376 7.761959</EKey>
                <EKey>1 31.8388653 7.926757 7.827878</EKey>
                <EKey>1 28.4055843 7.998169 7.94872952</EKey>
                <EKey>2 21.9729919 8.217898 8.333257</EKey>
                <EKey>2 0.9942779 8.750744 9.981232</EKey>
                <EKey>1 -22.6157017 8.454108 11.3435564</EKey>
                <EKey>1 -32.2783241 8.080567 11.2941179</EKey>
                <EKey>2 -38.8592339 7.761959 10.541543</EKey>
                <EKey>3 -44.4733353 7.42137766 6.9874115</EKey>
                <EKey>5 -43.85809 6.97642469 -1.06569</EKey>
                <EKey>1 -39.18334 5.06477451 -13.0025177</EKey>
                <EKey>3 -37.91989 4.389105 -12.4531927</EKey>
                <EKey>3 -35.2391853 2.658732 -0.170290679</EKey>
                <EKey>4 -32.1355 1.57656217 12.6619368</EKey>
                <EKey>9 -27.1860828 0.637216747 15.8480206</EKey>
                <EKey>7 -15.7491417 -1.94460976 13.1123829</EKey>
                <EKey>1 -7.04234362 -4.69123363 9.569238</EKey>
            </Bone>
            <Bone>
                <EKey>4 -40.41932 -4.30670643 6.267796</EKey>
                <EKey>1 -45.40719 -4.93843 5.701991</EKey>
                <EKey>1 -44.3195229 -4.806592 5.8338294</EKey>
                <EKey>1 -40.41932 -4.30670643 6.267796</EKey>
                <EKey>2 -33.1737251 -3.30693531 6.9874115</EKey>
                <EKey>3 -11.7665367 0.0988784656 8.311284</EKey>
                <EKey>1 23.4122219 5.98764038 7.602655</EKey>
                <EKey>1 32.173954 7.28954 6.87754631</EKey>
                <EKey>3 37.8265038 8.064088 6.311742</EKey>
                <EKey>4 44.5227737 8.899061 5.54818058</EKey>
                <EKey>6 43.4461 8.77271652 5.67452526</EKey>
                <EKey>5 37.8265038 8.064088 6.311742</EKey>
                <EKey>2 43.056076 8.064088 6.317235</EKey>
                <EKey>1 41.2433052 8.064088 6.317235</EKey>
                <EKey>1 37.8265038 8.064088 6.311742</EKey>
                <EKey>2 31.415884 8.108034 6.36667442</EKey>
                <EKey>2 10.5580225 8.239872 6.66330957</EKey>
                <EKey>1 -12.8816662 8.206912 6.81162739</EKey>
                <EKey>1 -22.5168228 8.151979 6.66880274</EKey>
                <EKey>2 -29.1252 8.113527 6.311742</EKey>
                <EKey>3 -34.9700165 8.195926 4.883497</EKey>
                <EKey>5 -34.8546562 8.349737 1.79079878</EKey>
                <EKey>1 -30.5094986 6.81712055 -1.69741356</EKey>
                <EKey>2 -28.9494171 5.026322 -0.1263447</EKey>
                <EKey>3 -25.4666977 -1.41176474 8.294805</EKey>
                <EKey>1 -17.68826 -11.019455 24.3625546</EKey>
                <EKey>2 -15.210803 -12.7553215 28.0979633</EKey>
                <EKey>5 -12.1730375 -13.3925381 30.0206</EKey>
                <EKey>13 -7.28404665 -11.810483 27.4222927</EKey>
                <EKey>1 2.103914 -4.647288 7.553216</EKey>
            </Bone>
            <Bone>
                <EKey>79 0 -0.0109864958 19.9954224</EKey>
                <EKey>1 0 -0.0109864958 19.9954224</EKey>
            </Bone>
            <Bone>
                <EKey>4 79.93225 -33.7615 -9.838407</EKey>
                <EKey>1 85.19478 -32.2233925 -10.2558937</EKey>
                <EKey>1 84.0412 -32.59144 -10.1789885</EKey>
                <EKey>1 79.93225 -33.7615 -9.838407</EKey>
                <EKey>1 72.3955154 -35.34905 -8.84413</EKey>
                <EKey>1 62.45823 -36.2664223 -6.79514742</EKey>
                <EKey>1 51.48272 -35.51934 -3.6035707</EKey>
                <EKey>1 40.6829948 -32.6793327 0.417486846</EKey>
                <EKey>1 30.8226147 -28.04303 4.520943</EKey>
                <EKey>1 22.3794918 -22.5607681 7.94872952</EKey>
                <EKey>1 15.7491417 -17.5619125 10.2778664</EKey>
                <EKey>2 11.36553 -14.353857 11.4534216</EKey>
                <EKey>2 7.95971632 -12.9530783 12.9585714</EKey>
                <EKey>5 8.915542 -15.4305334 14.8537426</EKey>
                <EKey>2 18.5671787 -28.3067055 18.77592</EKey>
                <EKey>2 19.92401 -32.0476074 17.9684143</EKey>
                <EKey>1 16.4412918 -32.47608 14.4692154</EKey>
                <EKey>1 12.0357065 -30.6413364 11.5083542</EKey>
                <EKey>2 6.13595772 -27.0652332 7.998169</EKey>
                <EKey>2 -7.28954 -13.6232548 0.455939561</EKey>
                <EKey>1 -17.062027 5.28450441 -5.24055862</EKey>
                <EKey>1 -18.8308544 14.7273979 -6.9489584</EKey>
                <EKey>1 -17.8695354 23.0276947 -7.75097275</EKey>
                <EKey>1 -12.7223625 28.3781185 -7.240101</EKey>
                <EKey>1 -4.08697653 30.2183571 -4.48249</EKey>
                <EKey>1 5.41634226 29.559166 1.21400774</EKey>
                <EKey>1 14.0682077 27.3179226 9.371481</EKey>
                <EKey>1 21.0940723 24.25269 18.539711</EKey>
                <EKey>1 26.0050354 21.1325245 26.9663544</EKey>
                <EKey>2 27.982605 18.8748 33.2231636</EKey>
                <EKey>4 28.3726254 14.6834517 38.9416351</EKey>
                <EKey>4 31.1357288 5.103227 38.3978043</EKey>
                <EKey>1 36.0686646 -2.89494157 36.5026321</EKey>
                <EKey>3 36.7937737 -3.39482713 33.8988342</EKey>
                <EKey>2 37.18929 -0.357061118 18.6715488</EKey>
                <EKey>2 38.8592339 1.74135959 7.87731743</EKey>
                <EKey>6 40.8422966 1.53810942 1.36781871</EKey>
                <EKey>13 43.79217 -4.872511 -3.96063161</EKey>
                <EKey>1 47.6813927 -22.17624 -4.33417273</EKey>
            </Bone>
            <Bone>
                <EKey>5 40.5951 57.8219261 140.110779</EKey>
                <EKey>3 73.0547 68.665596 109.96933</EKey>
                <EKey>5 92.39643 70.0663757 96.68116</EKey>
                <EKey>5 113.495995 71.4287 89.4959946</EKey>
                <EKey>17 119.230942 71.8187256 86.95262</EKey>
                <EKey>8 115.566948 71.6044846 88.8313141</EKey>
                <EKey>10 117.385216 71.54406 86.85924</EKey>
                <EKey>5 140.632645 68.14923 60.8487053</EKey>
                <EKey>18 129.59671 69.2973251 68.74799</EKey>
                <EKey>3 51.3893356 62.4527359 132.628983</EKey>
                <EKey>1 43.0505829 59.019455 138.479279</EKey>
            </Bone>
            <Bone>
                <EKey>4 -28.6143284 -18.3419552 -22.3355465</EKey>
                <EKey>1 -29.6964989 -10.1075764 -16.2600136</EKey>
                <EKey>1 -28.9988556 -6.24032974 -14.4692154</EKey>
                <EKey>1 -27.0432587 -0.170290679 -12.6784163</EKey>
                <EKey>1 -22.5333023 8.020142 -11.5468073</EKey>
                <EKey>1 -14.2714577 15.9798584 -12.4531927</EKey>
                <EKey>1 -2.54337382 20.1052876 -16.11719</EKey>
                <EKey>1 9.195697 18.1222248 -20.5392532</EKey>
                <EKey>1 16.7763786 11.3710232 -23.0167084</EKey>
                <EKey>1 19.2153816 3.39482713 -23.450676</EKey>
                <EKey>2 18.2265968 -2.92240787 -23.15404</EKey>
                <EKey>4 14.9141684 -8.217898 -22.8354321</EKey>
                <EKey>4 13.4474707 -12.5575647 -22.5497818</EKey>
                <EKey>3 16.33692 -12.464179 -22.522316</EKey>
                <EKey>2 16.9521637 -8.459601 -22.8189526</EKey>
                <EKey>2 15.00206 -2.84550238 -22.4509048</EKey>
                <EKey>2 10.3053331 10.2778664 -20.017395</EKey>
                <EKey>1 4.46051741 26.0984211 -19.4076443</EKey>
                <EKey>1 1.483177 32.8386345 -21.1325245</EKey>
                <EKey>1 -1.40627146 37.3980331 -25.03273</EKey>
                <EKey>1 -4.22430754 39.760128 -31.9047832</EKey>
                <EKey>1 -8.086061 40.44129 -38.26047</EKey>
                <EKey>1 -13.0629435 38.7713432 -41.9299622</EKey>
                <EKey>1 -17.3311977 34.5745 -44.3909378</EKey>
                <EKey>2 -19.4790573 28.81758 -46.6706352</EKey>
                <EKey>2 -18.4683 18.6276035 -50.8400078</EKey>
                <EKey>3 -18.31449 15.0460062 -53.54818</EKey>
                <EKey>5 -23.4616623 14.40879 -50.90593</EKey>
                <EKey>1 -33.5198 12.5795374 -38.348362</EKey>
                <EKey>2 -36.43122 11.3380632 -34.95903</EKey>
                <EKey>1 -45.1270332 5.954681 -26.8455029</EKey>
                <EKey>1 -46.9068451 4.55390263 -23.928587</EKey>
                <EKey>2 -46.6211929 4.46051741 -21.00618</EKey>
                <EKey>2 -41.6003647 8.080567 -16.8148327</EKey>
                <EKey>1 -32.3332558 13.3760586 -16.3314266</EKey>
                <EKey>8 -29.3998623 14.7273979 -17.0180817</EKey>
                <EKey>8 -30.5864048 17.6937523 -25.8567181</EKey>
                <EKey>2 -33.3330269 24.137331 -33.8219261</EKey>
                <EKey>1 -33.30556 26.3071632 -34.9041</EKey>
            </Bone>
            <Bone>
                <EKey>4 0 0 -47.2474251</EKey>
                <EKey>1 0 0 -43.2428474</EKey>
                <EKey>1 0 0 -44.1217651</EKey>
                <EKey>1 0 0 -47.2474251</EKey>
                <EKey>2 0 0 -53.0702667</EKey>
                <EKey>3 0 0 -70.34104</EKey>
                <EKey>1 0 0 -98.71366</EKey>
                <EKey>1 0 0 -105.734032</EKey>
                <EKey>3 0 0 -110.243988</EKey>
                <EKey>5 0 0 -114.984665</EKey>
                <EKey>4 0 0 -111.710686</EKey>
                <EKey>2 0 0 -109.518883</EKey>
                <EKey>4 0 0 -112.303963</EKey>
                <EKey>2 0 0 -128.602432</EKey>
                <EKey>2 0 0 -132.244446</EKey>
                <EKey>4 0 0 -129.294571</EKey>
                <EKey>13 0 0 -114.440834</EKey>
                <EKey>2 0 0 -59.2007332</EKey>
                <EKey>11 0 0 -55.5696945</EKey>
                <EKey>13 0 0 -53.3669</EKey>
                <EKey>1 0 0 -47.6759</EKey>
            </Bone>
            <Bone>
                <EKey>4 -89.34768 14.1286335 20.5447464</EKey>
                <EKey>2 -88.12268 16.3918514 22.5717564</EKey>
                <EKey>2 -89.34768 14.1286335 20.5447464</EKey>
                <EKey>4 -94.1158142 6.696269 13.31014</EKey>
                <EKey>1 -111.633781 -9.646143 -9.585717</EKey>
                <EKey>2 -115.627373 -11.80499 -14.4472418</EKey>
                <EKey>3 -119.851685 -13.6287479 -19.5284958</EKey>
                <EKey>10 -121.829254 -14.32639 -21.8741131</EKey>
                <EKey>14 -118.302589 -13.0080109 -17.6717777</EKey>
                <EKey>10 -118.302589 -13.0080109 -17.6717777</EKey>
                <EKey>27 -110.370338 -8.866102 -8.036622</EKey>
                <EKey>1 -89.91348 13.1453419 19.6438541</EKey>
            </Bone>
            <Bone>
                <EKey>6 -40.6060867 -57.8329124 140.110779</EKey>
                <EKey>24 -55.74548 -64.77089 126.789658</EKey>
                <EKey>4 -54.1854 -64.2545242 128.195923</EKey>
                <EKey>3 -54.05356 -64.21057 128.316772</EKey>
                <EKey>6 -63.7546349 -66.92424 119.42321</EKey>
                <EKey>8 -107.8764 -69.61593 78.40513</EKey>
                <EKey>2 -139.3527 -64.13916 51.2190437</EKey>
                <EKey>1 -140.9842 -63.2932 49.2304878</EKey>
                <EKey>2 -136.6775 -64.1831055 51.6090622</EKey>
                <EKey>3 -113.155411 -68.0888062 66.61112</EKey>
                <EKey>1 -57.9043274 -69.7312851 106.27787</EKey>
                <EKey>2 -44.6601067 -68.53376 116.149231</EKey>
                <EKey>5 -34.4975967 -66.5507 124.735176</EKey>
                <EKey>12 -29.2350655 -62.9745941 132.892654</EKey>
                <EKey>1 -40.139164 -58.32181 139.369186</EKey>
            </Bone>
            <Bone>
                <EKey>4 -30.5699253 -17.19936 -64.65003</EKey>
                <EKey>1 -35.6786461 -22.247654 -71.17601</EKey>
                <EKey>1 -35.2556648 -23.791256 -71.60998</EKey>
                <EKey>1 -32.6298943 -25.72488 -70.26963</EKey>
                <EKey>1 -27.0981922 -27.6420231 -66.3749161</EKey>
                <EKey>2 -19.1714344 -28.427557 -59.8654137</EKey>
                <EKey>2 -2.72465086 -23.3353176 -42.473793</EKey>
                <EKey>1 5.06477451 -13.8100252 -26.4005489</EKey>
                <EKey>2 5.954681 -10.4316778 -20.3250179</EKey>
                <EKey>3 5.99862671 -7.76745272 -14.0846872</EKey>
                <EKey>10 5.806363 -6.872053 -11.2227058</EKey>
                <EKey>4 6.35568762 -8.349737 -16.52369</EKey>
                <EKey>2 9.091325 -5.50423431 -18.1881447</EKey>
                <EKey>1 8.064088 -6.65232325 -17.545433</EKey>
                <EKey>1 6.06454563 -8.613413 -16.3588924</EKey>
                <EKey>1 2.07095456 -11.5577936 -14.40879</EKey>
                <EKey>1 -3.88372636 -14.0297546 -11.7830172</EKey>
                <EKey>1 -9.970245 -14.1560993 -8.563973</EKey>
                <EKey>1 -13.9803162 -11.5742731 -4.883497</EKey>
                <EKey>1 -14.6724653 -7.536736 -1.37880516</EKey>
                <EKey>2 -12.5685511 -3.88372636 1.24696732</EKey>
                <EKey>3 -7.1686883 -0.7580682 4.185855</EKey>
                <EKey>5 -2.55436015 0.510872066 7.21812773</EKey>
                <EKey>1 -0.7800412 0.598764 8.767223</EKey>
                <EKey>1 -0.351567864 -0.8020142 9.20119</EKey>
                <EKey>2 1.3458457 -4.84504461 9.90982</EKey>
                <EKey>1 6.405127 -18.7319756 12.3488216</EKey>
                <EKey>1 9.45937252 -26.0270081 12.3048754</EKey>
                <EKey>1 12.4257269 -32.11902 9.728542</EKey>
                <EKey>1 13.6177616 -36.2169838 3.93865871</EKey>
                <EKey>2 11.8599224 -37.96933 -4.32867956</EKey>
                <EKey>5 3.11467147 -36.6784172 -19.3362331</EKey>
                <EKey>9 -10.3822384 -30.833601 -42.97368</EKey>
                <EKey>4 -27.0157928 -18.40238 -70.73655</EKey>
                <EKey>1 -30.7182426 -12.326848 -81.4264145</EKey>
            </Bone>
            <Bone>
                <EKey>4 0 0 -93.63241</EKey>
                <EKey>1 0 0 -98.29618</EKey>
                <EKey>1 0 0 -97.27444</EKey>
                <EKey>1 0 0 -93.63241</EKey>
                <EKey>2 0 0 -86.837265</EKey>
                <EKey>3 0 0 -66.68253</EKey>
                <EKey>1 0 0 -33.5857162</EKey>
                <EKey>1 0 0 -25.3952847</EKey>
                <EKey>3 0 0 -20.1327534</EKey>
                <EKey>4 0 0 -13.91989</EKey>
                <EKey>6 0 0 -14.9086752</EKey>
                <EKey>5 0 0 -20.1327534</EKey>
                <EKey>2 0 0 -12.66743</EKey>
                <EKey>1 0 0 -15.2547493</EKey>
                <EKey>1 0 0 -20.1327534</EKey>
                <EKey>1 0 0 -29.2130928</EKey>
                <EKey>3 0 0 -42.60563</EKey>
                <EKey>1 0 0 -91.9130249</EKey>
                <EKey>1 0 0 -105.80545</EKey>
                <EKey>1 0 0 -115.632866</EKey>
                <EKey>2 0 0 -121.636986</EKey>
                <EKey>7 0 0 -127.630119</EKey>
                <EKey>12 0 0 -128.2124</EKey>
                <EKey>15 0 0 -116.055847</EKey>
                <EKey>1 0 0 -95.38476</EKey>
            </Bone>
            <Bone>
                <EKey>4 106.464638 -13.2607 20.8633556</EKey>
                <EKey>1 108.497139 -15.1723509 23.8791485</EKey>
                <EKey>1 108.0412 -14.7603569 23.2089729</EKey>
                <EKey>2 106.464638 -13.2607 20.8633556</EKey>
                <EKey>4 100.367134 -5.954681 11.16228</EKey>
                <EKey>1 90.29252 17.74319 -11.8818951</EKey>
                <EKey>2 89.44106 22.5003433 -16.0018311</EKey>
                <EKey>3 88.94118 27.3289089 -20.2371254</EKey>
                <EKey>10 88.8423 29.526207 -22.1982155</EKey>
                <EKey>14 89.07851 25.582056 -18.6935234</EKey>
                <EKey>10 89.07851 25.582056 -18.6935234</EKey>
                <EKey>27 90.67704 16.0732441 -10.4261847</EKey>
                <EKey>1 105.607689 -12.3872738 19.572443</EKey>
            </Bone>
        </Rotations>
        <PositionOffset>
            <X>0</X>
            <Z>0</Z>
        </PositionOffset>
        <Positions>
            <Position>
                <Height>14.8099995</Height>
                <YOffset>-0.48</YOffset>
            </Position>
            <Position>
                <Height>14.57</Height>
                <YOffset>-0.26</YOffset>
            </Position>
            <Position>
                <Height>14.5099993</Height>
                <YOffset>-0.25</YOffset>
            </Position>
            <Position>
                <Height>14.45</Height>
                <YOffset>-0.229999989</YOffset>
            </Position>
            <Position>
                <Height>14.42</Height>
                <YOffset>-0.22</YOffset>
            </Position>
            <Position>
                <Height>14.46</Height>
                <YOffset>-0.229999989</YOffset>
            </Position>
            <Position>
                <Height>14.5999994</Height>
                <YOffset>-0.269999981</YOffset>
            </Position>
            <Position>
                <Height>14.8499994</Height>
                <YOffset>-0.34</YOffset>
            </Position>
            <Position>
                <Height>15.1399994</Height>
                <YOffset>-0.42</YOffset>
            </Position>
            <Position>
                <Height>15.45</Height>
                <YOffset>-0.48999998</YOffset>
            </Position>
            <Position>
                <Height>15.7599993</Height>
                <YOffset>-0.55</YOffset>
            </Position>
            <Position>
                <Height>16.1199989</Height>
                <YOffset>-0.64</YOffset>
            </Position>
            <Position>
                <Height>16.55</Height>
                <YOffset>-0.729999959</YOffset>
            </Position>
            <Position>
                <Height>17.1999989</Height>
                <YOffset>-0.719999969</YOffset>
            </Position>
            <Position>
                <Height>17.6999989</Height>
                <YOffset>-0.539999962</YOffset>
            </Position>
            <Position>
                <Height>17.6</Height>
                <YOffset>-0.02</YOffset>
            </Position>
            <Position>
                <Height>17.43</Height>
                <YOffset>0.47</YOffset>
            </Position>
            <Position>
                <Height>17.49</Height>
                <YOffset>0.979999959</YOffset>
            </Position>
            <Position>
                <Height>17.6099987</Height>
                <YOffset>1.55</YOffset>
            </Position>
            <Position>
                <Height>17.64</Height>
                <YOffset>2.22</YOffset>
            </Position>
            <Position>
                <Height>17.56</Height>
                <YOffset>3.03</YOffset>
            </Position>
            <Position>
                <Height>17.3599987</Height>
                <YOffset>3.9599998</YOffset>
            </Position>
            <Position>
                <Height>17.0299988</Height>
                <YOffset>4.94</YOffset>
            </Position>
            <Position>
                <Height>16.56</Height>
                <YOffset>5.9</YOffset>
            </Position>
            <Position>
                <Height>16.07</Height>
                <YOffset>6.79</YOffset>
            </Position>
            <Position>
                <Height>15.7</Height>
                <YOffset>7.52</YOffset>
            </Position>
            <Position>
                <Height>15.5599995</Height>
                <YOffset>8.0199995</YOffset>
            </Position>
            <Position>
                <Height>15.6399994</Height>
                <YOffset>8.33</YOffset>
            </Position>
            <Position>
                <Height>15.87</Height>
                <YOffset>8.559999</YOffset>
            </Position>
            <Position>
                <Height>16.1099987</Height>
                <YOffset>8.8</YOffset>
            </Position>
            <Position>
                <Height>16.19</Height>
                <YOffset>9.15</YOffset>
            </Position>
            <Position>
                <Height>15.9299994</Height>
                <YOffset>9.71</YOffset>
            </Position>
            <Position>
                <Height>15.36</Height>
                <YOffset>10.4299994</YOffset>
            </Position>
            <Position>
                <Height>14.66</Height>
                <YOffset>11.17</YOffset>
            </Position>
            <Position>
                <Height>14.0499992</Height>
                <YOffset>11.75</YOffset>
            </Position>
            <Position>
                <Height>13.7599993</Height>
                <YOffset>11.98</YOffset>
            </Position>
            <Position>
                <Height>13.75</Height>
                <YOffset>11.87</YOffset>
            </Position>
            <Position>
                <Height>14.04</Height>
                <YOffset>11.61</YOffset>
            </Position>
            <Position>
                <Height>14.41</Height>
                <YOffset>11.2</YOffset>
            </Position>
            <Position>
                <Height>14.66</Height>
                <YOffset>10.6799994</YOffset>
            </Position>
            <Position>
                <Height>14.78</Height>
                <YOffset>10.08</YOffset>
            </Position>
            <Position>
                <Height>14.88</Height>
                <YOffset>9.4</YOffset>
            </Position>
            <Position>
                <Height>15.0999994</Height>
                <YOffset>8.66</YOffset>
            </Position>
            <Position>
                <Height>15.44</Height>
                <YOffset>7.79999971</YOffset>
            </Position>
            <Position>
                <Height>15.88</Height>
                <YOffset>6.79</YOffset>
            </Position>
            <Position>
                <Height>16.3699989</Height>
                <YOffset>5.67</YOffset>
            </Position>
            <Position>
                <Height>16.84</Height>
                <YOffset>4.49</YOffset>
            </Position>
            <Position>
                <Height>17.4</Height>
                <YOffset>3.29</YOffset>
            </Position>
            <Position>
                <Height>17.85</Height>
                <YOffset>2.11</YOffset>
            </Position>
            <Position>
                <Height>17.98</Height>
                <YOffset>0.98999995</YOffset>
            </Position>
            <Position>
                <Height>17.85</Height>
                <YOffset>0.12</YOffset>
            </Position>
            <Position>
                <Height>17.64</Height>
                <YOffset>-0.31</YOffset>
            </Position>
            <Position>
                <Height>17.27</Height>
                <YOffset>-0.45</YOffset>
            </Position>
            <Position>
                <Height>16.89</Height>
                <YOffset>-0.5</YOffset>
            </Position>
            <Position>
                <Height>16.46</Height>
                <YOffset>-0.55</YOffset>
            </Position>
            <Position>
                <Height>15.7599993</Height>
                <YOffset>-0.56</YOffset>
            </Position>
            <Position>
                <Height>14.4699993</Height>
                <YOffset>-0.56</YOffset>
            </Position>
            <Position>
                <Height>12.8499994</Height>
                <YOffset>-0.55</YOffset>
            </Position>
            <Position>
                <Height>12.24</Height>
                <YOffset>-0.539999962</YOffset>
            </Position>
            <Position>
                <Height>11.6399994</Height>
                <YOffset>-0.53</YOffset>
            </Position>
            <Position>
                <Height>11.28</Height>
                <YOffset>-0.52</YOffset>
            </Position>
            <Position>
                <Height>11.32</Height>
                <YOffset>-0.51</YOffset>
            </Position>
            <Position>
                <Height>11.98</Height>
                <YOffset>-0.5</YOffset>
            </Position>
            <Position>
                <Height>13.0599995</Height>
                <YOffset>-0.48999998</YOffset>
            </Position>
            <Position>
                <Height>14</Height>
                <YOffset>-0.47</YOffset>
            </Position>
            <Position>
                <Height>14.74</Height>
                <YOffset>-0.459999979</YOffset>
            </Position>
            <Position>
                <Height>15.41</Height>
                <YOffset>-0.45</YOffset>
            </Position>
            <Position>
                <Height>15.98</Height>
                <YOffset>-0.44</YOffset>
            </Position>
            <Position>
                <Height>16.3699989</Height>
                <YOffset>-0.44</YOffset>
            </Position>
            <Position>
                <Height>16.6099987</Height>
                <YOffset>-0.45</YOffset>
            </Position>
            <Position>
                <Height>16.7799988</Height>
                <YOffset>-0.45</YOffset>
            </Position>
            <Position>
                <Height>16.9</Height>
                <YOffset>-0.459999979</YOffset>
            </Position>
            <Position>
                <Height>16.97</Height>
                <YOffset>-0.459999979</YOffset>
            </Position>
            <Position>
                <Height>17</Height>
                <YOffset>-0.459999979</YOffset>
            </Position>
            <Position>
                <Height>17</Height>
                <YOffset>-0.459999979</YOffset>
            </Position>
            <Position>
                <Height>16.97</Height>
                <YOffset>-0.47</YOffset>
            </Position>
            <Position>
                <Height>16.92</Height>
                <YOffset>-0.47</YOffset>
            </Position>
            <Position>
                <Height>16.8699989</Height>
                <YOffset>-0.47</YOffset>
            </Position>
            <Position>
                <Height>16.82</Height>
                <YOffset>-0.47</YOffset>
            </Position>
            <Position>
                <Height>16.77</Height>
                <YOffset>-0.48</YOffset>
            </Position>
        </Positions>
        <ThrowSource />
        <SelfDamage />
        <Attacks>
            <Attack>
                <Start>13</Start>
                <End>27</End>
                <Bones>LeftThigh LeftCalf LeftFoot RightThigh RightCalf RightFoot</Bones>
                <Flags>Unblockable</Flags>
                <Knockback>4</Knockback>
                <HitPoints>10</HitPoints>
                <HitType>KnockdownHead</HitType>
                <HitLength>5</HitLength>
                <StunLength>8</StunLength>
                <StaggerLength>0</StaggerLength>
                <Extents>
                    <Extent>
                        <Angle>39.1284</Angle>
                        <Length>6.87</Length>
                        <MinY>-0.3708859</MinY>
                        <MaxY>9.83</MaxY>
                    </Extent>
                    <Extent>
                        <Angle>55.729</Angle>
                        <Length>5.58999968</Length>
                        <MinY>-0.21</MinY>
                        <MaxY>10.45</MaxY>
                    </Extent>
                    <Extent>
                        <Angle>68.6601</Angle>
                        <Length>3.33</Length>
                        <MinY>0.299999982</MinY>
                        <MaxY>11.01</MaxY>
                    </Extent>
                    <Extent>
                        <Angle>342.948944</Angle>
                        <Length>2.77</Length>
                        <MinY>0.76</MinY>
                        <MaxY>12.08</MaxY>
                    </Extent>
                    <Extent>
                        <Angle>330.814362</Angle>
                        <Length>3.34</Length>
                        <MinY>1.25</MinY>
                        <MaxY>13.34</MaxY>
                    </Extent>
                    <Extent>
                        <Angle>330.155182</Angle>
                        <Length>3.82</Length>
                        <MinY>1.8</MinY>
                        <MaxY>14.36</MaxY>
                    </Extent>
                    <Extent>
                        <Angle>346.91507</Angle>
                        <Length>3.42999983</Length>
                        <MinY>2.48</MinY>
                        <MaxY>15.21</MaxY>
                    </Extent>
                    <Extent>
                        <Angle>28.0210571</Angle>
                        <Length>2.76</Length>
                        <MinY>3.3</MinY>
                        <MaxY>15.73</MaxY>
                    </Extent>
                    <Extent>
                        <Angle>55.83337</Angle>
                        <Length>1.89</Length>
                        <MinY>4.22</MinY>
                        <MaxY>15.99</MaxY>
                    </Extent>
                    <Extent>
                        <Angle>347.837952</Angle>
                        <Length>1.48</Length>
                        <MinY>5.16</MinY>
                        <MaxY>16.1199989</MaxY>
                    </Extent>
                    <Extent>
                        <Angle>14.3923092</Angle>
                        <Length>1.5</Length>
                        <MinY>6.08</MinY>
                        <MaxY>16.26</MaxY>
                    </Extent>
                    <Extent>
                        <Angle>37.7111473</Angle>
                        <Length>1.26</Length>
                        <MinY>6.92</MinY>
                        <MaxY>16.58</MaxY>
                    </Extent>
                    <Extent>
                        <Angle>284.715027</Angle>
                        <Length>2.52</Length>
                        <MinY>7.60999966</MinY>
                        <MaxY>17.1199989</MaxY>
                    </Extent>
                    <Extent>
                        <Angle>307.143982</Angle>
                        <Length>5.96</Length>
                        <MinY>8.09</MinY>
                        <MaxY>17.72</MaxY>
                    </Extent>
                    <Extent>
                        <Angle>329.56192</Angle>
                        <Length>8.49</Length>
                        <MinY>8.389999</MinY>
                        <MaxY>18.22</MaxY>
                    </Extent>
                </Extents>
            </Attack>
            <Attack>
                <Start>28</Start>
                <End>40</End>
                <Bones>LeftThigh LeftCalf LeftFoot RightThigh RightCalf RightFoot</Bones>
                <Flags />
                <Knockback>4</Knockback>
                <HitPoints>10</HitPoints>
                <HitType>KnockdownBody</HitType>
                <HitLength>5</HitLength>
                <StunLength>8</StunLength>
                <StaggerLength>0</StaggerLength>
                <Extents>
                    <Extent>
                        <Angle>339.224548</Angle>
                        <Length>9.79</Length>
                        <MinY>8.62</MinY>
                        <MaxY>18.46</MaxY>
                    </Extent>
                    <Extent>
                        <Angle>3.16960382</Angle>
                        <Length>10.51</Length>
                        <MinY>8.86</MinY>
                        <MaxY>18.46</MaxY>
                    </Extent>
                    <Extent>
                        <Angle>27.5156784</Angle>
                        <Length>9.37</Length>
                        <MinY>9.179999</MinY>
                        <MaxY>18.3</MaxY>
                    </Extent>
                    <Extent>
                        <Angle>52.04303</Angle>
                        <Length>6.5</Length>
                        <MinY>9.719999</MinY>
                        <MaxY>18.4499989</MaxY>
                    </Extent>
                    <Extent>
                        <Angle>73.43374</Angle>
                        <Length>2.62999988</Length>
                        <MinY>10.45</MinY>
                        <MaxY>18.81</MaxY>
                    </Extent>
                    <Extent>
                        <Angle>326.49118</Angle>
                        <Length>3.03</Length>
                        <MinY>11.28</MinY>
                        <MaxY>19.09</MaxY>
                    </Extent>
                    <Extent>
                        <Angle>333.2479</Angle>
                        <Length>3.07</Length>
                        <MinY>11.95</MinY>
                        <MaxY>19.4</MaxY>
                    </Extent>
                    <Extent>
                        <Angle>6.36667442</Angle>
                        <Length>3.12</Length>
                        <MinY>12.1799994</MinY>
                        <MaxY>20.08</MaxY>
                    </Extent>
                    <Extent>
                        <Angle>37.7111473</Angle>
                        <Length>2.75</Length>
                        <MinY>12.07</MinY>
                        <MaxY>20.64</MaxY>
                    </Extent>
                    <Extent>
                        <Angle>62.44175</Angle>
                        <Length>1.82999992</Length>
                        <MinY>11.7599993</MinY>
                        <MaxY>20.8332748</MaxY>
                    </Extent>
                    <Extent>
                        <Angle>21.5390244</Angle>
                        <Length>1.53</Length>
                        <MinY>11.3</MinY>
                        <MaxY>20.56</MaxY>
                    </Extent>
                    <Extent>
                        <Angle>16.05127</Angle>
                        <Length>1.49</Length>
                        <MinY>10.73</MinY>
                        <MaxY>19.9</MaxY>
                    </Extent>
                    <Extent>
                        <Angle>39.87549</Angle>
                        <Length>1.8499999</Length>
                        <MinY>10.0999994</MinY>
                        <MaxY>19.15</MaxY>
                    </Extent>
                </Extents>
            </Attack>
        </Attacks>
        <AttackRing>
            <Length>15.0613613</Length>
            <Length>14.4677639</Length>
            <Length>14.4677639</Length>
            <Length>13.7800446</Length>
            <Length>13.7800446</Length>
            <Length>12.974246</Length>
            <Length>12.974246</Length>
            <Length>12.0633183</Length>
            <Length>12.0655117</Length>
            <Length>12.8651981</Length>
            <Length>12.8651981</Length>
            <Length>13.3283834</Length>
            <Length>13.3283834</Length>
            <Length>13.3283834</Length>
            <Length>13.3283834</Length>
            <Length>13.3283834</Length>
            <Length>13.3283834</Length>
            <Length>13.128006</Length>
            <Length>12.4980745</Length>
            <Length>12.3238564</Length>
            <Length>12.1585293</Length>
            <Length>12.1585293</Length>
            <Length>13.2714367</Length>
            <Length>13.3574123</Length>
            <Length>14.8584166</Length>
            <Length>16.2918758</Length>
            <Length>16.2918758</Length>
            <Length>16.2918758</Length>
            <Length>16.2918758</Length>
            <Length>16.2918758</Length>
            <Length>16.2918758</Length>
            <Length>16.1435471</Length>
            <Length>16.1435471</Length>
            <Length>15.6615963</Length>
            <Length>15.6104889</Length>
            <Length>15.0613613</Length>
        </AttackRing>
    </Animation>
</Oni>