﻿<?xml version="1.0" encoding="utf-8"?>
<Oni>
    <Animation>
        <Lookup>
            <Type>Thrown5</Type>
            <AimingType>Thrown5</AimingType>
            <FromState>Standing</FromState>
            <ToState>FallenFront</ToState>
            <Varient>Combat</Varient>
            <FirstLevel>9</FirstLevel>
            <Shortcuts>
                <Shortcut>
                    <FromState>RunningLeftDown</FromState>
                    <Length>6</Length>
                    <ReplaceAtomic>no</ReplaceAtomic>
                </Shortcut>
                <Shortcut>
                    <FromState>RunningRightDown</FromState>
                    <Length>6</Length>
                    <ReplaceAtomic>no</ReplaceAtomic>
                </Shortcut>
                <Shortcut>
                    <FromState>Stunned</FromState>
                    <Length>6</Length>
                    <ReplaceAtomic>yes</ReplaceAtomic>
                </Shortcut>
                <Shortcut>
                    <FromState>WalkingLeftDown</FromState>
                    <Length>6</Length>
                    <ReplaceAtomic>yes</ReplaceAtomic>
                </Shortcut>
                <Shortcut>
                    <FromState>WalkingRightDown</FromState>
                    <Length>6</Length>
                    <ReplaceAtomic>yes</ReplaceAtomic>
                </Shortcut>
            </Shortcuts>
        </Lookup>
        <Flags>Invulnerable DropWeapon Atomic ThrowTarget DontAim</Flags>
        <Atomic>
            <Start>0</Start>
            <End>65535</End>
        </Atomic>
        <Invulnerable>
            <Start>0</Start>
            <End>0</End>
        </Invulnerable>
        <Overlay>
            <UsedBones />
            <ReplacedBones />
        </Overlay>
        <DirectAnimations>
            <Link />
            <Link />
        </DirectAnimations>
        <Pause>
            <Hard>0</Hard>
            <Soft>0</Soft>
        </Pause>
        <Interpolation>
            <End>0</End>
            <Max>65535</Max>
        </Interpolation>
        <FinalRotation>179.999985</FinalRotation>
        <Direction>None</Direction>
        <Vocalization>65535</Vocalization>
        <ActionFrame>65535</ActionFrame>
        <Impact />
        <Particles>
            <Particle>
                <Start>30</Start>
                <End>46</End>
                <Bone>Neck</Bone>
                <Name>snap</Name>
            </Particle>
            <Particle>
                <Start>29</Start>
                <End>46</End>
                <Bone>LeftCalf</Bone>
                <Name>dust</Name>
            </Particle>
            <Particle>
                <Start>29</Start>
                <End>46</End>
                <Bone>RightCalf</Bone>
                <Name>dust</Name>
            </Particle>
            <Particle>
                <Start>130</Start>
                <End>150</End>
                <Bone>Head</Bone>
                <Name>dust</Name>
            </Particle>
            <Particle>
                <Start>130</Start>
                <End>150</End>
                <Bone>Chest</Bone>
                <Name>dust</Name>
            </Particle>
            <Particle>
                <Start>140</Start>
                <End>150</End>
                <Bone>LeftFist</Bone>
                <Name>dust</Name>
            </Particle>
            <Particle>
                <Start>140</Start>
                <End>150</End>
                <Bone>RightFoot</Bone>
                <Name>dust</Name>
            </Particle>
        </Particles>
        <MotionBlur />
        <Footsteps />
        <Sounds />
        <Heights>
            <Height>9.460913</Height>
            <Height>9.460913</Height>
            <Height>9.460913</Height>
            <Height>9.460913</Height>
            <Height>9.460913</Height>
            <Height>9.460913</Height>
            <Height>9.460913</Height>
            <Height>9.460913</Height>
            <Height>9.460913</Height>
            <Height>9.460913</Height>
            <Height>9.460913</Height>
            <Height>9.460913</Height>
            <Height>9.460913</Height>
            <Height>9.460913</Height>
            <Height>9.460913</Height>
            <Height>9.460913</Height>
            <Height>9.460504</Height>
            <Height>9.459319</Height>
            <Height>9.457425</Height>
            <Height>9.454885</Height>
            <Height>9.451763</Height>
            <Height>9.448126</Height>
            <Height>9.444035</Height>
            <Height>9.439557</Height>
            <Height>9.434756</Height>
            <Height>9.429697</Height>
            <Height>9.424445</Height>
            <Height>9.419063</Height>
            <Height>9.413616</Height>
            <Height>9.40817</Height>
            <Height>9.402787</Height>
            <Height>9.397535</Height>
            <Height>9.392476</Height>
            <Height>9.387675</Height>
            <Height>9.383198</Height>
            <Height>9.379107</Height>
            <Height>9.375469</Height>
            <Height>9.372348</Height>
            <Height>9.369807</Height>
            <Height>9.367913</Height>
            <Height>9.366729</Height>
            <Height>9.36632</Height>
            <Height>9.36675</Height>
            <Height>9.368085</Height>
            <Height>9.370389</Height>
            <Height>9.373725</Height>
            <Height>9.37816</Height>
            <Height>9.383758</Height>
            <Height>9.390581</Height>
            <Height>9.398697</Height>
            <Height>9.40817</Height>
            <Height>9.419063</Height>
            <Height>9.431441</Height>
            <Height>9.44537</Height>
            <Height>9.460913</Height>
            <Height>9.488403</Height>
            <Height>9.535705</Height>
            <Height>9.599165</Height>
            <Height>9.67514</Height>
            <Height>9.759985</Height>
            <Height>9.850051</Height>
            <Height>9.94169</Height>
            <Height>10.03126</Height>
            <Height>10.1151075</Height>
            <Height>10.1895914</Height>
            <Height>10.2510633</Height>
            <Height>10.2958775</Height>
            <Height>10.3254185</Height>
            <Height>10.3442259</Height>
            <Height>10.35337</Height>
            <Height>10.35392</Height>
            <Height>10.3469505</Height>
            <Height>10.3335314</Height>
            <Height>10.3147354</Height>
            <Height>10.2916327</Height>
            <Height>10.2652969</Height>
            <Height>10.2367973</Height>
            <Height>10.2093287</Height>
            <Height>10.1849451</Height>
            <Height>10.1630039</Height>
            <Height>10.142869</Height>
            <Height>10.1239014</Height>
            <Height>10.10546</Height>
            <Height>10.0869074</Height>
            <Height>10.067605</Height>
            <Height>10.0469131</Height>
            <Height>10.0241928</Height>
            <Height>9.998805</Height>
            <Height>9.970111</Height>
            <Height>9.937471</Height>
            <Height>9.900248</Height>
            <Height>9.8578</Height>
            <Height>9.809491</Height>
            <Height>9.754678</Height>
            <Height>9.692727</Height>
            <Height>9.622997</Height>
            <Height>9.544847</Height>
            <Height>9.457642</Height>
            <Height>9.360739</Height>
            <Height>9.257345</Height>
            <Height>9.150826</Height>
            <Height>9.040783</Height>
            <Height>8.926817</Height>
            <Height>8.808531</Height>
            <Height>8.685523</Height>
            <Height>8.557399</Height>
            <Height>8.423758</Height>
            <Height>8.284202</Height>
            <Height>8.138332</Height>
            <Height>7.985751</Height>
            <Height>7.826059</Height>
            <Height>7.658858</Height>
            <Height>7.483749</Height>
            <Height>7.300335</Height>
            <Height>7.108216</Height>
            <Height>6.906992</Height>
            <Height>6.696269</Height>
            <Height>6.475646</Height>
            <Height>6.244724</Height>
            <Height>6.003105</Height>
            <Height>5.750391</Height>
            <Height>5.398899</Height>
            <Height>4.895892</Height>
            <Height>4.293384</Height>
            <Height>3.643391</Height>
            <Height>2.99793</Height>
            <Height>2.409015</Height>
            <Height>1.928664</Height>
            <Height>1.608891</Height>
            <Height>1.46558</Height>
            <Height>1.456</Height>
            <Height>1.544243</Height>
            <Height>1.694403</Height>
            <Height>1.870573</Height>
            <Height>2.036845</Height>
            <Height>2.157314</Height>
            <Height>2.196071</Height>
            <Height>2.178593</Height>
            <Height>2.154642</Height>
            <Height>2.124744</Height>
            <Height>2.089423</Height>
            <Height>2.049203</Height>
            <Height>2.004611</Height>
            <Height>1.95617</Height>
            <Height>1.904406</Height>
            <Height>1.849842</Height>
            <Height>1.793005</Height>
            <Height>1.734418</Height>
            <Height>1.674606</Height>
            <Height>1.614096</Height>
            <Height>1.55341</Height>
            <Height>1.493074</Height>
            <Height>1.433612</Height>
            <Height>1.37555</Height>
            <Height>1.319413</Height>
            <Height>1.265724</Height>
        </Heights>
        <Velocities>
            <Velocity>-0.009610999 -0.007319927</Velocity>
            <Velocity>-0.010388 -0.0169730186</Velocity>
            <Velocity>-0.0114980005 -0.0215730667</Velocity>
            <Velocity>-0.0124829989 -0.0211699</Velocity>
            <Velocity>-0.0129070021 -0.0158610344</Velocity>
            <Velocity>-0.012332 -0.00576114655</Velocity>
            <Velocity>-0.010286 0.009057999</Velocity>
            <Velocity>-0.00622099638 0.0286049843</Velocity>
            <Velocity>0.0005199984 0.0529592037</Velocity>
            <Velocity>0.0148140006 0.118033886</Velocity>
            <Velocity>0.038268 0.180069923</Velocity>
            <Velocity>0.0615890026 0.2117219</Velocity>
            <Velocity>0.075226 0.211929321</Velocity>
            <Velocity>0.0729000047 0.159680843</Velocity>
            <Velocity>0.05468799 0.0164198875</Velocity>
            <Velocity>0.0422320068 -0.06967497</Velocity>
            <Velocity>0.04312998 -0.1013608</Velocity>
            <Velocity>0.0422250032 -0.1261282</Velocity>
            <Velocity>0.0394220054 -0.144607067</Velocity>
            <Velocity>0.0346580148 -0.156974792</Velocity>
            <Velocity>0.0279420018 -0.163161278</Velocity>
            <Velocity>0.019344002 -0.162999868</Velocity>
            <Velocity>0.008933991 -0.156381845</Velocity>
            <Velocity>-0.00333100557 -0.143376112</Velocity>
            <Velocity>-0.0176959932 -0.124351025</Velocity>
            <Velocity>-0.03635201 -0.112833977</Velocity>
            <Velocity>-0.055657 -0.113553047</Velocity>
            <Velocity>-0.0716640055 -0.116036892</Velocity>
            <Velocity>-0.08374399 -0.119951963</Velocity>
            <Velocity>-0.0912030041 -0.124326944</Velocity>
            <Velocity>-0.093568 -0.127721071</Velocity>
            <Velocity>-0.0907990038 -0.128466129</Velocity>
            <Velocity>-0.083344996 -0.124986887</Velocity>
            <Velocity>-0.072052 -0.116059065</Velocity>
            <Velocity>-0.0579130054 -0.100776911</Velocity>
            <Velocity>-0.0343790054 -0.0807039738</Velocity>
            <Velocity>-0.000319987535 -0.039041996</Velocity>
            <Velocity>-0.005080998 -0.0127100945</Velocity>
            <Velocity>-0.0148639977 -0.0198578835</Velocity>
            <Velocity>-0.025922 -0.0284631252</Velocity>
            <Velocity>-0.0449100137 -0.040905</Velocity>
            <Velocity>-0.054840982 -0.05263686</Velocity>
            <Velocity>-0.0437580049 -0.0542960167</Velocity>
            <Velocity>-0.0182079971 -0.04181719</Velocity>
            <Velocity>0.015850991 -0.0144360065</Velocity>
            <Velocity>0.06689 0.0322070122</Velocity>
            <Velocity>0.111835986 0.06588721</Velocity>
            <Velocity>0.101881012 0.0272967815</Velocity>
            <Velocity>0.080319 -0.025384903</Velocity>
            <Velocity>0.0147349983 -0.051707983</Velocity>
            <Velocity>-0.0724 -0.0660300255</Velocity>
            <Velocity>-0.130237 -0.09058297</Velocity>
            <Velocity>-0.147322983 -0.12372303</Velocity>
            <Velocity>-0.129531 -0.146988034</Velocity>
            <Velocity>-0.09424603 -0.137365937</Velocity>
            <Velocity>-0.07500297 -0.119984984</Velocity>
            <Velocity>-0.07230705 -0.123676062</Velocity>
            <Velocity>-0.0702319741 -0.12784493</Velocity>
            <Velocity>-0.069094 -0.133747041</Velocity>
            <Velocity>-0.0674790144 -0.140737</Velocity>
            <Velocity>-0.06549895 -0.149824023</Velocity>
            <Velocity>-0.0679659843 -0.169936</Velocity>
            <Velocity>-0.075598 -0.197927982</Velocity>
            <Velocity>-0.0793679953 -0.215953991</Velocity>
            <Velocity>-0.08136606 -0.227495</Velocity>
            <Velocity>-0.08244693 -0.228013009</Velocity>
            <Velocity>-0.08565402 -0.220703989</Velocity>
            <Velocity>-0.08756602 -0.208745</Velocity>
            <Velocity>-0.0869240761 -0.191281021</Velocity>
            <Velocity>-0.0847998857 -0.169180989</Velocity>
            <Velocity>-0.07971501 -0.141410947</Velocity>
            <Velocity>-0.07187009 -0.109972</Velocity>
            <Velocity>-0.0596709251 -0.07238805</Velocity>
            <Velocity>-0.0478830338 -0.0438979864</Velocity>
            <Velocity>-0.03990388 -0.0326379538</Velocity>
            <Velocity>-0.0331351757 -0.0199370384</Velocity>
            <Velocity>-0.02834487 -0.005164027</Velocity>
            <Velocity>-0.0261640549 0.0101319551</Velocity>
            <Velocity>-0.02251196 0.02297008</Velocity>
            <Velocity>-0.0179650784 0.02500701</Velocity>
            <Velocity>-0.0163030624 0.0168489218</Velocity>
            <Velocity>-0.0167880058 0.00314104557</Velocity>
            <Velocity>-0.01794386 -0.01376605</Velocity>
            <Velocity>-0.0173959732 -0.0282249451</Velocity>
            <Velocity>-0.01584816 -0.0368109941</Velocity>
            <Velocity>-0.0154218674 -0.04297602</Velocity>
            <Velocity>-0.0162379742 -0.0465979576</Velocity>
            <Velocity>-0.01820898 -0.0476430655</Velocity>
            <Velocity>-0.0211451054 -0.0461959839</Velocity>
            <Velocity>-0.025067091 -0.0425989628</Velocity>
            <Velocity>-0.0318899155 -0.0379040241</Velocity>
            <Velocity>-0.0481529236 -0.05329895</Velocity>
            <Velocity>-0.0443761349 -0.0954120159</Velocity>
            <Velocity>-0.03761983 -0.109079</Velocity>
            <Velocity>-0.0322082043 -0.1232481</Velocity>
            <Velocity>-0.02857685 -0.140337944</Velocity>
            <Velocity>-0.0270049572 -0.156173944</Velocity>
            <Velocity>-0.02653408 -0.172572136</Velocity>
            <Velocity>-0.026665926 -0.18954587</Velocity>
            <Velocity>-0.02708602 -0.206835032</Velocity>
            <Velocity>-0.0277211666 -0.225734949</Velocity>
            <Velocity>-0.0293328762 -0.248873949</Velocity>
            <Velocity>-0.0305039883 -0.264796019</Velocity>
            <Velocity>-0.0303690434 -0.270865917</Velocity>
            <Velocity>-0.0301499367 -0.276201248</Velocity>
            <Velocity>-0.02978015 -0.280060768</Velocity>
            <Velocity>-0.0293908119 -0.2837491</Velocity>
            <Velocity>-0.0289640427 -0.287029266</Velocity>
            <Velocity>-0.0284450054 -0.289261818</Velocity>
            <Velocity>-0.027878046 -0.290768147</Velocity>
            <Velocity>-0.0273039341 -0.291941643</Velocity>
            <Velocity>-0.02670312 -0.292331219</Velocity>
            <Velocity>-0.02607894 -0.291824818</Velocity>
            <Velocity>-0.0254890919 -0.290871143</Velocity>
            <Velocity>-0.0249269 -0.289147854</Velocity>
            <Velocity>-0.0244259834 -0.286770344</Velocity>
            <Velocity>-0.0242900848 -0.283183575</Velocity>
            <Velocity>-0.02451086 -0.2784872</Velocity>
            <Velocity>-0.02482009 -0.27353096</Velocity>
            <Velocity>-0.0252079964 -0.268260956</Velocity>
            <Velocity>-0.02562499 -0.262336731</Velocity>
            <Velocity>-0.026124 -0.256277084</Velocity>
            <Velocity>-0.0267519951 -0.250471115</Velocity>
            <Velocity>-0.02735591 -0.243764877</Velocity>
            <Velocity>-0.0280001163 -0.236768723</Velocity>
            <Velocity>-0.0379490852 -0.231527328</Velocity>
            <Velocity>-0.0530779362 -0.22315979</Velocity>
            <Velocity>-0.0622899532 -0.209692</Velocity>
            <Velocity>-0.0585451126 -0.186681747</Velocity>
            <Velocity>-0.0446147919 -0.1595211</Velocity>
            <Velocity>-0.029129982 -0.133914948</Velocity>
            <Velocity>-0.0127182007 -0.108175278</Velocity>
            <Velocity>0.004194975 -0.08039856</Velocity>
            <Velocity>0.009570122 -0.06884003</Velocity>
            <Velocity>0.00146198273 -0.07203102</Velocity>
            <Velocity>-0.009654999 -0.0722065</Velocity>
            <Velocity>-0.02076602 -0.0685482</Velocity>
            <Velocity>-0.02846098 -0.06282997</Velocity>
            <Velocity>-0.0333519 -0.0562152863</Velocity>
            <Velocity>-0.0358541 -0.0502510071</Velocity>
            <Velocity>-0.03589797 -0.04530239</Velocity>
            <Velocity>-0.03337407 -0.04146099</Velocity>
            <Velocity>-0.028275013 -0.0386333466</Velocity>
            <Velocity>-0.0207970142 -0.03662491</Velocity>
            <Velocity>-0.0145659447 -0.0344104767</Velocity>
            <Velocity>-0.0110800266 -0.03166771</Velocity>
            <Velocity>-0.0079369545 -0.0288066864</Velocity>
            <Velocity>-0.00523901 -0.0256919861</Velocity>
            <Velocity>-0.00298786163 -0.0222625732</Velocity>
            <Velocity>-0.00123023987 -0.0187282562</Velocity>
            <Velocity>0.000220298767 -0.0149250031</Velocity>
            <Velocity>0.00115585327 -0.01153183</Velocity>
            <Velocity>0.0021238327 -0.00770568848</Velocity>
            <Velocity>0.002726078 -0.00452613831</Velocity>
            <Velocity>0.00336122513 -0.00142478943</Velocity>
            <Velocity>0.00407171249 0.00148773193</Velocity>
        </Velocities>
        <Rotations>
            <Bone>
                <EKey>9 -0.0109864958 63.9963379 89.99588</EKey>
                <EKey>5 -0.0109864958 76.49897 89.99588</EKey>
                <EKey>5 0.32959488 85.21126 96.7800446</EKey>
                <EKey>8 1.307393 86.33189 97.64797</EKey>
                <EKey>8 5.850309 80.8331451 92.56672</EKey>
                <EKey>11 6.998398 69.53353 90.6276</EKey>
                <EKey>5 7.921263 66.48478 89.4630356</EKey>
                <EKey>2 13.3430986 68.29206 81.7065659</EKey>
                <EKey>2 10.8766308 65.54543 82.22293</EKey>
                <EKey>3 4.13641548 58.2064552 85.908905</EKey>
                <EKey>6 -6.86656 40.754406 89.50698</EKey>
                <EKey>3 -24.0824 -1.83474481 85.23323</EKey>
                <EKey>4 -29.7734032 -18.8528271 80.5859451</EKey>
                <EKey>6 -32.822155 -36.2005043 75.32891</EKey>
                <EKey>6 -31.6905479 -58.4206924 70.54429</EKey>
                <EKey>4 -28.6747532 -75.27947 69.62142</EKey>
                <EKey>7 -24.9393463 -80.37171 73.64248</EKey>
                <EKey>6 -17.2982368 -80.30579 85.89792</EKey>
                <EKey>8 -49.2085152 -79.2401 63.4799728</EKey>
                <EKey>10 -56.7177849 -77.58663 69.36324</EKey>
                <EKey>14 -60.3817825 -77.0153351 83.60723</EKey>
                <EKey>6 -95.6209641 -77.16365 79.5367355</EKey>
                <EKey>8 -105.827423 -78.20187 76.13641</EKey>
                <EKey>9 -114.039825 -81.129776 67.46807</EKey>
                <EKey>1 -131.99176 -84.6894 45.2368965</EKey>
            </Bone>
            <Bone>
                <EKey>10 -153.580231 -3.09269857 -144.098877</EKey>
                <EKey>8 -154.129547 -0.269169152 -142.104828</EKey>
                <EKey>7 -155.7226 6.773175 -137.732208</EKey>
                <EKey>6 -156.3653 8.767223 -133.156326</EKey>
                <EKey>6 -153.860382 3.345388 -130.3328</EKey>
                <EKey>9 -151.196152 -1.62600136 -129.893341</EKey>
                <EKey>4 -150.471039 -3.93316555 -130.547043</EKey>
                <EKey>3 -151.602661 -3.07621884 -131.074387</EKey>
                <EKey>2 -149.641571 -7.28404665 -135.578857</EKey>
                <EKey>8 -147.867249 -11.3490505 -144.461426</EKey>
                <EKey>9 -152.723282 -4.581369 -138.479279</EKey>
                <EKey>14 -154.025177 -5.74593735 -140.5887</EKey>
                <EKey>7 -154.62944 -9.684596 -146.7631</EKey>
                <EKey>4 -154.926071 -8.953994 -147.625549</EKey>
                <EKey>5 -155.859924 -7.399405 -145.395279</EKey>
                <EKey>8 -157.117874 -4.433051 -145.15358</EKey>
                <EKey>7 -158.018768 -8.146486 -134.364838</EKey>
                <EKey>5 -159.084457 -9.1847105 -134.870224</EKey>
                <EKey>2 -159.908447 -8.789197 -139.204391</EKey>
                <EKey>1 -160.238037 -8.668345 -143.203476</EKey>
                <EKey>3 -160.408325 -8.629892 -147.9002</EKey>
                <EKey>1 -160.886246 -8.377203 -171.466232</EKey>
                <EKey>1 -161.0016 -8.239872 -175.146713</EKey>
                <EKey>2 -161.0895 -8.091554 -175.025864</EKey>
                <EKey>3 -161.27626 -7.78942537 -169.334854</EKey>
                <EKey>3 -161.638824 -7.399405 -158.49118</EKey>
                <EKey>9 -162.050812 -7.05882359 -157.392532</EKey>
                <EKey>8 -163.215378 -5.96566725 -163.594421</EKey>
                <EKey>1 -164.07782 -4.856031 -171.400314</EKey>
            </Bone>
            <Bone>
                <EKey>10 0 0 -57.3000679</EKey>
                <EKey>6 0 0 -56.7672234</EKey>
                <EKey>15 0 0 -59.07988</EKey>
                <EKey>6 0 0 -48.2636757</EKey>
                <EKey>5 0 0 -41.74319</EKey>
                <EKey>3 0 0 -39.03502</EKey>
                <EKey>3 0 0 -36.95308</EKey>
                <EKey>3 0 0 -39.93042</EKey>
                <EKey>2 0 0 -36.9475861</EKey>
                <EKey>2 0 0 -30.8775463</EKey>
                <EKey>3 0 0 -19.2867928</EKey>
                <EKey>3 0 0 -36.2554359</EKey>
                <EKey>2 0 0 -55.61364</EKey>
                <EKey>3 0 0 -64.36439</EKey>
                <EKey>5 0 0 -67.21538</EKey>
                <EKey>13 0 0 -64.0952148</EKey>
                <EKey>9 0 0 -44.4184036</EKey>
                <EKey>7 0 0 -40.2984657</EKey>
                <EKey>2 0 0 -52.58686</EKey>
                <EKey>6 0 0 -54.46006</EKey>
                <EKey>3 0 0 -75.48272</EKey>
                <EKey>7 0 0 -82.4426651</EKey>
                <EKey>5 0 0 -83.86542</EKey>
                <EKey>1 0 0 -79.1137543</EKey>
                <EKey>1 0 0 -77.14717</EKey>
                <EKey>3 0 0 -73.10414</EKey>
                <EKey>1 0 0 -51.4058151</EKey>
                <EKey>3 0 0 -46.3685036</EKey>
                <EKey>23 0 0 -39.793087</EKey>
                <EKey>1 0 0 -20.1492329</EKey>
            </Bone>
            <Bone>
                <EKey>9 13.150835 1.86770427 18.7704277</EKey>
                <EKey>5 24.071413 7.03135729 14.6834517</EKey>
                <EKey>4 29.9436951 14.6065464 19.48455</EKey>
                <EKey>7 30.66331 15.67773 16.2270546</EKey>
                <EKey>11 28.43305 12.0631723 6.861067</EKey>
                <EKey>9 19.67132 -2.36209655 -2.13687348</EKey>
                <EKey>3 17.7981224 -6.168917 -5.943694</EKey>
                <EKey>3 18.440834 -3.20256352 -4.37811852</EKey>
                <EKey>2 19.4406052 -3.301442 -7.08079672</EKey>
                <EKey>2 17.4465561 -7.163195 -10.3602657</EKey>
                <EKey>6 10.1075764 -12.1071186 -16.2215614</EKey>
                <EKey>3 15.2986956 -1.06569 -18.2760353</EKey>
                <EKey>9 15.4525061 1.61501491 -17.7816429</EKey>
                <EKey>11 16.1776142 -2.34012365 -10.3437862</EKey>
                <EKey>9 15.2877092 -9.821927 2.02151513</EKey>
                <EKey>8 12.2774086 -8.706798 15.9359121</EKey>
                <EKey>2 13.7386131 -11.6346989 36.2554359</EKey>
                <EKey>5 15.4525061 -12.2169828 39.3975754</EKey>
                <EKey>3 21.44564 -12.0796518 39.8205528</EKey>
                <EKey>4 25.2085152 -11.7225914 36.3653</EKey>
                <EKey>6 25.3293667 -11.9642935 23.9505615</EKey>
                <EKey>3 22.4234371 -12.2829027 0.9777981</EKey>
                <EKey>1 20.874342 -12.1126118 -6.009613</EKey>
                <EKey>3 20.4953079 -11.8873882 -4.97688246</EKey>
                <EKey>1 19.1549549 -11.2501717 9.629663</EKey>
                <EKey>2 18.3254757 -11.6786451 11.2776375</EKey>
                <EKey>4 15.6008244 -13.7221336 6.179904</EKey>
                <EKey>4 8.311284 -16.996109 -11.9258413</EKey>
                <EKey>10 4.784619 -16.6060886 -16.2270546</EKey>
                <EKey>6 -0.472419322 -13.9913025 -15.9359121</EKey>
                <EKey>1 -3.21355 -12.3543148 -14.491188</EKey>
            </Bone>
            <Bone>
                <EKey>11 179.327072 13.2277412 -152.975967</EKey>
                <EKey>3 179.382 12.6179905 -159.776611</EKey>
                <EKey>12 179.546814 13.6507206 -163.924011</EKey>
                <EKey>6 175.1632 18.77592 -154.684372</EKey>
                <EKey>9 172.735184 17.1554127 -151.838867</EKey>
                <EKey>4 169.598541 12.4037533 -154.838181</EKey>
                <EKey>5 169.64798 11.0634012 -153.5253</EKey>
                <EKey>3 169.5491 12.1345844 -157.540863</EKey>
                <EKey>4 169.52713 9.662623 -156.420227</EKey>
                <EKey>5 169.175552 11.4094763 -151.6576</EKey>
                <EKey>3 168.214233 15.2272835 -147.784851</EKey>
                <EKey>5 168.219727 13.837491 -148.62532</EKey>
                <EKey>5 168.664688 7.73998642 -157.1783</EKey>
                <EKey>9 168.384521 1.90066373 -165.127029</EKey>
                <EKey>5 166.879379 -6.778668 -166.434418</EKey>
                <EKey>7 166.593735 -8.448615 -166.736557</EKey>
                <EKey>5 166.016937 -6.910506 -161.441055</EKey>
                <EKey>5 165.484085 -2.41153574 -156.71138</EKey>
                <EKey>5 164.726028 -1.17006183 -161.3257</EKey>
                <EKey>5 163.6878 -2.103914 -158.485687</EKey>
                <EKey>7 162.803391 -1.61501491 -161.1609</EKey>
                <EKey>4 162.287018 3.301442 -166.8684</EKey>
                <EKey>5 162.501266 6.959945 179.794</EKey>
                <EKey>5 162.490265 9.931792 178.678879</EKey>
                <EKey>6 162.435333 12.6784163 -175.838867</EKey>
                <EKey>5 162.006866 15.930419 -163.248337</EKey>
                <EKey>7 161.2488 18.55619 -162.5562</EKey>
                <EKey>1 160.446777 22.27512 -167.829712</EKey>
            </Bone>
            <Bone>
                <EKey>10 0 0 -55.1577034</EKey>
                <EKey>5 0 0 -54.7731743</EKey>
                <EKey>15 0 0 -46.9562836</EKey>
                <EKey>4 0 0 -61.33211</EKey>
                <EKey>6 0 0 -58.12955</EKey>
                <EKey>5 0 0 -48.3241</EKey>
                <EKey>5 0 0 -50.6916924</EKey>
                <EKey>5 0 0 -46.5882339</EKey>
                <EKey>4 0 0 -54.3007545</EKey>
                <EKey>5 0 0 -53.3559151</EKey>
                <EKey>8 0 0 -45.0336456</EKey>
                <EKey>4 0 0 -28.9768829</EKey>
                <EKey>9 0 0 -28.5868626</EKey>
                <EKey>4 0 0 -37.9913025</EKey>
                <EKey>12 0 0 -39.551384</EKey>
                <EKey>4 0 0 -55.4982834</EKey>
                <EKey>1 0 0 -52.7571526</EKey>
                <EKey>4 0 0 -51.0762177</EKey>
                <EKey>4 0 0 -61.6507225</EKey>
                <EKey>9 0 0 -63.6173019</EKey>
                <EKey>10 0 0 -60.83772</EKey>
                <EKey>3 0 0 -42.7319756</EKey>
                <EKey>6 0 0 -41.9739075</EKey>
                <EKey>2 0 0 -52.1803627</EKey>
                <EKey>4 0 0 -51.8782349</EKey>
                <EKey>7 0 0 -42.3419533</EKey>
                <EKey>1 0 0 -16.6555271</EKey>
            </Bone>
            <Bone>
                <EKey>9 -8.003662 13.02449 25.3458462</EKey>
                <EKey>5 2.2302587 18.265049 27.9111919</EKey>
                <EKey>3 8.866102 25.7688255 30.7237358</EKey>
                <EKey>8 8.602427 26.6587315 29.5042343</EKey>
                <EKey>6 -0.0659189746 25.889677 26.3785763</EKey>
                <EKey>11 -4.30121326 21.2149239 25.5490952</EKey>
                <EKey>4 -5.12520027 11.6127262 28.5593948</EKey>
                <EKey>4 -5.696498 11.1018543 27.9661255</EKey>
                <EKey>3 -4.60334158 13.7715721 25.4941635</EKey>
                <EKey>2 -6.487526 9.173724 26.7246513</EKey>
                <EKey>1 -12.0466928 3.10368514 25.6919212</EKey>
                <EKey>2 -16.25452 -0.291142136 24.0549316</EKey>
                <EKey>2 -16.89723 -4.032044 19.9020367</EKey>
                <EKey>2 -15.6392765 -7.71801329 15.9963379</EKey>
                <EKey>1 -17.9244671 -13.2552071 12.4202337</EKey>
                <EKey>2 -17.5014877 -15.5403986 11.6456852</EKey>
                <EKey>1 -7.13023567 -17.9519348 14.6669722</EKey>
                <EKey>2 -2.04898143 -18.677042 16.825819</EKey>
                <EKey>5 2.2522316 -19.7647057 20.37995</EKey>
                <EKey>3 2.081941 -19.638361 26.3236446</EKey>
                <EKey>2 6.273289 -14.7328911 30.8116264</EKey>
                <EKey>4 10.4975967 -9.8713665 33.5527573</EKey>
                <EKey>3 9.816434 -6.092012 36.41474</EKey>
                <EKey>5 6.932479 -5.476768 37.7111473</EKey>
                <EKey>3 4.493477 -5.317464 36.05768</EKey>
                <EKey>12 4.47150373 -4.09246969 36.5575638</EKey>
                <EKey>2 0.8239872 -1.29640651 60.3707924</EKey>
                <EKey>7 0.291142136 -0.8404669 61.5902939</EKey>
                <EKey>9 -1.84023809 -0.175783932 57.9153137</EKey>
                <EKey>4 -0.8294804 2.13138 36.22797</EKey>
                <EKey>9 -1.12062252 3.44426632 34.31632</EKey>
                <EKey>7 1.49965668 3.47173262 16.9356823</EKey>
                <EKey>5 2.768597 2.60929275 10.8271914</EKey>
                <EKey>7 3.389334 1.05470359 -1.48867023</EKey>
                <EKey>1 3.41130686 -1.54909587 -23.7747765</EKey>
            </Bone>
            <Bone>
                <EKey>8 13.9967957 -0.0109864958 5.322957</EKey>
                <EKey>3 13.9858093 -0.3790341 6.05905247</EKey>
                <EKey>4 14.1560993 1.9116503 1.65896082</EKey>
                <EKey>7 15.0624857 6.910506 -8.745251</EKey>
                <EKey>3 16.4632645 10.7667656 -21.5225449</EKey>
                <EKey>3 15.6942091 11.0249481 -23.3847561</EKey>
                <EKey>7 12.7827883 9.772488 -20.3360043</EKey>
                <EKey>6 4.389105 2.79057 -7.21263456</EKey>
                <EKey>4 3.29594874 -2.11490035 -6.39414072</EKey>
                <EKey>4 3.3783474 -4.98786926 -7.245594</EKey>
                <EKey>2 5.14168024 -2.18631268 -5.94918728</EKey>
                <EKey>3 0.818493962 -1.37880516 -5.559167</EKey>
                <EKey>4 -13.4694443 -1.53810942 -5.46028852</EKey>
                <EKey>4 -21.8191814 -1.29091322 -5.90524149</EKey>
                <EKey>3 -25.8731976 -0.8239872 -6.5094986</EKey>
                <EKey>2 -24.45594 -0.5053788 -5.586633</EKey>
                <EKey>5 -19.2208748 -0.225223169 -3.43877316</EKey>
                <EKey>2 2.87846184 2.53238726 4.207828</EKey>
                <EKey>3 8.415656 3.768368 5.701991</EKey>
                <EKey>6 9.393454 4.427558 5.75692368</EKey>
                <EKey>16 3.85076666 4.213321 1.77981234</EKey>
                <EKey>13 4.520943 4.37811852 -19.4790573</EKey>
                <EKey>12 2.84550238 2.927901 -23.74731</EKey>
                <EKey>5 0.40650034 1.07118332 -21.1544971</EKey>
                <EKey>6 -0.714122236 0.247196153 -17.0400543</EKey>
                <EKey>2 -2.4719615 -1.56008244 4.43854427</EKey>
                <EKey>7 -2.73563743 -2.0050354 7.10276937</EKey>
                <EKey>11 -3.147631 -2.658732 1.26894021</EKey>
                <EKey>1 -4.647288 -5.1361866 5.37239647</EKey>
            </Bone>
            <Bone>
                <EKey>7 -5.52620745 -6.487526 4.30670643</EKey>
                <EKey>2 -5.586633 -6.806134 7.36644554</EKey>
                <EKey>1 -5.52620745 -6.487526 4.30670643</EKey>
                <EKey>3 -5.427329 -6.13595772 -0.0769054741</EKey>
                <EKey>1 -4.60334158 -4.48249 -23.7088585</EKey>
                <EKey>1 -4.2023344 -3.86724663 -30.1963844</EKey>
                <EKey>2 -3.82879376 -3.24650955 -33.5472641</EKey>
                <EKey>6 -2.927901 -1.64248109 -33.32204</EKey>
                <EKey>2 -1.45021749 4.361639 -18.336462</EKey>
                <EKey>3 -2.18081951 4.98237562 -16.66102</EKey>
                <EKey>5 -5.26253128 3.71343565 -21.8796062</EKey>
                <EKey>2 -12.6509495 -0.225223169 -37.9253845</EKey>
                <EKey>1 -14.2989244 -1.97756922 -42.10025</EKey>
                <EKey>3 -13.5188828 -3.59258413 -42.41886</EKey>
                <EKey>1 -6.185397 -10.920577 -36.1235962</EKey>
                <EKey>1 -6.34470129 -12.0631723 -34.025177</EKey>
                <EKey>3 -10.3547726 -12.1785307 -32.7672234</EKey>
                <EKey>1 -31.141222 -9.64065 -29.05928</EKey>
                <EKey>1 -33.5857162 -8.283818 -26.8949413</EKey>
                <EKey>3 -30.6193638 -6.0535593 -23.8736553</EKey>
                <EKey>1 -9.052873 5.559167 -15.5788507</EKey>
                <EKey>1 -6.026093 7.72350645 -14.282445</EKey>
                <EKey>3 -7.95971632 7.28954 -13.3870449</EKey>
                <EKey>1 -25.50515 -1.09315634 -13.7276268</EKey>
                <EKey>4 -28.9988556 -2.4444952 -14.1560993</EKey>
                <EKey>4 -33.1407661 -0.8459602 -13.6177616</EKey>
                <EKey>3 -32.61341 2.53238726 -12.980545</EKey>
                <EKey>6 -28.8120842 2.812543 -14.3703365</EKey>
                <EKey>2 -9.59670448 -4.15289545 -22.0279236</EKey>
                <EKey>3 -5.58114 -6.163424 -22.2311745</EKey>
                <EKey>5 -4.790112 -7.08629 -17.7486839</EKey>
                <EKey>5 -8.695811 -7.003891 -8.042115</EKey>
                <EKey>13 -9.574731 -6.959945 -10.1515217</EKey>
                <EKey>15 -9.67361 -6.10849142 -25.74136</EKey>
                <EKey>13 -7.152209 -5.712978 -28.6308079</EKey>
                <EKey>3 -4.15838861 -5.59212637 -24.4284725</EKey>
                <EKey>4 -3.19707036 -5.68001842 -17.67727</EKey>
                <EKey>2 -1.730373 -5.59212637 -5.68551159</EKey>
                <EKey>6 -1.27992678 -5.43831539 -5.026322</EKey>
                <EKey>4 -0.6811627 -4.98786926 -18.5232315</EKey>
                <EKey>8 0.109864958 -4.81757832 -18.5342178</EKey>
                <EKey>1 2.04348826 -4.350652 -9.745022</EKey>
            </Bone>
            <Bone>
                <EKey>109 0 -0.0109864958 43.9954224</EKey>
                <EKey>46 0 -0.0109864958 43.6548424</EKey>
                <EKey>1 0 -0.0109864958 18.5726719</EKey>
            </Bone>
            <Bone>
                <EKey>7 23.7308311 -19.7262535 -34.332798</EKey>
                <EKey>2 25.2085152 -21.044632 -32.91005</EKey>
                <EKey>2 23.7308311 -19.7262535 -34.332798</EKey>
                <EKey>2 18.1716633 -15.243763 -39.4634933</EKey>
                <EKey>1 9.519798 -10.8656445 -45.6763573</EKey>
                <EKey>3 5.921721 -10.129549 -47.7418175</EKey>
                <EKey>5 1.66994739 -12.6454563 -50.1533546</EKey>
                <EKey>2 -2.40604258 -20.050354 -59.9258423</EKey>
                <EKey>2 -1.92813 -22.02243 -61.1068878</EKey>
                <EKey>3 1.395285 -22.5827427 -58.08011</EKey>
                <EKey>2 10.1240559 -19.9459839 -48.4449539</EKey>
                <EKey>2 14.831769 -15.8095675 -39.74914</EKey>
                <EKey>2 17.237812 -11.1897459 -25.647974</EKey>
                <EKey>1 16.01831 -7.98718262 -8.888075</EKey>
                <EKey>2 12.7443352 -6.915999 -1.16456854</EKey>
                <EKey>1 0.7800412 -4.713207 11.0029755</EKey>
                <EKey>1 -5.257038 -4.35614538 15.7161818</EKey>
                <EKey>1 -9.67361 -5.36141 19.2098885</EKey>
                <EKey>1 -13.4749374 -8.739758 20.3854427</EKey>
                <EKey>1 -18.9462128 -13.6726942 17.957428</EKey>
                <EKey>1 -26.75761 -17.6662846 11.6456852</EKey>
                <EKey>1 -36.5960159 -18.3199825 2.7191577</EKey>
                <EKey>1 -46.9727631 -14.7164106 -6.0425725</EKey>
                <EKey>2 -58.92607 -6.87754631 -14.2275124</EKey>
                <EKey>1 -83.82147 17.8805218 -29.6580448</EKey>
                <EKey>1 -91.74822 30.9050121 -36.5410843</EKey>
                <EKey>1 -93.42916 42.16068 -43.06157</EKey>
                <EKey>1 -88.00183 50.63676 -48.41749</EKey>
                <EKey>1 -79.9212646 56.7013054 -50.367588</EKey>
                <EKey>1 -73.48318 61.1783028 -47.81872</EKey>
                <EKey>1 -72.25819 64.36988 -40.45228</EKey>
                <EKey>2 -78.43809 66.56718 -29.3064766</EKey>
                <EKey>4 -94.1872253 69.32479 -9.426414</EKey>
                <EKey>2 -128.492554 77.16365 31.5367355</EKey>
                <EKey>1 -137.215836 80.6189041 43.4461</EKey>
                <EKey>2 -121.768829 82.96452 29.7129784</EKey>
                <EKey>2 -46.68162 78.86656 -41.35866</EKey>
                <EKey>3 -34.03067 65.54543 -52.17487</EKey>
                <EKey>2 -37.1178741 44.24262 -47.64294</EKey>
                <EKey>2 -39.0130463 33.5472641 -44.2371254</EKey>
                <EKey>3 -37.52987 28.1419086 -44.9842072</EKey>
                <EKey>4 -27.433279 20.3414974 -52.773632</EKey>
                <EKey>4 -15.6008244 6.2897687 -62.44175</EKey>
                <EKey>6 -12.9750519 -5.68551159 -61.27718</EKey>
                <EKey>5 -6.89402628 -19.6218815 -51.86175</EKey>
                <EKey>2 3.0103 -25.1590748 -40.8862457</EKey>
                <EKey>3 6.59739065 -23.2529182 -37.90341</EKey>
                <EKey>4 8.459601 -13.7935457 -38.26047</EKey>
                <EKey>3 9.393454 0.807507455 -41.4905</EKey>
                <EKey>5 11.4808884 5.72945738 -43.8031578</EKey>
                <EKey>8 16.2105751 7.61364174 -52.3891068</EKey>
                <EKey>4 23.862669 3.48821235 -68.44038</EKey>
                <EKey>2 27.7409019 0.554818034 -70.66514</EKey>
                <EKey>1 29.9546814 -0.3790341 -69.02815</EKey>
                <EKey>2 31.4872971 -0.6317235 -66.18814</EKey>
                <EKey>3 35.4204636 -0.878919661 -53.59762</EKey>
                <EKey>1 38.17258 -1.28542006 -28.05951</EKey>
                <EKey>2 38.0682068 -1.74685287 -20.9073</EKey>
                <EKey>3 38.02426 -3.477226 -12.5246048</EKey>
                <EKey>5 39.276722 -8.162967 -8.805676</EKey>
                <EKey>10 44.704052 -14.9636068 -7.003891</EKey>
                <EKey>1 59.04692 -22.626688 5.22407866</EKey>
            </Bone>
            <Bone>
                <EKey>109 79.33349 45.4511337 97.64248</EKey>
                <EKey>46 79.3115158 45.7972069 97.7029</EKey>
                <EKey>1 57.8329124 68.297554 120.291145</EKey>
            </Bone>
            <Bone>
                <EKey>6 -30.6797886 42.60563 -23.2309456</EKey>
                <EKey>2 -34.3273048 41.94644 -22.0169373</EKey>
                <EKey>1 -32.8386345 42.2101173 -20.7809563</EKey>
                <EKey>1 -30.6797886 42.60563 -19.7317467</EKey>
                <EKey>3 -26.0379944 43.3746834 -17.7102318</EKey>
                <EKey>1 -1.42824447 48.4339676 -7.630121</EKey>
                <EKey>1 5.46028852 50.5214 -5.44380856</EKey>
                <EKey>2 9.393454 52.2847328 -5.13069344</EKey>
                <EKey>3 11.36553 55.5916672 -8.212405</EKey>
                <EKey>4 8.96498 60.78828 -16.2325478</EKey>
                <EKey>2 1.25246048 64.52918 -26.16434</EKey>
                <EKey>3 -2.213779 63.1339 -28.1309223</EKey>
                <EKey>4 -5.493248 56.02014 -28.394598</EKey>
                <EKey>2 -1.16456854 43.3417244 -32.448616</EKey>
                <EKey>1 2.46646833 38.3703346 -36.4367142</EKey>
                <EKey>3 4.86701775 36.78828 -40.5181961</EKey>
                <EKey>1 12.293889 32.6848259 -58.97551</EKey>
                <EKey>1 12.1455708 30.9764252 -61.2332344</EKey>
                <EKey>2 9.45937252 28.6967278 -58.97551</EKey>
                <EKey>1 0.7800412 22.7200737 -47.6978722</EKey>
                <EKey>1 -2.77958345 20.8633556 -43.0395966</EKey>
                <EKey>1 -4.894484 21.4181728 -41.50698</EKey>
                <EKey>1 -5.053788 26.0929279 -44.75349</EKey>
                <EKey>2 -2.84000921 33.95926 -52.2517738</EKey>
                <EKey>1 15.243763 50.4609756 -77.6964951</EKey>
                <EKey>1 25.8567181 53.493248 -87.87549</EKey>
                <EKey>1 27.021286 53.46029 -85.04097</EKey>
                <EKey>2 19.2922859 50.86198 -70.5333</EKey>
                <EKey>1 5.723964 39.2162971 -37.8155174</EKey>
                <EKey>3 5.921721 35.36553 -28.2023354</EKey>
                <EKey>3 15.381094 33.3110542 -10.06363</EKey>
                <EKey>2 26.6807041 36.5410843 1.71389329</EKey>
                <EKey>2 33.9867249 37.9913025 3.62554359</EKey>
                <EKey>1 39.2986946 36.11261 0.867933154</EKey>
                <EKey>2 41.1609077 32.8880768 -2.35111</EKey>
                <EKey>2 43.7592125 22.4454117 -13.667201</EKey>
                <EKey>2 43.02861 11.398489 -29.22408</EKey>
                <EKey>2 39.7216759 4.427558 -46.3135719</EKey>
                <EKey>2 36.1345863 2.77958345 -60.17304</EKey>
                <EKey>2 33.0418854 3.91668582 -67.75922</EKey>
                <EKey>3 34.12955 4.943923 -74.2687149</EKey>
                <EKey>2 44.2590981 5.1087203 -85.875946</EKey>
                <EKey>2 52.3067055 5.191119 -91.41314</EKey>
                <EKey>4 57.2616158 7.921263 -91.6878</EKey>
                <EKey>5 66.08377 17.0785084 -87.0624847</EKey>
                <EKey>5 74.60929 30.4325924 -75.83429</EKey>
                <EKey>5 74.21927 41.28725 -58.81071</EKey>
                <EKey>4 63.5678635 46.1597633 -39.9194336</EKey>
                <EKey>5 56.0915527 46.39048 -30.1853962</EKey>
                <EKey>4 48.6482048 43.7482262 -26.0270081</EKey>
                <EKey>3 39.9578857 42.9517059 -24.5218582</EKey>
                <EKey>4 28.6308079 45.29732 -24.7306023</EKey>
                <EKey>1 8.162967 51.11467 -22.352026</EKey>
                <EKey>1 2.7191577 52.07599 -19.638361</EKey>
                <EKey>1 -2.74113059 51.43328 -8.624399</EKey>
                <EKey>1 -8.113527 49.40078 5.103227</EKey>
                <EKey>1 -14.1945524 47.3023567 14.4637213</EKey>
                <EKey>1 -21.2314034 44.72053 22.5717564</EKey>
                <EKey>1 -29.14168 42.26505 27.7573814</EKey>
                <EKey>3 -37.013504 40.7049675 29.2350655</EKey>
                <EKey>1 -60.22797 39.2272835 27.5815983</EKey>
                <EKey>1 -66.4683 38.81529 27.5870914</EKey>
                <EKey>2 -70.73655 38.0791931 27.93866</EKey>
                <EKey>5 -72.74708 35.3215828 29.2680244</EKey>
                <EKey>3 -63.86999 25.6919212 32.1135254</EKey>
                <EKey>6 -67.0176239 21.85214 31.5806828</EKey>
                <EKey>3 -82.6843643 16.721447 28.9933624</EKey>
                <EKey>1 -91.53948 14.4802017 28.015564</EKey>
            </Bone>
            <Bone>
                <EKey>32 0 0 -77.70748</EKey>
                <EKey>16 0 0 -77.43832</EKey>
                <EKey>3 0 0 -70.23117</EKey>
                <EKey>2 0 0 -71.12108</EKey>
                <EKey>9 0 0 -66.3364639</EKey>
                <EKey>3 0 0 -28.8834972</EKey>
                <EKey>4 0 0 -23.0936146</EKey>
                <EKey>7 0 0 -24.6152439</EKey>
                <EKey>9 0 0 -33.39895</EKey>
                <EKey>21 0 0 -31.9432373</EKey>
                <EKey>9 0 0 -20.6491184</EKey>
                <EKey>7 0 0 -21.8796062</EKey>
                <EKey>2 0 0 -28.6143284</EKey>
                <EKey>1 0 0 -34.4261856</EKey>
                <EKey>1 0 0 -38.94713</EKey>
                <EKey>1 0 0 -55.58068</EKey>
                <EKey>2 0 0 -75.01579</EKey>
                <EKey>1 0 0 -94.89586</EKey>
                <EKey>1 0 0 -101.361412</EKey>
                <EKey>7 0 0 -103.520256</EKey>
                <EKey>17 0 0 -95.96704</EKey>
                <EKey>1 0 0 -62.5021744</EKey>
            </Bone>
            <Bone>
                <EKey>48 -93.8576355 12.4257269 17.545433</EKey>
                <EKey>3 -93.8576355 12.4257269 19.0341034</EKey>
                <EKey>3 -93.8576355 12.4257269 20.0338745</EKey>
                <EKey>8 -93.85214 12.4202337 14.491188</EKey>
                <EKey>3 -93.85214 12.4037533 -8.256351</EKey>
                <EKey>4 -93.85214 12.4037533 -11.3435564</EKey>
                <EKey>7 -93.85214 12.4037533 -8.031128</EKey>
                <EKey>33 -93.85214 12.4147406 2.10940719</EKey>
                <EKey>7 -93.87961 12.3323412 3.07621884</EKey>
                <EKey>3 -93.87961 12.3378344 3.02677965</EKey>
                <EKey>6 -93.74227 12.7003889 -1.65896082</EKey>
                <EKey>3 -92.88533 14.0187683 -19.775692</EKey>
                <EKey>27 -92.32502 14.6285191 -20.978714</EKey>
                <EKey>1 -87.94141 21.2039375 -4.07049656</EKey>
            </Bone>
            <Bone>
                <EKey>41 -73.75235 -44.7919426 101.603111</EKey>
                <EKey>16 -73.75235 -44.7919426 101.603111</EKey>
                <EKey>5 -91.39666 -45.9565125 88.99611</EKey>
                <EKey>7 -83.2117157 -45.7587547 94.8738861</EKey>
                <EKey>16 -69.16548 -44.02289 104.816666</EKey>
                <EKey>24 -61.78805 -42.3419533 109.86496</EKey>
                <EKey>13 -61.5628281 -42.5781631 110.254982</EKey>
                <EKey>33 -59.0579071 -48.9173737 113.084</EKey>
                <EKey>1 -53.39437 -70.79149 110.167084</EKey>
            </Bone>
            <Bone>
                <EKey>6 -17.8365765 -32.9539948 -54.13596</EKey>
                <EKey>3 -22.98375 -30.7402153 -49.4996567</EKey>
                <EKey>1 -29.9546814 -29.3669033 -45.4676132</EKey>
                <EKey>3 -35.4424362 -28.8010979 -42.9572</EKey>
                <EKey>1 -62.67796 -28.49897 -32.79469</EKey>
                <EKey>1 -69.79172 -28.81758 -30.5149918</EKey>
                <EKey>2 -72.90639 -28.88899 -29.37789</EKey>
                <EKey>3 -70.6761246 -28.3561459 -28.56489</EKey>
                <EKey>3 -59.38201 -26.8784618 -28.9768829</EKey>
                <EKey>2 -46.456398 -25.82376 -33.2231636</EKey>
                <EKey>3 -41.0565338 -26.6971855 -38.42527</EKey>
                <EKey>4 -40.7653923 -30.9654388 -50.04898</EKey>
                <EKey>1 -48.20325 -38.0462341 -66.56168</EKey>
                <EKey>1 -49.67544 -38.26047 -68.60517</EKey>
                <EKey>1 -50.16434 -36.4751663 -68.4898148</EKey>
                <EKey>2 -49.7633324 -33.063858 -66.71</EKey>
                <EKey>2 -44.2371254 -25.1480885 -57.376976</EKey>
                <EKey>1 -38.69444 -17.4245815 -48.2801552</EKey>
                <EKey>1 -37.8429832 -13.7715721 -47.8077354</EKey>
                <EKey>1 -38.0297546 -10.6239414 -52.290226</EKey>
                <EKey>2 -38.3044167 -7.93225 -61.1343575</EKey>
                <EKey>1 -36.6948967 -2.65323877 -82.3328</EKey>
                <EKey>1 -34.2009621 -0.730601966 -89.7047348</EKey>
                <EKey>2 -30.4490738 1.33485925 -91.62737</EKey>
                <EKey>1 -22.456398 8.102541 -85.02449</EKey>
                <EKey>1 -19.7592125 11.5138474 -81.87137</EKey>
                <EKey>1 -17.7816429 13.2607 -82.38224</EKey>
                <EKey>1 -16.0238037 12.3378344 -88.16113</EKey>
                <EKey>1 -14.5680933 9.393454 -96.6372147</EKey>
                <EKey>1 -13.7166395 5.322957 -101.767914</EKey>
                <EKey>1 -13.5793085 1.30189979 -99.6639938</EKey>
                <EKey>2 -13.6946669 -1.13160908 -90.1277161</EKey>
                <EKey>1 -14.2439919 -2.20279241 -64.61707</EKey>
                <EKey>6 -14.9306479 -1.76333261 -56.52552</EKey>
                <EKey>2 -20.8688488 3.91119242 -27.2849617</EKey>
                <EKey>2 -21.6214237 2.34561682 -14.5626</EKey>
                <EKey>3 -19.1494617 -1.79079878 4.4495306</EKey>
                <EKey>2 -9.574731 -6.51499176 37.2222481</EKey>
                <EKey>1 -2.42801547 -7.025864 54.8665581</EKey>
                <EKey>2 0.5493248 -7.174182 60.7772942</EKey>
                <EKey>3 5.92721462 -8.596933 66.65507</EKey>
                <EKey>3 12.4861526 -13.1947813 67.09453</EKey>
                <EKey>3 14.8043032 -18.40238 65.72671</EKey>
                <EKey>6 12.4586859 -21.7093163 65.88052</EKey>
                <EKey>6 -1.16456854 -27.5596237 61.0189972</EKey>
                <EKey>4 -16.3973446 -34.4206924 54.00412</EKey>
                <EKey>5 -23.0661488 -39.177845 45.4236679</EKey>
                <EKey>7 -28.10895 -44.5117874 28.636301</EKey>
                <EKey>6 -34.9700165 -49.7029076 -3.658503</EKey>
                <EKey>2 -36.7443352 -50.5104141 -28.3726254</EKey>
                <EKey>2 -32.2618446 -49.2579536 -30.5424576</EKey>
                <EKey>1 -24.9887848 -46.1268044 -25.4337368</EKey>
                <EKey>2 -21.2478828 -42.8747978 -18.127718</EKey>
                <EKey>1 -15.5898371 -32.91005 2.02700853</EKey>
                <EKey>1 -12.4477 -28.152895 9.113298</EKey>
                <EKey>1 -8.047608 -23.7143517 13.5573359</EKey>
                <EKey>1 -1.82375824 -18.9297314 16.7379265</EKey>
                <EKey>3 6.828107 -14.09018 18.41886</EKey>
                <EKey>2 38.60105 -3.09269857 17.1828785</EKey>
                <EKey>1 56.9704742 0.0219729915 14.0132751</EKey>
                <EKey>1 63.3920822 1.01625085 12.3378344</EKey>
                <EKey>2 67.12749 2.0050354 10.7447929</EKey>
                <EKey>4 68.00641 4.24628067 7.73449326</EKey>
                <EKey>3 58.2613869 8.926528 2.0050354</EKey>
                <EKey>7 59.07988 10.5305557 -4.72968626</EKey>
                <EKey>2 70.9453 12.8926525 -24.2581825</EKey>
                <EKey>1 74.89494 13.5353632 -30.1139851</EKey>
            </Bone>
            <Bone>
                <EKey>7 0 0 -120.236206</EKey>
                <EKey>3 0 0 -93.626915</EKey>
                <EKey>8 0 0 -86.75487</EKey>
                <EKey>10 0 0 -87.71618</EKey>
                <EKey>4 0 0 -85.44747</EKey>
                <EKey>2 0 0 -88.23804</EKey>
                <EKey>5 0 0 -93.6433945</EKey>
                <EKey>2 0 0 -115.913025</EKey>
                <EKey>2 0 0 -119.236435</EKey>
                <EKey>4 0 0 -116.594185</EKey>
                <EKey>4 0 0 -102.317238</EKey>
                <EKey>2 0 0 -87.5349045</EKey>
                <EKey>4 0 0 -84.90364</EKey>
                <EKey>2 0 0 -91.6054</EKey>
                <EKey>4 0 0 -88.13367</EKey>
                <EKey>4 0 0 -71.71435</EKey>
                <EKey>6 0 0 -54.1414528</EKey>
                <EKey>5 0 0 -38.37583</EKey>
                <EKey>2 0 0 -30.9599457</EKey>
                <EKey>5 0 0 -30.5973911</EKey>
                <EKey>12 0 0 -41.46853</EKey>
                <EKey>6 0 0 -49.1535835</EKey>
                <EKey>7 0 0 -47.7747765</EKey>
                <EKey>7 0 0 -36.738842</EKey>
                <EKey>4 0 0 -24.9063854</EKey>
                <EKey>1 0 0 -21.7532616</EKey>
                <EKey>1 0 0 -24.7415886</EKey>
                <EKey>1 0 0 -31.88281</EKey>
                <EKey>2 0 0 -47.62646</EKey>
                <EKey>1 0 0 -94.2971</EKey>
                <EKey>1 0 0 -111.040512</EKey>
                <EKey>2 0 0 -120.686653</EKey>
                <EKey>3 0 0 -133.183792</EKey>
                <EKey>3 0 0 -141.978485</EKey>
                <EKey>6 0 0 -143.972534</EKey>
                <EKey>13 0 0 -134.705429</EKey>
                <EKey>1 0 0 -103.772949</EKey>
            </Bone>
            <Bone>
                <EKey>108 89.9519348 0 -2.87296867</EKey>
                <EKey>9 89.8201 0.0659189746 -1.83474481</EKey>
                <EKey>2 89.86954 0.038452737 -2.2247653</EKey>
                <EKey>4 90.1387 -0.104371712 -4.61432838</EKey>
                <EKey>7 91.71526 -1.23048759 -18.3859</EKey>
                <EKey>3 94.93431 -3.53215837 -24.65919</EKey>
                <EKey>4 96.2746658 -4.62531471 -24.3680477</EKey>
                <EKey>3 98.01053 -6.15243769 -14.17258</EKey>
                <EKey>8 99.4222946 -7.163195 -7.976196</EKey>
                <EKey>7 103.042343 -10.0581369 -8.069581</EKey>
                <EKey>1 106.03067 -12.83772 -10.9150839</EKey>
            </Bone>
        </Rotations>
        <PositionOffset>
            <X>0</X>
            <Z>0</Z>
        </PositionOffset>
        <Positions>
            <Position>
                <Height>18.15</Height>
                <YOffset>-0.03</YOffset>
            </Position>
            <Position>
                <Height>18.14</Height>
                <YOffset>-0.03</YOffset>
            </Position>
            <Position>
                <Height>18.13</Height>
                <YOffset>-0.03</YOffset>
            </Position>
            <Position>
                <Height>18.1099987</Height>
                <YOffset>-0.03</YOffset>
            </Position>
            <Position>
                <Height>18.08</Height>
                <YOffset>-0.03</YOffset>
            </Position>
            <Position>
                <Height>18.06</Height>
                <YOffset>-0.03</YOffset>
            </Position>
            <Position>
                <Height>18.06</Height>
                <YOffset>-0.03</YOffset>
            </Position>
            <Position>
                <Height>18.06</Height>
                <YOffset>-0.03</YOffset>
            </Position>
            <Position>
                <Height>18.1</Height>
                <YOffset>-0.03</YOffset>
            </Position>
            <Position>
                <Height>18.15</Height>
                <YOffset>-0.03</YOffset>
            </Position>
            <Position>
                <Height>18.24</Height>
                <YOffset>-0.03</YOffset>
            </Position>
            <Position>
                <Height>18.32</Height>
                <YOffset>-0.03</YOffset>
            </Position>
            <Position>
                <Height>18.31</Height>
                <YOffset>-0.03</YOffset>
            </Position>
            <Position>
                <Height>18.18</Height>
                <YOffset>-0.03</YOffset>
            </Position>
            <Position>
                <Height>17.99</Height>
                <YOffset>-0.03</YOffset>
            </Position>
            <Position>
                <Height>17.84</Height>
                <YOffset>-0.03</YOffset>
            </Position>
            <Position>
                <Height>17.76</Height>
                <YOffset>-0.03</YOffset>
            </Position>
            <Position>
                <Height>17.71</Height>
                <YOffset>-0.03</YOffset>
            </Position>
            <Position>
                <Height>17.66</Height>
                <YOffset>-0.03</YOffset>
            </Position>
            <Position>
                <Height>17.64</Height>
                <YOffset>-0.03</YOffset>
            </Position>
            <Position>
                <Height>17.6199989</Height>
                <YOffset>-0.04</YOffset>
            </Position>
            <Position>
                <Height>17.6099987</Height>
                <YOffset>-0.04</YOffset>
            </Position>
            <Position>
                <Height>17.6099987</Height>
                <YOffset>-0.04</YOffset>
            </Position>
            <Position>
                <Height>17.6099987</Height>
                <YOffset>-0.049999997</YOffset>
            </Position>
            <Position>
                <Height>17.6199989</Height>
                <YOffset>-0.049999997</YOffset>
            </Position>
            <Position>
                <Height>17.63</Height>
                <YOffset>-0.06</YOffset>
            </Position>
            <Position>
                <Height>17.65</Height>
                <YOffset>-0.07</YOffset>
            </Position>
            <Position>
                <Height>17.68</Height>
                <YOffset>-0.07</YOffset>
            </Position>
            <Position>
                <Height>17.71</Height>
                <YOffset>-0.08</YOffset>
            </Position>
            <Position>
                <Height>17.74</Height>
                <YOffset>-0.08</YOffset>
            </Position>
            <Position>
                <Height>17.77</Height>
                <YOffset>-0.0899999961</YOffset>
            </Position>
            <Position>
                <Height>17.8</Height>
                <YOffset>-0.0899999961</YOffset>
            </Position>
            <Position>
                <Height>17.83</Height>
                <YOffset>-0.099999994</YOffset>
            </Position>
            <Position>
                <Height>17.85</Height>
                <YOffset>-0.099999994</YOffset>
            </Position>
            <Position>
                <Height>17.85</Height>
                <YOffset>-0.11</YOffset>
            </Position>
            <Position>
                <Height>17.85</Height>
                <YOffset>-0.11</YOffset>
            </Position>
            <Position>
                <Height>17.85</Height>
                <YOffset>-0.12</YOffset>
            </Position>
            <Position>
                <Height>17.85</Height>
                <YOffset>-0.12</YOffset>
            </Position>
            <Position>
                <Height>17.84</Height>
                <YOffset>-0.12</YOffset>
            </Position>
            <Position>
                <Height>17.83</Height>
                <YOffset>-0.13</YOffset>
            </Position>
            <Position>
                <Height>17.81</Height>
                <YOffset>-0.13</YOffset>
            </Position>
            <Position>
                <Height>17.7799988</Height>
                <YOffset>-0.13</YOffset>
            </Position>
            <Position>
                <Height>17.76</Height>
                <YOffset>-0.13</YOffset>
            </Position>
            <Position>
                <Height>17.77</Height>
                <YOffset>-0.13</YOffset>
            </Position>
            <Position>
                <Height>17.81</Height>
                <YOffset>-0.13</YOffset>
            </Position>
            <Position>
                <Height>17.88</Height>
                <YOffset>-0.13</YOffset>
            </Position>
            <Position>
                <Height>18</Height>
                <YOffset>-0.13</YOffset>
            </Position>
            <Position>
                <Height>18.1199989</Height>
                <YOffset>-0.13</YOffset>
            </Position>
            <Position>
                <Height>18.18</Height>
                <YOffset>-0.13</YOffset>
            </Position>
            <Position>
                <Height>18.17</Height>
                <YOffset>-0.13</YOffset>
            </Position>
            <Position>
                <Height>18.1199989</Height>
                <YOffset>-0.13</YOffset>
            </Position>
            <Position>
                <Height>18.07</Height>
                <YOffset>-0.13</YOffset>
            </Position>
            <Position>
                <Height>18.039999</Height>
                <YOffset>-0.13</YOffset>
            </Position>
            <Position>
                <Height>18.02</Height>
                <YOffset>-0.13</YOffset>
            </Position>
            <Position>
                <Height>18.0299988</Height>
                <YOffset>-0.13</YOffset>
            </Position>
            <Position>
                <Height>18.08</Height>
                <YOffset>-0.13</YOffset>
            </Position>
            <Position>
                <Height>18.0299988</Height>
                <YOffset>0.01</YOffset>
            </Position>
            <Position>
                <Height>18.1</Height>
                <YOffset>0.01</YOffset>
            </Position>
            <Position>
                <Height>18.17</Height>
                <YOffset>0.01</YOffset>
            </Position>
            <Position>
                <Height>18.22</Height>
                <YOffset>0.02</YOffset>
            </Position>
            <Position>
                <Height>18.25</Height>
                <YOffset>0.02</YOffset>
            </Position>
            <Position>
                <Height>18.27</Height>
                <YOffset>0.03</YOffset>
            </Position>
            <Position>
                <Height>18.27</Height>
                <YOffset>0.03</YOffset>
            </Position>
            <Position>
                <Height>18.2799988</Height>
                <YOffset>0.04</YOffset>
            </Position>
            <Position>
                <Height>18.2799988</Height>
                <YOffset>0.04</YOffset>
            </Position>
            <Position>
                <Height>18.2799988</Height>
                <YOffset>0.049999997</YOffset>
            </Position>
            <Position>
                <Height>18.289999</Height>
                <YOffset>0.06</YOffset>
            </Position>
            <Position>
                <Height>18.32</Height>
                <YOffset>0.06</YOffset>
            </Position>
            <Position>
                <Height>18.34</Height>
                <YOffset>0.06</YOffset>
            </Position>
            <Position>
                <Height>18.38</Height>
                <YOffset>0.06</YOffset>
            </Position>
            <Position>
                <Height>18.42</Height>
                <YOffset>0.06</YOffset>
            </Position>
            <Position>
                <Height>18.46</Height>
                <YOffset>0.049999997</YOffset>
            </Position>
            <Position>
                <Height>18.5</Height>
                <YOffset>0.049999997</YOffset>
            </Position>
            <Position>
                <Height>18.539999</Height>
                <YOffset>0.049999997</YOffset>
            </Position>
            <Position>
                <Height>18.58</Height>
                <YOffset>0.049999997</YOffset>
            </Position>
            <Position>
                <Height>18.6199989</Height>
                <YOffset>0.049999997</YOffset>
            </Position>
            <Position>
                <Height>18.65</Height>
                <YOffset>0.06</YOffset>
            </Position>
            <Position>
                <Height>18.67</Height>
                <YOffset>0.07</YOffset>
            </Position>
            <Position>
                <Height>18.68</Height>
                <YOffset>0.08</YOffset>
            </Position>
            <Position>
                <Height>18.68</Height>
                <YOffset>0.099999994</YOffset>
            </Position>
            <Position>
                <Height>18.67</Height>
                <YOffset>0.12</YOffset>
            </Position>
            <Position>
                <Height>18.65</Height>
                <YOffset>0.14</YOffset>
            </Position>
            <Position>
                <Height>18.6199989</Height>
                <YOffset>0.17</YOffset>
            </Position>
            <Position>
                <Height>18.58</Height>
                <YOffset>0.199999988</YOffset>
            </Position>
            <Position>
                <Height>18.56</Height>
                <YOffset>0.22</YOffset>
            </Position>
            <Position>
                <Height>18.55</Height>
                <YOffset>0.22</YOffset>
            </Position>
            <Position>
                <Height>18.55</Height>
                <YOffset>0.21</YOffset>
            </Position>
            <Position>
                <Height>18.55</Height>
                <YOffset>0.19</YOffset>
            </Position>
            <Position>
                <Height>18.5299988</Height>
                <YOffset>0.179999992</YOffset>
            </Position>
            <Position>
                <Height>18.5</Height>
                <YOffset>0.179999992</YOffset>
            </Position>
            <Position>
                <Height>18.46</Height>
                <YOffset>0.17</YOffset>
            </Position>
            <Position>
                <Height>18.44</Height>
                <YOffset>0.13</YOffset>
            </Position>
            <Position>
                <Height>18.42</Height>
                <YOffset>0.08</YOffset>
            </Position>
            <Position>
                <Height>18.39</Height>
                <YOffset>0.03</YOffset>
            </Position>
            <Position>
                <Height>18.289999</Height>
                <YOffset>0.049999997</YOffset>
            </Position>
            <Position>
                <Height>18.19</Height>
                <YOffset>0.049999997</YOffset>
            </Position>
            <Position>
                <Height>18.08</Height>
                <YOffset>0.06</YOffset>
            </Position>
            <Position>
                <Height>17.96</Height>
                <YOffset>0.07</YOffset>
            </Position>
            <Position>
                <Height>17.82</Height>
                <YOffset>0.08</YOffset>
            </Position>
            <Position>
                <Height>17.68</Height>
                <YOffset>0.099999994</YOffset>
            </Position>
            <Position>
                <Height>17.539999</Height>
                <YOffset>0.12</YOffset>
            </Position>
            <Position>
                <Height>17.39</Height>
                <YOffset>0.13</YOffset>
            </Position>
            <Position>
                <Height>17.25</Height>
                <YOffset>0.14</YOffset>
            </Position>
            <Position>
                <Height>17.1099987</Height>
                <YOffset>0.14</YOffset>
            </Position>
            <Position>
                <Height>16.96</Height>
                <YOffset>0.14</YOffset>
            </Position>
            <Position>
                <Height>16.8</Height>
                <YOffset>0.14</YOffset>
            </Position>
            <Position>
                <Height>16.64</Height>
                <YOffset>0.14</YOffset>
            </Position>
            <Position>
                <Height>16.4</Height>
                <YOffset>0.199999988</YOffset>
            </Position>
            <Position>
                <Height>16.14</Height>
                <YOffset>0.28</YOffset>
            </Position>
            <Position>
                <Height>15.88</Height>
                <YOffset>0.359999985</YOffset>
            </Position>
            <Position>
                <Height>15.61</Height>
                <YOffset>0.429999977</YOffset>
            </Position>
            <Position>
                <Height>15.3499994</Height>
                <YOffset>0.48999998</YOffset>
            </Position>
            <Position>
                <Height>15.08</Height>
                <YOffset>0.53</YOffset>
            </Position>
            <Position>
                <Height>14.7999992</Height>
                <YOffset>0.57</YOffset>
            </Position>
            <Position>
                <Height>14.5099993</Height>
                <YOffset>0.61</YOffset>
            </Position>
            <Position>
                <Height>14.21</Height>
                <YOffset>0.65</YOffset>
            </Position>
            <Position>
                <Height>13.9699993</Height>
                <YOffset>0.61</YOffset>
            </Position>
            <Position>
                <Height>13.7199993</Height>
                <YOffset>0.55</YOffset>
            </Position>
            <Position>
                <Height>13.44</Height>
                <YOffset>0.51</YOffset>
            </Position>
            <Position>
                <Height>13.16</Height>
                <YOffset>0.44</YOffset>
            </Position>
            <Position>
                <Height>12.9</Height>
                <YOffset>0.32</YOffset>
            </Position>
            <Position>
                <Height>12.61</Height>
                <YOffset>0.12</YOffset>
            </Position>
            <Position>
                <Height>12.28</Height>
                <YOffset>-0.21</YOffset>
            </Position>
            <Position>
                <Height>11.91</Height>
                <YOffset>-0.599999964</YOffset>
            </Position>
            <Position>
                <Height>11.49</Height>
                <YOffset>-1.01</YOffset>
            </Position>
            <Position>
                <Height>10.9299994</Height>
                <YOffset>-1.3</YOffset>
            </Position>
            <Position>
                <Height>10.17</Height>
                <YOffset>-1.32999992</YOffset>
            </Position>
            <Position>
                <Height>9.33</Height>
                <YOffset>-1.19999993</YOffset>
            </Position>
            <Position>
                <Height>9</Height>
                <YOffset>-1.43</YOffset>
            </Position>
            <Position>
                <Height>8.599999</Height>
                <YOffset>-1.49</YOffset>
            </Position>
            <Position>
                <Height>8.059999</Height>
                <YOffset>-1.43</YOffset>
            </Position>
            <Position>
                <Height>7.37</Height>
                <YOffset>-1.28</YOffset>
            </Position>
            <Position>
                <Height>6.56</Height>
                <YOffset>-1.07999992</YOffset>
            </Position>
            <Position>
                <Height>6.27999973</Height>
                <YOffset>-0.87</YOffset>
            </Position>
            <Position>
                <Height>6.33999968</Height>
                <YOffset>-0.68</YOffset>
            </Position>
            <Position>
                <Height>6.43</Height>
                <YOffset>-0.58</YOffset>
            </Position>
            <Position>
                <Height>6.79999971</Height>
                <YOffset>-0.89</YOffset>
            </Position>
            <Position>
                <Height>6.92</Height>
                <YOffset>-1.05</YOffset>
            </Position>
            <Position>
                <Height>6.81999969</Height>
                <YOffset>-1.04</YOffset>
            </Position>
            <Position>
                <Height>6.54999971</Height>
                <YOffset>-0.9</YOffset>
            </Position>
            <Position>
                <Height>6.25999975</Height>
                <YOffset>-0.77</YOffset>
            </Position>
            <Position>
                <Height>6.17</Height>
                <YOffset>-0.859999955</YOffset>
            </Position>
            <Position>
                <Height>6.06999969</Height>
                <YOffset>-0.95</YOffset>
            </Position>
            <Position>
                <Height>5.96</Height>
                <YOffset>-1.03</YOffset>
            </Position>
            <Position>
                <Height>5.83999968</Height>
                <YOffset>-1.1</YOffset>
            </Position>
            <Position>
                <Height>5.7</Height>
                <YOffset>-1.16</YOffset>
            </Position>
            <Position>
                <Height>5.62999964</Height>
                <YOffset>-1.20999992</YOffset>
            </Position>
            <Position>
                <Height>5.62999964</Height>
                <YOffset>-1.26</YOffset>
            </Position>
            <Position>
                <Height>5.60999966</Height>
                <YOffset>-1.31</YOffset>
            </Position>
            <Position>
                <Height>5.56999969</Height>
                <YOffset>-1.35</YOffset>
            </Position>
            <Position>
                <Height>5.50999975</Height>
                <YOffset>-1.38</YOffset>
            </Position>
            <Position>
                <Height>5.44</Height>
                <YOffset>-1.41</YOffset>
            </Position>
            <Position>
                <Height>5.35</Height>
                <YOffset>-1.43999994</YOffset>
            </Position>
            <Position>
                <Height>5.25999975</Height>
                <YOffset>-1.46999991</YOffset>
            </Position>
            <Position>
                <Height>5.17</Height>
                <YOffset>-1.49</YOffset>
            </Position>
            <Position>
                <Height>5.1</Height>
                <YOffset>-1.54</YOffset>
            </Position>
        </Positions>
        <ThrowSource />
        <SelfDamage>
            <Damage>
                <Points>20</Points>
                <Frame>29</Frame>
            </Damage>
        </SelfDamage>
    </Animation>
</Oni>