﻿<?xml version="1.0" encoding="utf-8"?>
<Oni>
    <Animation>
        <Lookup>
            <Type>KickForward</Type>
            <AimingType>KickForward</AimingType>
            <FromState>RunBackStart</FromState>
            <ToState>Standing</ToState>
            <Varient>Combat</Varient>
            <FirstLevel>4</FirstLevel>
            <Shortcuts />
        </Lookup>
        <Flags>Attack Atomic DontAim</Flags>
        <Atomic>
            <Start>0</Start>
            <End>65535</End>
        </Atomic>
        <Invulnerable>
            <Start>0</Start>
            <End>0</End>
        </Invulnerable>
        <Overlay>
            <UsedBones />
            <ReplacedBones />
        </Overlay>
        <DirectAnimations>
            <Link />
            <Link />
        </DirectAnimations>
        <Pause>
            <Hard>0</Hard>
            <Soft>0</Soft>
        </Pause>
        <Interpolation>
            <End>0</End>
            <Max>65535</Max>
        </Interpolation>
        <FinalRotation>0</FinalRotation>
        <Direction>Forward</Direction>
        <Vocalization>65535</Vocalization>
        <ActionFrame>65535</ActionFrame>
        <Impact />
        <Particles />
        <MotionBlur />
        <Footsteps />
        <Sounds />
        <Heights>
            <Height>8.008025</Height>
            <Height>7.875</Height>
            <Height>7.740126</Height>
            <Height>7.603903</Height>
            <Height>7.466842</Height>
            <Height>7.329442</Height>
            <Height>7.19221</Height>
            <Height>7.055652</Height>
            <Height>6.920271</Height>
            <Height>6.786574</Height>
            <Height>6.655065</Height>
            <Height>6.526248</Height>
            <Height>6.400627</Height>
            <Height>6.278709</Height>
            <Height>6.160998</Height>
            <Height>6.092786</Height>
            <Height>6.160998</Height>
            <Height>6.336653</Height>
            <Height>6.540916</Height>
            <Height>6.761968</Height>
            <Height>6.987991</Height>
            <Height>7.207166</Height>
            <Height>7.407674</Height>
            <Height>7.577695</Height>
            <Height>7.717366</Height>
            <Height>7.837234</Height>
            <Height>7.941107</Height>
            <Height>8.032789</Height>
            <Height>8.116087</Height>
            <Height>8.194806</Height>
            <Height>8.272751</Height>
            <Height>8.349947</Height>
            <Height>8.424109</Height>
            <Height>8.495586</Height>
            <Height>8.564728</Height>
            <Height>8.631879</Height>
            <Height>8.697387</Height>
            <Height>8.761601</Height>
            <Height>8.824868</Height>
            <Height>8.887536</Height>
            <Height>8.949952</Height>
            <Height>9.012463</Height>
            <Height>9.075418</Height>
            <Height>9.155721</Height>
            <Height>9.255477</Height>
            <Height>9.352837</Height>
            <Height>9.425946</Height>
            <Height>9.452954</Height>
            <Height>9.412008</Height>
            <Height>9.30313</Height>
            <Height>9.14912</Height>
            <Height>8.962301</Height>
            <Height>8.754992</Height>
            <Height>8.539515</Height>
            <Height>8.328189</Height>
            <Height>8.133335</Height>
            <Height>7.967273</Height>
            <Height>7.842325</Height>
            <Height>7.790073</Height>
            <Height>7.812539</Height>
            <Height>7.877701</Height>
            <Height>7.953537</Height>
        </Heights>
        <Velocities>
            <Velocity>0.0223999918 -0.183414936</Velocity>
            <Velocity>0.0113440007 -0.474807978</Velocity>
            <Velocity>-0.000135988 -0.711881161</Velocity>
            <Velocity>-0.0118460059 -0.8996587</Velocity>
            <Velocity>-0.0230990052 -1.03696537</Velocity>
            <Velocity>-0.0329359919 -1.12251</Velocity>
            <Velocity>-0.0402900055 -1.15709257</Velocity>
            <Velocity>-0.044065 -1.139329</Velocity>
            <Velocity>-0.043393 -1.072505</Velocity>
            <Velocity>-0.0375829972 -0.9532747</Velocity>
            <Velocity>-0.0264840014 -0.7853813</Velocity>
            <Velocity>-0.008299999 -0.507784843</Velocity>
            <Velocity>0.0122749992 -0.251168251</Velocity>
            <Velocity>0.033979997 -0.143759727</Velocity>
            <Velocity>0.061692 -0.1844368</Velocity>
            <Velocity>0.115389004 0.273691177</Velocity>
            <Velocity>0.185906008 0.6228943</Velocity>
            <Velocity>0.246557 0.7705736</Velocity>
            <Velocity>0.172872 0.9228239</Velocity>
            <Velocity>-0.00305902958 0.988519669</Velocity>
            <Velocity>-0.167971969 0.9280939</Velocity>
            <Velocity>-0.230622023 0.8143673</Velocity>
            <Velocity>-0.20194 0.744547367</Velocity>
            <Velocity>-0.18109 0.7424059</Velocity>
            <Velocity>-0.180562 0.7484412</Velocity>
            <Velocity>-0.153031 0.763783932</Velocity>
            <Velocity>-0.102538973 0.8620572</Velocity>
            <Velocity>-0.04512602 1.01950979</Velocity>
            <Velocity>-0.0172449946 1.163795</Velocity>
            <Velocity>-0.0218390226 1.266955</Velocity>
            <Velocity>-0.02997297 1.334813</Velocity>
            <Velocity>-0.02790898 1.355296</Velocity>
            <Velocity>-0.0148690343 1.30262291</Velocity>
            <Velocity>-0.004222989 1.1866231</Velocity>
            <Velocity>0.00304597616 1.017972</Velocity>
            <Velocity>0.00742805 0.810588837</Velocity>
            <Velocity>0.008951962 0.4325924</Velocity>
            <Velocity>0.007354021 0.326612949</Velocity>
            <Velocity>0.003215015 0.233273029</Velocity>
            <Velocity>-0.0036290288 0.15612793</Velocity>
            <Velocity>-0.0123710036 0.08508682</Velocity>
            <Velocity>-0.0203300118 -0.06601906</Velocity>
            <Velocity>-0.03241098 -0.113214016</Velocity>
            <Velocity>-0.0352470279 -0.134787083</Velocity>
            <Velocity>-0.014269948 -0.134192944</Velocity>
            <Velocity>0.0234310031 -0.0695157051</Velocity>
            <Velocity>0.06471896 -0.06655407</Velocity>
            <Velocity>0.09533203 -0.0487108231</Velocity>
            <Velocity>0.105480969 -0.0215601921</Velocity>
            <Velocity>0.102969021 -0.0006842613</Velocity>
            <Velocity>0.100761 0.009066105</Velocity>
            <Velocity>0.0950259939 0.01828432</Velocity>
            <Velocity>0.0865090042 0.0261459351</Velocity>
            <Velocity>0.075936 0.03268385</Velocity>
            <Velocity>0.064053 0.0374369621</Velocity>
            <Velocity>0.051623 0.04060507</Velocity>
            <Velocity>0.039425 0.04194498</Velocity>
            <Velocity>0.0282140076 0.04136896</Velocity>
            <Velocity>0.018678993 0.039484024</Velocity>
            <Velocity>0.0114049911 0.03624916</Velocity>
            <Velocity>0.00680500269 0.032201767</Velocity>
            <Velocity>0.005116999 0.0279340744</Velocity>
        </Velocities>
        <Rotations>
            <Bone>
                <EKey>5 -12.2554359 36.4202347 90.9572</EKey>
                <EKey>5 -12.5960178 45.4731064 94.0499</EKey>
                <EKey>3 -14.0791941 55.34447 98.08743</EKey>
                <EKey>3 -14.0407419 56.3717079 99.7903442</EKey>
                <EKey>1 -11.9038677 50.406044 99.7903442</EKey>
                <EKey>1 -9.701076 44.56672 98.3016739</EKey>
                <EKey>1 -6.59189749 34.5085831 95.87915</EKey>
                <EKey>2 -3.878233 21.15999 94.0828552</EKey>
                <EKey>1 -0.0988784656 -11.1348133 94.4509048</EKey>
                <EKey>1 1.85122454 -27.845274 97.37881</EKey>
                <EKey>1 5.119707 -43.3307381 103.333488</EKey>
                <EKey>2 13.3266191 -58.4921036 116.143738</EKey>
                <EKey>2 100.004578 -69.97299 -143.208969</EKey>
                <EKey>1 127.602654 -38.5626 -97.5161362</EKey>
                <EKey>1 127.4049 -23.758297 -88.26551</EKey>
                <EKey>1 125.8613 -11.9862671 -81.6516342</EKey>
                <EKey>1 124.400093 -4.86701775 -77.99863</EKey>
                <EKey>5 123.427788 -2.213779 -77.06477</EKey>
                <EKey>3 122.125885 -4.806592 -80.16846</EKey>
                <EKey>1 122.027008 -8.327764 -81.4978256</EKey>
                <EKey>2 122.241241 -7.08629 -80.98146</EKey>
                <EKey>5 122.807053 1.774319 -77.58663</EKey>
                <EKey>9 120.269173 32.1959267 -64.97963</EKey>
                <EKey>4 19.3527126 67.39666 50.9169159</EKey>
                <EKey>1 -9.893339 43.10002 86.82628</EKey>
            </Bone>
            <Bone>
                <EKey>2 -164.1767 -4.713207 -138.677048</EKey>
                <EKey>2 -162.94072 -5.712978 -133.425491</EKey>
                <EKey>2 -160.040283 -7.96520948 -133.161819</EKey>
                <EKey>8 -158.831772 -7.267567 -129.387955</EKey>
                <EKey>3 -160.8478 2.24673843 -105.041885</EKey>
                <EKey>1 -159.732666 -0.9063859 -101.493248</EKey>
                <EKey>1 -159.007553 -3.11467147 -103.102768</EKey>
                <EKey>2 -159.282211 -5.04280138 -107.393</EKey>
                <EKey>1 -163.14946 -1.45021749 -121.994049</EKey>
                <EKey>1 -163.913025 0.8459602 -125.339439</EKey>
                <EKey>1 -164.352478 3.3783474 -122.774094</EKey>
                <EKey>1 -164.209656 5.77340364 -116.220642</EKey>
                <EKey>1 -160.776382 6.701762 -107.371025</EKey>
                <EKey>1 -151.53125 7.19066143 -95.2748947</EKey>
                <EKey>1 -138.852829 9.382467 -81.0254059</EKey>
                <EKey>1 -126.729225 12.0357065 -69.06111</EKey>
                <EKey>1 -115.14946 2.80704975 -65.8201</EKey>
                <EKey>1 -100.284737 -12.0906382 -75.021286</EKey>
                <EKey>1 -89.43008 -25.8677044 -73.3403549</EKey>
                <EKey>1 -84.49714 -30.69627 -68.8743439</EKey>
                <EKey>1 -83.92035 -33.7340355 -65.74868</EKey>
                <EKey>2 -89.76517 -37.5353622 -66.41337</EKey>
                <EKey>2 -108.991531 -43.9514771 -73.90616</EKey>
                <EKey>3 -124.8835 -45.6928368 -86.19455</EKey>
                <EKey>2 -131.118332 -42.4902725 -94.68711</EKey>
                <EKey>4 -132.249939 -42.5122452 -104.723274</EKey>
                <EKey>2 -138.858322 -42.52323 -131.920349</EKey>
                <EKey>2 -143.044174 -39.4634933 -144.41748</EKey>
                <EKey>1 -146.389557 -33.69009 -152.476074</EKey>
                <EKey>2 -147.59259 -29.6415653 -154.387726</EKey>
                <EKey>2 -149.3614 -17.7981224 -153.085831</EKey>
                <EKey>3 -152.662857 -9.146257 -148.416565</EKey>
                <EKey>2 -159.732666 -3.1366446 -139.3527</EKey>
                <EKey>1 -162.81987 -3.85626 -138.517746</EKey>
            </Bone>
            <Bone>
                <EKey>1 0 0 -49.8072777</EKey>
                <EKey>1 0 0 -50.812542</EKey>
                <EKey>2 0 0 -48.5383377</EKey>
                <EKey>1 0 0 -30.762188</EKey>
                <EKey>3 0 0 -26.746624</EKey>
                <EKey>6 0 0 -33.1572456</EKey>
                <EKey>2 0 0 -56.5859451</EKey>
                <EKey>2 0 0 -63.3810959</EKey>
                <EKey>1 0 0 -80.99794</EKey>
                <EKey>2 0 0 -88.20508</EKey>
                <EKey>2 0 0 -89.8201</EKey>
                <EKey>4 0 0 -86.78233</EKey>
                <EKey>1 0 0 -74.55985</EKey>
                <EKey>1 0 0 -68.912796</EKey>
                <EKey>1 0 0 -48.42298</EKey>
                <EKey>1 0 0 -14.3648434</EKey>
                <EKey>1 0 0 -10.6843672</EKey>
                <EKey>1 0 0 -15.6997023</EKey>
                <EKey>1 0 0 -25.04921</EKey>
                <EKey>1 0 0 -39.86999</EKey>
                <EKey>1 0 0 -56.9375153</EKey>
                <EKey>2 0 0 -71.8352051</EKey>
                <EKey>5 0 0 -76.02655</EKey>
                <EKey>3 0 0 -69.11604</EKey>
                <EKey>2 0 0 -60.1675453</EKey>
                <EKey>2 0 0 -58.7667656</EKey>
                <EKey>3 0 0 -62.5021744</EKey>
                <EKey>2 0 0 -72.0824</EKey>
                <EKey>3 0 0 -73.92264</EKey>
                <EKey>3 0 0 -67.41863</EKey>
                <EKey>1 0 0 -54.8610649</EKey>
            </Bone>
            <Bone>
                <EKey>1 -4.345159 -11.8654156 -16.4962234</EKey>
                <EKey>1 -3.164111 -11.7390709 -17.4740219</EKey>
                <EKey>2 -2.12039375 -12.43122 -21.560997</EKey>
                <EKey>1 -17.1059742 -8.701304 -34.72282</EKey>
                <EKey>3 -19.6987877 -6.43808651 -37.95285</EKey>
                <EKey>5 -9.959258 -7.21812773 -38.6504936</EKey>
                <EKey>1 11.8269625 -9.931792 -35.6566734</EKey>
                <EKey>1 14.7768364 -10.1460285 -35.07988</EKey>
                <EKey>1 13.93637 -10.4151983 -33.52529</EKey>
                <EKey>1 10.5690088 -10.2613869 -29.9931335</EKey>
                <EKey>1 6.696269 -8.250858 -21.1984444</EKey>
                <EKey>1 -1.4447242 -8.618906 -11.2391853</EKey>
                <EKey>1 -13.0519571 -12.8267336 -1.11512935</EKey>
                <EKey>1 -6.65232325 -13.5024033 12.189517</EKey>
                <EKey>1 1.97756922 -9.701076 25.4117641</EKey>
                <EKey>1 6.580911 -4.95491 32.9210358</EKey>
                <EKey>1 5.97116041 -3.32890821 33.4374</EKey>
                <EKey>1 3.15312433 -3.1366446 29.5756474</EKey>
                <EKey>1 0.93934536 -2.99382019 23.6154728</EKey>
                <EKey>2 0.488899052 -2.60379958 16.1281757</EKey>
                <EKey>1 1.95559621 -0.477912575 -4.68024731</EKey>
                <EKey>1 0.6536965 -3.51567864 -25.9665833</EKey>
                <EKey>1 -5.3943696 -10.4261847 -47.9176025</EKey>
                <EKey>1 -11.0084686 -14.249485 -48.4065</EKey>
                <EKey>1 -11.1458 -19.2538338 -44.53376</EKey>
                <EKey>1 -8.173953 -22.6926079 -36.0192261</EKey>
                <EKey>1 -3.59258413 -21.560997 -20.6765842</EKey>
                <EKey>1 -0.417486846 -18.23209 -3.48271918</EKey>
                <EKey>1 0.5163653 -15.243763 11.4259558</EKey>
                <EKey>1 -0.2966354 -13.0904093 16.617075</EKey>
                <EKey>3 -2.03799486 -10.5690088 19.1989021</EKey>
                <EKey>1 -4.7077136 -6.476539 20.5777073</EKey>
                <EKey>1 -8.014648 -6.9489584 21.22591</EKey>
                <EKey>1 1.219501 -3.73540854 22.03891</EKey>
                <EKey>2 -0.208743423 -4.60883474 21.4071865</EKey>
                <EKey>2 -5.21309233 -7.690547 20.5447464</EKey>
                <EKey>1 -0.175783932 -7.37193871 25.1371021</EKey>
                <EKey>3 2.15335321 -6.383154 27.5486374</EKey>
                <EKey>2 1.04371715 -5.28999758 32.1080322</EKey>
                <EKey>1 -2.35660338 -0.450446337 30.9544525</EKey>
                <EKey>2 -3.66399622 1.219501 27.8233013</EKey>
                <EKey>2 -4.53192949 0.9997711 15.44152</EKey>
                <EKey>2 -4.850538 -1.79629207 1.24696732</EKey>
                <EKey>1 -4.0650034 -8.113527 -10.711833</EKey>
            </Bone>
            <Bone>
                <EKey>7 160.3534 22.81346 -147.916687</EKey>
                <EKey>1 155.766541 38.831768 -151.124741</EKey>
                <EKey>2 154.755783 40.2819862 -150.542465</EKey>
                <EKey>1 149.344925 25.64248 -135.166855</EKey>
                <EKey>1 148.768143 18.1057453 -130.321808</EKey>
                <EKey>2 149.251541 13.8759441 -126.141449</EKey>
                <EKey>1 150.5974 18.160677 -125.559166</EKey>
                <EKey>1 150.8336 18.1881447 -126.894028</EKey>
                <EKey>2 150.5974 18.160677 -125.559166</EKey>
                <EKey>5 148.2243 18.7924 -112.24353</EKey>
                <EKey>2 140.616165 16.42481 -69.9675</EKey>
                <EKey>1 138.918747 15.5074387 -57.3659859</EKey>
                <EKey>1 138.418854 15.6118107 -53.3559151</EKey>
                <EKey>1 138.149689 16.2655067 -51.3344</EKey>
                <EKey>1 138.160675 17.5619125 -51.65301</EKey>
                <EKey>1 139.95697 21.78622 -61.78805</EKey>
                <EKey>1 146.400543 28.152895 -85.5848</EKey>
                <EKey>1 157.524384 31.3774319 -117.09407</EKey>
                <EKey>1 168.010986 29.355917 -146.581833</EKey>
                <EKey>1 173.416336 25.9391174 -164.802933</EKey>
                <EKey>1 175.146713 24.3625546 -172.301208</EKey>
                <EKey>2 175.465317 24.06592 -175.064316</EKey>
                <EKey>2 174.0261 25.7633324 -172.713211</EKey>
                <EKey>2 172.548416 27.3014412 -169.895172</EKey>
                <EKey>2 173.191116 27.7354088 -171.032272</EKey>
                <EKey>5 170.823532 26.16434 -167.154037</EKey>
                <EKey>3 161.485 17.19936 -150.872055</EKey>
                <EKey>6 159.447 15.0569925 -149.339432</EKey>
                <EKey>2 158.837265 16.71046 -154.9865</EKey>
                <EKey>2 159.573364 19.48455 -149.262527</EKey>
                <EKey>1 160.095215 21.7312889 -148.1474</EKey>
            </Bone>
            <Bone>
                <EKey>7 0 0 -80.79469</EKey>
                <EKey>1 0 0 -89.5124741</EKey>
                <EKey>1 0 0 -91.71526</EKey>
                <EKey>1 0 0 -102.937973</EKey>
                <EKey>1 0 0 -110.820786</EKey>
                <EKey>1 0 0 -115.70977</EKey>
                <EKey>3 0 0 -118.0499</EKey>
                <EKey>1 0 0 -115.599907</EKey>
                <EKey>2 0 0 -116.396431</EKey>
                <EKey>5 0 0 -124.773636</EKey>
                <EKey>2 0 0 -154.343781</EKey>
                <EKey>1 0 0 -160.8478</EKey>
                <EKey>1 0 0 -161.287247</EKey>
                <EKey>1 0 0 -159.2877</EKey>
                <EKey>1 0 0 -154.442657</EKey>
                <EKey>1 0 0 -137.18837</EKey>
                <EKey>1 0 0 -104.481575</EKey>
                <EKey>1 0 0 -65.7047348</EKey>
                <EKey>1 0 0 -30.2183571</EKey>
                <EKey>1 0 0 -7.399405</EKey>
                <EKey>1 0 0 1.88967729</EKey>
                <EKey>1 0 0 4.4879837</EKey>
                <EKey>2 0 0 2.63126564</EKey>
                <EKey>1 0 0 -5.542687</EKey>
                <EKey>2 0 0 -7.399405</EKey>
                <EKey>1 0 0 -1.96658278</EKey>
                <EKey>1 0 0 -7.399405</EKey>
                <EKey>1 0 0 -22.4399185</EKey>
                <EKey>2 0 0 -41.74319</EKey>
                <EKey>1 0 0 -84.8432159</EKey>
                <EKey>1 0 0 -104.481575</EKey>
                <EKey>1 0 0 -120.071411</EKey>
                <EKey>1 0 0 -129.536285</EKey>
                <EKey>1 0 0 -132.716873</EKey>
                <EKey>1 0 0 -131.546814</EKey>
                <EKey>4 0 0 -127.091782</EKey>
                <EKey>1 0 0 -97.86771</EKey>
                <EKey>2 0 0 -93.05562</EKey>
                <EKey>2 0 0 -95.34081</EKey>
                <EKey>1 0 0 -86.17258</EKey>
            </Bone>
            <Bone>
                <EKey>7 3.64202332 1.1261158 30.5973911</EKey>
                <EKey>1 -10.8601513 15.4579992 45.2039375</EKey>
                <EKey>1 -12.8926525 16.33692 47.48913</EKey>
                <EKey>1 -8.679332 11.2172117 50.9663544</EKey>
                <EKey>1 -2.52140069 7.45983076 52.878006</EKey>
                <EKey>1 4.15289545 5.02082872 53.3009834</EKey>
                <EKey>2 8.35523 4.504463 51.63104</EKey>
                <EKey>2 5.498741 9.085832 49.0931549</EKey>
                <EKey>5 5.498741 9.085832 49.0931549</EKey>
                <EKey>5 1.0272373 5.54818058 31.0093842</EKey>
                <EKey>2 -2.0050354 2.80155635 11.469902</EKey>
                <EKey>1 -4.97138929 3.73540854 4.83955145</EKey>
                <EKey>1 -7.35545874 6.64683 2.63126564</EKey>
                <EKey>1 -6.81162739 11.1018543 1.85122454</EKey>
                <EKey>1 -1.17006183 10.8986034 1.18654156</EKey>
                <EKey>1 3.86175323 3.69146252 0.499885559</EKey>
                <EKey>1 4.746166 -3.79034114 0.0878919661</EKey>
                <EKey>2 4.345159 -7.01487732 0.16479744</EKey>
                <EKey>3 4.31769276 -6.624857 2.081941</EKey>
                <EKey>2 4.367132 -1.92813 5.44930172</EKey>
                <EKey>1 4.90547037 -3.09819174 5.921721</EKey>
                <EKey>3 4.367132 -1.92813 5.44930172</EKey>
                <EKey>3 -2.41153574 5.36141 2.41702914</EKey>
                <EKey>3 -5.15266657 7.976196 -1.47768366</EKey>
                <EKey>4 -2.85099554 8.84413 -4.883497</EKey>
                <EKey>2 1.60952163 4.73518 -8.926528</EKey>
                <EKey>1 2.680705 2.4499886 -8.201419</EKey>
                <EKey>1 2.46097517 2.125887 -1.88967729</EKey>
                <EKey>2 2.09842062 2.016022 7.76745272</EKey>
                <EKey>1 2.927901 1.29091322 23.0222015</EKey>
            </Bone>
            <Bone>
                <EKey>11 -5.806363 -5.075761 9.333028</EKey>
                <EKey>3 16.0567627 0.0164797436 21.7807274</EKey>
                <EKey>2 17.2433052 1.13710237 23.9121075</EKey>
                <EKey>1 14.9471273 1.1535821 24.7141228</EKey>
                <EKey>1 10.5799952 0.362554371 24.549324</EKey>
                <EKey>3 2.23575187 -1.29640651 23.52758</EKey>
                <EKey>1 -32.2838173 -5.487755 16.0952168</EKey>
                <EKey>1 -42.04532 -5.482261 13.46395</EKey>
                <EKey>1 -48.4998856 -4.93843 11.640192</EKey>
                <EKey>1 -50.9663544 -3.97161818 10.8052187</EKey>
                <EKey>2 -50.2742043 -2.658732 10.6294346</EKey>
                <EKey>1 -42.7924 0.0769054741 10.9095907</EKey>
                <EKey>1 -37.6562157 1.03822386 10.816205</EKey>
                <EKey>3 -30.5259781 1.56008244 10.48661</EKey>
                <EKey>1 -1.90066373 1.60402834 9.42092</EKey>
                <EKey>3 3.42229342 1.51613641 9.250629</EKey>
                <EKey>4 8.487068 1.42275119 8.514534</EKey>
                <EKey>3 6.53147173 1.395285 8.162967</EKey>
                <EKey>4 0.6536965 1.64797437 10.6569014</EKey>
                <EKey>1 -19.3582058 0.510872066 20.6765842</EKey>
                <EKey>2 -22.9947357 -0.2307164 22.3135738</EKey>
                <EKey>4 -24.79652 -1.13710237 22.6706333</EKey>
                <EKey>7 -20.85237 -2.10940719 19.4296169</EKey>
                <EKey>1 -7.333486 -4.581369 10.3877316</EKey>
            </Bone>
            <Bone>
                <EKey>7 2.971847 -4.339666 6.256809</EKey>
                <EKey>4 18.3035011 1.13710237 19.8251324</EKey>
                <EKey>3 25.3842983 5.432822 26.4939346</EKey>
                <EKey>2 26.4444962 7.52574968 30.0206</EKey>
                <EKey>1 24.1812763 7.707027 31.4433517</EKey>
                <EKey>1 20.0119019 6.43808651 31.3225</EKey>
                <EKey>3 12.0631723 3.63653016 29.8942547</EKey>
                <EKey>1 -21.5939579 -4.389105 18.4792862</EKey>
                <EKey>1 -31.42687 -4.790112 14.2769508</EKey>
                <EKey>1 -38.01877 -4.114443 11.3710232</EKey>
                <EKey>1 -40.6829948 -2.34012365 10.11307</EKey>
                <EKey>2 -40.2655067 0.362554371 9.975739</EKey>
                <EKey>1 -33.38247 6.10299826 10.7942324</EKey>
                <EKey>1 -28.43305 7.95971632 10.8876171</EKey>
                <EKey>3 -21.3742275 8.728771 10.7393</EKey>
                <EKey>1 7.311513 8.113527 10.7942324</EKey>
                <EKey>3 12.6399632 7.926757 10.8821239</EKey>
                <EKey>4 17.7322044 7.976196 10.4975967</EKey>
                <EKey>3 15.7985811 8.031128 10.1899748</EKey>
                <EKey>4 9.821927 7.81689167 11.8214693</EKey>
                <EKey>1 -10.26688 5.72945738 18.2375832</EKey>
                <EKey>2 -13.8759441 4.878004 19.09453</EKey>
                <EKey>4 -15.64477 3.57061124 18.7264824</EKey>
                <EKey>7 -11.7500572 1.36781871 15.210803</EKey>
                <EKey>1 1.49416339 -3.53215837 7.19615459</EKey>
            </Bone>
            <Bone>
                <EKey>61 0 -0.0109864958 19.9954224</EKey>
                <EKey>1 0 -0.0109864958 19.9954224</EKey>
            </Bone>
            <Bone>
                <EKey>3 47.85168 -23.6319523 -4.350652</EKey>
                <EKey>5 31.3774319 -18.3474483 -17.4959946</EKey>
                <EKey>3 6.5094986 -1.18104827 -40.22156</EKey>
                <EKey>2 -0.670176268 9.305562 -51.8233</EKey>
                <EKey>1 -1.29091322 13.7276268 -58.29984</EKey>
                <EKey>1 -0.335088134 14.7328911 -60.9311066</EKey>
                <EKey>1 0.64271003 8.717784 -62.6559868</EKey>
                <EKey>1 1.60402834 10.48661 -62.02426</EKey>
                <EKey>1 4.850538 26.9828339 -57.2121773</EKey>
                <EKey>1 5.339437 43.2538338 -44.44587</EKey>
                <EKey>1 -10.129549 53.91623 -15.7161818</EKey>
                <EKey>1 -36.0137329 48.9503326 19.2922859</EKey>
                <EKey>1 -49.170063 32.8990631 35.25017</EKey>
                <EKey>1 -54.3556862 16.9906158 37.2826729</EKey>
                <EKey>1 -56.8001823 6.28427553 34.01419</EKey>
                <EKey>1 -57.3879623 0.219729915 29.7734032</EKey>
                <EKey>1 -56.5365067 -3.878233 25.9501038</EKey>
                <EKey>2 -54.2842751 -6.89402628 23.4067287</EKey>
                <EKey>1 -46.02243 -10.5250626 23.12108</EKey>
                <EKey>2 -43.95697 -8.701304 26.14786</EKey>
                <EKey>1 -53.26253 4.185855 36.6948967</EKey>
                <EKey>1 -56.3497353 10.5305557 40.86427</EKey>
                <EKey>3 -58.90959 14.6230259 43.14397</EKey>
                <EKey>2 -67.3032761 17.67727 48.69215</EKey>
                <EKey>2 -70.16525 16.8422985 50.9993134</EKey>
                <EKey>1 -68.0943 15.5239182 49.7029076</EKey>
                <EKey>1 -64.5346756 15.040513 47.1815071</EKey>
                <EKey>1 -58.90959 14.6230259 43.14397</EKey>
                <EKey>1 -50.09842 13.4474707 36.74983</EKey>
                <EKey>3 -38.3703346 10.2778664 28.41657</EKey>
                <EKey>1 -1.884184 -10.4811172 7.1686883</EKey>
                <EKey>1 7.470817 -17.52346 3.97161818</EKey>
                <EKey>3 14.3154039 -22.1542683 2.71366453</EKey>
                <EKey>3 27.707943 -27.63653 2.7191577</EKey>
                <EKey>6 36.56855 -27.77386 2.76310372</EKey>
                <EKey>1 46.3025856 -23.6594181 -2.85099554</EKey>
            </Bone>
            <Bone>
                <EKey>15 40.5951 57.8219261 140.110779</EKey>
                <EKey>28 54.98192 64.5127 127.470818</EKey>
                <EKey>18 54.2293434 64.26002 128.151978</EKey>
                <EKey>1 41.19936 58.2064552 139.594421</EKey>
            </Bone>
            <Bone>
                <EKey>3 -33.08583 27.40032 -35.2776375</EKey>
                <EKey>4 -23.038681 25.3128872 -41.084</EKey>
                <EKey>3 -12.0192261 18.3584347 -53.0977325</EKey>
                <EKey>3 -9.799954 10.8656445 -58.7173271</EKey>
                <EKey>1 -10.953536 4.15838861 -57.4264145</EKey>
                <EKey>1 -11.2721443 2.35660338 -54.9214935</EKey>
                <EKey>1 -12.0357065 3.02677965 -52.4220657</EKey>
                <EKey>1 -13.046464 5.191119 -51.5046921</EKey>
                <EKey>1 -13.3815517 6.943465 -46.7805</EKey>
                <EKey>1 -14.0572214 9.4374 -34.2943459</EKey>
                <EKey>2 -16.2325478 12.2169828 -16.7708855</EKey>
                <EKey>1 -25.5765629 14.386816 22.1817341</EKey>
                <EKey>1 -30.22385 13.1673155 37.44747</EKey>
                <EKey>1 -33.0913239 12.2059965 46.1652565</EKey>
                <EKey>1 -34.025177 13.7386131 47.6759</EKey>
                <EKey>1 -33.40444 17.957428 43.8471031</EKey>
                <EKey>2 -31.0807972 23.57702 35.82147</EKey>
                <EKey>2 -20.8578625 32.6628532 11.5468073</EKey>
                <EKey>1 -3.48271918 31.7839317 -24.4669266</EKey>
                <EKey>1 -0.560311258 29.734951 -37.4255</EKey>
                <EKey>1 -0.9723049 29.6086063 -44.8358879</EKey>
                <EKey>1 -3.71892881 30.9764252 -45.7587547</EKey>
                <EKey>2 -5.67452526 30.9654388 -44.7589836</EKey>
                <EKey>3 -4.05951 24.18677 -47.417717</EKey>
                <EKey>2 -1.20302129 8.646372 -47.61547</EKey>
                <EKey>1 0.351567864 0.8459602 -43.39666</EKey>
                <EKey>1 0.4614328 -0.752575 -39.6282921</EKey>
                <EKey>1 -0.8514534 0.708628953 -32.3826981</EKey>
                <EKey>2 -4.53192949 5.15266657 -20.92378</EKey>
                <EKey>1 -20.0009155 14.7054243 5.88326836</EKey>
                <EKey>1 -29.0867481 16.6335545 16.1446552</EKey>
                <EKey>1 -35.914856 17.5729 20.6820774</EKey>
                <EKey>2 -39.1339 19.2428474 19.0835438</EKey>
                <EKey>7 -39.12291 23.2529182 7.78942537</EKey>
                <EKey>3 -35.8379478 24.4998856 -20.8633556</EKey>
                <EKey>1 -33.64065 26.36759 -31.9761963</EKey>
            </Bone>
            <Bone>
                <EKey>14 0 0 -47.2474251</EKey>
                <EKey>5 0 0 -87.11742</EKey>
                <EKey>6 0 0 -89.06203</EKey>
                <EKey>3 0 0 -93.8905945</EKey>
                <EKey>1 0 0 -91.86908</EKey>
                <EKey>1 0 0 -89.9354553</EKey>
                <EKey>3 0 0 -84.37629</EKey>
                <EKey>1 0 0 -51.916687</EKey>
                <EKey>3 0 0 -45.5390244</EKey>
                <EKey>3 0 0 -40.1446571</EKey>
                <EKey>2 0 0 -42.2705421</EKey>
                <EKey>1 0 0 -46.6211929</EKey>
                <EKey>4 0 0 -50.8564873</EKey>
                <EKey>3 0 0 -79.42687</EKey>
                <EKey>1 0 0 -96.35157</EKey>
                <EKey>1 0 0 -99.4168</EKey>
                <EKey>3 0 0 -99.26299</EKey>
                <EKey>6 0 0 -88.15015</EKey>
                <EKey>1 0 0 -52.7241936</EKey>
            </Bone>
            <Bone>
                <EKey>14 -89.34768 14.1286335 20.5447464</EKey>
                <EKey>24 -87.9469 14.8043032 0.32959488</EKey>
                <EKey>7 -87.8535156 14.8262758 -0.8953994</EKey>
                <EKey>16 -88.11719 14.7493706 2.64774537</EKey>
                <EKey>1 -89.28176 14.1780729 19.4790573</EKey>
            </Bone>
            <Bone>
                <EKey>16 -40.6060867 -57.8329124 140.110779</EKey>
                <EKey>6 -49.43374 -62.44175 132.4422</EKey>
                <EKey>2 -97.25796 -70.0499 88.6555252</EKey>
                <EKey>5 -103.223618 -69.77524 81.44839</EKey>
                <EKey>3 -66.91875 -69.3302841 105.283592</EKey>
                <EKey>3 -44.35248 -67.16594 120.4065</EKey>
                <EKey>8 -37.4914169 -66.2211 124.652779</EKey>
                <EKey>18 -40.38636 -66.41337 123.44976</EKey>
                <EKey>1 -40.4083328 -58.33829 139.3637</EKey>
            </Bone>
            <Bone>
                <EKey>3 -31.1906624 -10.6953535 -84.1730347</EKey>
                <EKey>3 -11.4424353 -26.9388885 -61.1178741</EKey>
                <EKey>3 21.25887 -36.8761749 -27.2574959</EKey>
                <EKey>2 56.83314 -33.42092 8.058595</EKey>
                <EKey>2 74.42802 -26.3456173 25.2909126</EKey>
                <EKey>1 86.27146 -19.4021511 37.321125</EKey>
                <EKey>1 90.22659 -16.8203259 41.8365746</EKey>
                <EKey>1 91.21538 -18.5452042 39.6502647</EKey>
                <EKey>1 89.54543 -20.1382465 38.36484</EKey>
                <EKey>1 84.16205 -20.9567413 43.2922859</EKey>
                <EKey>1 72.4119949 -26.4664688 44.06134</EKey>
                <EKey>1 55.3774338 -32.855114 37.44747</EKey>
                <EKey>1 35.56878 -35.36553 23.3847561</EKey>
                <EKey>1 19.1714344 -32.0915527 7.43785763</EKey>
                <EKey>1 10.3108263 -25.8072777 -5.02082872</EKey>
                <EKey>2 7.756466 -20.0393677 -12.2664223</EKey>
                <EKey>1 9.223164 -9.371481 -19.1494617</EKey>
                <EKey>1 9.382467 -5.31197071 -20.34699</EKey>
                <EKey>1 8.77271652 -4.411078 -18.89128</EKey>
                <EKey>1 7.96520948 -8.377203 -16.5346756</EKey>
                <EKey>1 10.3437862 -16.7708855 -11.9752808</EKey>
                <EKey>1 20.9018078 -25.9720764 -2.92240787</EKey>
                <EKey>1 38.09018 -31.0643177 7.52574968</EKey>
                <EKey>1 54.29526 -31.2840462 14.3483639</EKey>
                <EKey>1 62.4527359 -30.32273 15.5898371</EKey>
                <EKey>1 63.64477 -30.1029987 14.37583</EKey>
                <EKey>2 62.27695 -30.0370789 13.2332344</EKey>
                <EKey>3 54.1414528 -30.49302 11.3270769</EKey>
                <EKey>2 35.29961 -31.49279 6.41062</EKey>
                <EKey>2 24.137331 -30.7676811 0.1153582</EKey>
                <EKey>3 14.8207827 -27.4222927 -11.4204626</EKey>
                <EKey>1 6.707256 -19.51751 -32.36072</EKey>
                <EKey>3 5.75143051 -18.1387043 -37.27718</EKey>
                <EKey>5 1.41176474 -16.9906158 -44.4733353</EKey>
                <EKey>5 -13.9418631 -14.590066 -60.66743</EKey>
                <EKey>1 -28.9329357 -11.6346989 -80.201416</EKey>
            </Bone>
            <Bone>
                <EKey>15 0 0 -94.01694</EKey>
                <EKey>8 0 0 -80.78371</EKey>
                <EKey>4 0 0 -80.98695</EKey>
                <EKey>5 0 0 -91.24834</EKey>
                <EKey>6 0 0 -106.195465</EKey>
                <EKey>3 0 0 -114.57267</EKey>
                <EKey>2 0 0 -113.4136</EKey>
                <EKey>2 0 0 -107.096359</EKey>
                <EKey>3 0 0 -92.88533</EKey>
                <EKey>1 0 0 -69.1874542</EKey>
                <EKey>1 0 0 -63.9688721</EKey>
                <EKey>3 0 0 -61.4694443</EKey>
                <EKey>4 0 0 -63.57885</EKey>
                <EKey>4 0 0 -76.11444</EKey>
                <EKey>1 0 0 -91.0341</EKey>
            </Bone>
            <Bone>
                <EKey>14 106.464638 -13.2607 20.8633556</EKey>
                <EKey>22 112.6775 -1.23598075 6.51499176</EKey>
                <EKey>5 113.204849 -1.79629207 7.04234362</EKey>
                <EKey>2 113.303734 -1.90066373 7.14122248</EKey>
                <EKey>5 111.56237 0.1153582 5.268025</EKey>
                <EKey>2 102.926987 12.9311056 -4.790112</EKey>
                <EKey>3 100.8835 14.524147 -5.35042334</EKey>
                <EKey>8 99.9881 10.3822384 -1.27443349</EKey>
                <EKey>1 105.404442 -10.953536 18.3913937</EKey>
            </Bone>
        </Rotations>
        <PositionOffset>
            <X>0</X>
            <Z>0</Z>
        </PositionOffset>
        <Positions>
            <Position>
                <Height>16.75</Height>
                <YOffset>-0.48</YOffset>
            </Position>
            <Position>
                <Height>16.6</Height>
                <YOffset>-0.48999998</YOffset>
            </Position>
            <Position>
                <Height>16.4</Height>
                <YOffset>-0.47</YOffset>
            </Position>
            <Position>
                <Height>16.19</Height>
                <YOffset>-0.45</YOffset>
            </Position>
            <Position>
                <Height>15.8899994</Height>
                <YOffset>-0.35</YOffset>
            </Position>
            <Position>
                <Height>15.61</Height>
                <YOffset>-0.269999981</YOffset>
            </Position>
            <Position>
                <Height>15.4</Height>
                <YOffset>-0.269999981</YOffset>
            </Position>
            <Position>
                <Height>15.2</Height>
                <YOffset>-0.29</YOffset>
            </Position>
            <Position>
                <Height>15</Height>
                <YOffset>-0.31</YOffset>
            </Position>
            <Position>
                <Height>14.7999992</Height>
                <YOffset>-0.34</YOffset>
            </Position>
            <Position>
                <Height>14.5999994</Height>
                <YOffset>-0.37</YOffset>
            </Position>
            <Position>
                <Height>14.3899994</Height>
                <YOffset>-0.399999976</YOffset>
            </Position>
            <Position>
                <Height>14.19</Height>
                <YOffset>-0.42</YOffset>
            </Position>
            <Position>
                <Height>13.98</Height>
                <YOffset>-0.45</YOffset>
            </Position>
            <Position>
                <Height>13.78</Height>
                <YOffset>-0.47</YOffset>
            </Position>
            <Position>
                <Height>13.65</Height>
                <YOffset>-0.5</YOffset>
            </Position>
            <Position>
                <Height>13.58</Height>
                <YOffset>-0.47</YOffset>
            </Position>
            <Position>
                <Height>13.59</Height>
                <YOffset>-0.47</YOffset>
            </Position>
            <Position>
                <Height>13.7</Height>
                <YOffset>-0.47</YOffset>
            </Position>
            <Position>
                <Height>13.99</Height>
                <YOffset>-0.47</YOffset>
            </Position>
            <Position>
                <Height>14.54</Height>
                <YOffset>-0.58</YOffset>
            </Position>
            <Position>
                <Height>15.0599995</Height>
                <YOffset>-0.59</YOffset>
            </Position>
            <Position>
                <Height>15.4299994</Height>
                <YOffset>-0.5</YOffset>
            </Position>
            <Position>
                <Height>15.67</Height>
                <YOffset>-0.429999977</YOffset>
            </Position>
            <Position>
                <Height>15.79</Height>
                <YOffset>-0.41</YOffset>
            </Position>
            <Position>
                <Height>15.8099995</Height>
                <YOffset>-0.42</YOffset>
            </Position>
            <Position>
                <Height>15.7</Height>
                <YOffset>-0.429999977</YOffset>
            </Position>
            <Position>
                <Height>15.5099993</Height>
                <YOffset>-0.37</YOffset>
            </Position>
            <Position>
                <Height>15.17</Height>
                <YOffset>-0.299999982</YOffset>
            </Position>
            <Position>
                <Height>15.07</Height>
                <YOffset>-0.429999977</YOffset>
            </Position>
            <Position>
                <Height>14.9299994</Height>
                <YOffset>-0.5</YOffset>
            </Position>
            <Position>
                <Height>14.5</Height>
                <YOffset>-0.299999982</YOffset>
            </Position>
            <Position>
                <Height>14.0599995</Height>
                <YOffset>-0.13</YOffset>
            </Position>
            <Position>
                <Height>13.92</Height>
                <YOffset>-0.149999991</YOffset>
            </Position>
            <Position>
                <Height>14.1799994</Height>
                <YOffset>-0.45</YOffset>
            </Position>
            <Position>
                <Height>14.3099995</Height>
                <YOffset>-0.56</YOffset>
            </Position>
            <Position>
                <Height>14.1399994</Height>
                <YOffset>-0.359999985</YOffset>
            </Position>
            <Position>
                <Height>14.15</Height>
                <YOffset>-0.34</YOffset>
            </Position>
            <Position>
                <Height>14.1399994</Height>
                <YOffset>-0.299999982</YOffset>
            </Position>
            <Position>
                <Height>14.19</Height>
                <YOffset>-0.299999982</YOffset>
            </Position>
            <Position>
                <Height>14.28</Height>
                <YOffset>-0.299999982</YOffset>
            </Position>
            <Position>
                <Height>14.42</Height>
                <YOffset>-0.299999982</YOffset>
            </Position>
            <Position>
                <Height>14.62</Height>
                <YOffset>-0.299999982</YOffset>
            </Position>
            <Position>
                <Height>14.92</Height>
                <YOffset>-0.29</YOffset>
            </Position>
            <Position>
                <Height>15.3099995</Height>
                <YOffset>-0.299999982</YOffset>
            </Position>
            <Position>
                <Height>15.75</Height>
                <YOffset>-0.299999982</YOffset>
            </Position>
            <Position>
                <Height>16.15</Height>
                <YOffset>-0.28</YOffset>
            </Position>
            <Position>
                <Height>16.48</Height>
                <YOffset>-0.25</YOffset>
            </Position>
            <Position>
                <Height>16.71</Height>
                <YOffset>-0.229999989</YOffset>
            </Position>
            <Position>
                <Height>16.84</Height>
                <YOffset>-0.24</YOffset>
            </Position>
            <Position>
                <Height>16.8699989</Height>
                <YOffset>-0.229999989</YOffset>
            </Position>
            <Position>
                <Height>16.83</Height>
                <YOffset>-0.22</YOffset>
            </Position>
            <Position>
                <Height>16.789999</Height>
                <YOffset>-0.24</YOffset>
            </Position>
            <Position>
                <Height>16.75</Height>
                <YOffset>-0.29</YOffset>
            </Position>
            <Position>
                <Height>16.69</Height>
                <YOffset>-0.34</YOffset>
            </Position>
            <Position>
                <Height>16.67</Height>
                <YOffset>-0.429999977</YOffset>
            </Position>
            <Position>
                <Height>16.6999989</Height>
                <YOffset>-0.55</YOffset>
            </Position>
            <Position>
                <Height>16.6999989</Height>
                <YOffset>-0.62</YOffset>
            </Position>
            <Position>
                <Height>16.67</Height>
                <YOffset>-0.599999964</YOffset>
            </Position>
            <Position>
                <Height>16.64</Height>
                <YOffset>-0.53</YOffset>
            </Position>
            <Position>
                <Height>16.68</Height>
                <YOffset>-0.48999998</YOffset>
            </Position>
            <Position>
                <Height>16.73</Height>
                <YOffset>-0.48</YOffset>
            </Position>
        </Positions>
        <ThrowSource />
        <SelfDamage />
        <Attacks>
            <Attack>
                <Start>30</Start>
                <End>36</End>
                <Bones>RightThigh RightCalf RightFoot</Bones>
                <Flags />
                <Knockback>4</Knockback>
                <HitPoints>10</HitPoints>
                <HitType>HitJewels</HitType>
                <HitLength>5</HitLength>
                <StunLength>8</StunLength>
                <StaggerLength>0</StaggerLength>
                <Extents>
                    <Extent>
                        <Angle>22.80247</Angle>
                        <Length>7.00999975</Length>
                        <MinY>8.099999</MinY>
                        <MaxY>10.6123238</MaxY>
                    </Extent>
                    <Extent>
                        <Angle>14.3648434</Angle>
                        <Length>8.98</Length>
                        <MinY>8.24</MinY>
                        <MaxY>10.24</MaxY>
                    </Extent>
                    <Extent>
                        <Angle>9.602198</Angle>
                        <Length>9.86</Length>
                        <MinY>8.22</MinY>
                        <MaxY>9.86</MaxY>
                    </Extent>
                    <Extent>
                        <Angle>8.22339249</Angle>
                        <Length>9.87</Length>
                        <MinY>7.74</MinY>
                        <MaxY>9.94</MaxY>
                    </Extent>
                    <Extent>
                        <Angle>8.657359</Angle>
                        <Length>9.719999</Length>
                        <MinY>7.58161736</MinY>
                        <MaxY>10.05</MaxY>
                    </Extent>
                    <Extent>
                        <Angle>354.023346</Angle>
                        <Length>9.679999</Length>
                        <MinY>7.64</MinY>
                        <MaxY>10.13</MaxY>
                    </Extent>
                    <Extent>
                        <Angle>7.789425</Angle>
                        <Length>9.69</Length>
                        <MinY>7.83999968</MinY>
                        <MaxY>10.1799994</MaxY>
                    </Extent>
                </Extents>
            </Attack>
        </Attacks>
        <AttackRing>
            <Length>18.79588</Length>
            <Length>18.79588</Length>
            <Length>18.79588</Length>
            <Length>18.71323</Length>
            <Length>11.12695</Length>
            <Length>8.217221</Length>
            <Length>5.152919</Length>
            <Length>5.08212</Length>
            <Length>5.08212</Length>
            <Length>0</Length>
            <Length>0</Length>
            <Length>0</Length>
            <Length>0</Length>
            <Length>0</Length>
            <Length>0</Length>
            <Length>0</Length>
            <Length>0</Length>
            <Length>0</Length>
            <Length>0</Length>
            <Length>0</Length>
            <Length>0</Length>
            <Length>0</Length>
            <Length>0</Length>
            <Length>0</Length>
            <Length>0</Length>
            <Length>0</Length>
            <Length>0</Length>
            <Length>0</Length>
            <Length>0</Length>
            <Length>0</Length>
            <Length>1.8295188</Length>
            <Length>4.26468325</Length>
            <Length>8.173356</Length>
            <Length>18.79588</Length>
            <Length>18.79588</Length>
            <Length>18.79588</Length>
        </AttackRing>
    </Animation>
</Oni>