﻿<?xml version="1.0" encoding="utf-8"?>
<Oni>
    <Animation>
        <Lookup>
            <Type>RunThrowForwardPunch</Type>
            <AimingType>RunThrowForwardPunch</AimingType>
            <FromState>None</FromState>
            <ToState>Standing</ToState>
            <Varient>Combat</Varient>
            <FirstLevel>9</FirstLevel>
            <Shortcuts>
                <Shortcut>
                    <FromState>RunningLeftDown</FromState>
                    <Length>6</Length>
                    <ReplaceAtomic>no</ReplaceAtomic>
                </Shortcut>
                <Shortcut>
                    <FromState>RunningRightDown</FromState>
                    <Length>6</Length>
                    <ReplaceAtomic>no</ReplaceAtomic>
                </Shortcut>
            </Shortcuts>
        </Lookup>
        <Flags>Invulnerable Atomic ThrowSource DontAim</Flags>
        <Atomic>
            <Start>0</Start>
            <End>65535</End>
        </Atomic>
        <Invulnerable>
            <Start>0</Start>
            <End>0</End>
        </Invulnerable>
        <Overlay>
            <UsedBones />
            <ReplacedBones />
        </Overlay>
        <DirectAnimations>
            <Link />
            <Link />
        </DirectAnimations>
        <Pause>
            <Hard>0</Hard>
            <Soft>0</Soft>
        </Pause>
        <Interpolation>
            <End>6</End>
            <Max>65535</Max>
        </Interpolation>
        <FinalRotation>0</FinalRotation>
        <Direction>Forward</Direction>
        <Vocalization>65535</Vocalization>
        <ActionFrame>65535</ActionFrame>
        <Impact />
        <Particles>
            <Particle>
                <Start>0</Start>
                <End>39</End>
                <Bone>RightFoot</Bone>
                <Name>contrail</Name>
            </Particle>
            <Particle>
                <Start>0</Start>
                <End>39</End>
                <Bone>LeftFoot</Bone>
                <Name>contrail</Name>
            </Particle>
        </Particles>
        <MotionBlur />
        <Footsteps>
            <Footstep>
                <Frame>56</Frame>
                <Type>Left</Type>
            </Footstep>
        </Footsteps>
        <Sounds>
            <Sound>
                <Name>big_crack</Name>
                <Start>33</Start>
            </Sound>
        </Sounds>
        <Heights>
            <Height>8.008025</Height>
            <Height>8.334273</Height>
            <Height>8.673985</Height>
            <Height>9.021391</Height>
            <Height>9.37072</Height>
            <Height>9.716203</Height>
            <Height>10.0520678</Height>
            <Height>10.3725452</Height>
            <Height>10.6718674</Height>
            <Height>10.9442606</Height>
            <Height>11.1839561</Height>
            <Height>11.3889093</Height>
            <Height>11.5644817</Height>
            <Height>11.7160149</Height>
            <Height>11.84885</Height>
            <Height>11.9683294</Height>
            <Height>12.079792</Height>
            <Height>12.1885815</Height>
            <Height>12.3000355</Height>
            <Height>12.4194984</Height>
            <Height>12.5523119</Height>
            <Height>12.7038155</Height>
            <Height>12.87935</Height>
            <Height>13.0930557</Height>
            <Height>13.3476667</Height>
            <Height>13.6314173</Height>
            <Height>13.9325418</Height>
            <Height>14.2392759</Height>
            <Height>14.5398512</Height>
            <Height>14.822505</Height>
            <Height>15.07547</Height>
            <Height>15.2869806</Height>
            <Height>15.4452705</Height>
            <Height>15.5385761</Height>
            <Height>15.5825472</Height>
            <Height>15.599123</Height>
            <Height>15.5859756</Height>
            <Height>15.5407705</Height>
            <Height>15.46118</Height>
            <Height>15.3448687</Height>
            <Height>15.1895084</Height>
            <Height>14.9927664</Height>
            <Height>14.7523127</Height>
            <Height>14.4658146</Height>
            <Height>14.1309433</Height>
            <Height>13.7427254</Height>
            <Height>13.3026314</Height>
            <Height>12.8179989</Height>
            <Height>12.2961578</Height>
            <Height>11.7444477</Height>
            <Height>11.1701937</Height>
            <Height>10.5807333</Height>
            <Height>9.983399</Height>
            <Height>9.385527</Height>
            <Height>8.794448</Height>
            <Height>8.217496</Height>
            <Height>7.662006</Height>
            <Height>7.135315</Height>
            <Height>6.644747</Height>
            <Height>6.197642</Height>
            <Height>5.801332</Height>
            <Height>5.463151</Height>
            <Height>5.216515</Height>
            <Height>5.078619</Height>
            <Height>5.032471</Height>
            <Height>5.061075</Height>
            <Height>5.147436</Height>
            <Height>5.27456</Height>
            <Height>5.425453</Height>
            <Height>5.583121</Height>
            <Height>5.730569</Height>
            <Height>5.850801</Height>
            <Height>5.957063</Height>
            <Height>6.073152</Height>
            <Height>6.197896</Height>
            <Height>6.330133</Height>
            <Height>6.468692</Height>
            <Height>6.612405</Height>
            <Height>6.760109</Height>
            <Height>6.910632</Height>
            <Height>7.062807</Height>
            <Height>7.21547</Height>
            <Height>7.367451</Height>
            <Height>7.517583</Height>
            <Height>7.664697</Height>
            <Height>7.807627</Height>
            <Height>7.945207</Height>
            <Height>8.076267</Height>
            <Height>8.199641</Height>
            <Height>8.314162</Height>
            <Height>8.41866</Height>
            <Height>8.511971</Height>
            <Height>8.592925</Height>
            <Height>8.632741</Height>
            <Height>8.612637</Height>
            <Height>8.546438</Height>
            <Height>8.447975</Height>
            <Height>8.331073</Height>
            <Height>8.209562</Height>
            <Height>8.097271</Height>
        </Heights>
        <Velocities>
            <Velocity>0.0253499746 0.786883354</Velocity>
            <Velocity>0.155543029 0.7501106</Velocity>
            <Velocity>0.149295986 0.757998943</Velocity>
            <Velocity>0.145829022 0.7595043</Velocity>
            <Velocity>0.144781947 0.7556329</Velocity>
            <Velocity>0.146047 0.747241</Velocity>
            <Velocity>0.149693012 0.734833241</Velocity>
            <Velocity>0.156067014 0.7191329</Velocity>
            <Velocity>0.138085961 0.6949959</Velocity>
            <Velocity>0.1226151 0.674998045</Velocity>
            <Velocity>0.172990918 0.642046</Velocity>
            <Velocity>0.270612955 0.590557</Velocity>
            <Velocity>0.3834641 0.538473964</Velocity>
            <Velocity>0.473974 0.507023036</Velocity>
            <Velocity>0.518707037 0.507642</Velocity>
            <Velocity>0.5307801 0.531311035</Velocity>
            <Velocity>0.503098965 0.576807</Velocity>
            <Velocity>0.42919302 0.637846947</Velocity>
            <Velocity>0.328093052 0.6829051</Velocity>
            <Velocity>0.236170769 0.695965052</Velocity>
            <Velocity>0.162456036 0.703482866</Velocity>
            <Velocity>0.106941223 0.718198061</Velocity>
            <Velocity>0.05742073 0.73566103</Velocity>
            <Velocity>0.009647846 0.754972935</Velocity>
            <Velocity>-0.009430885 0.770863056</Velocity>
            <Velocity>-0.02135086 0.7868471</Velocity>
            <Velocity>-0.0668320656 0.804923058</Velocity>
            <Velocity>-0.1518321 0.8152685</Velocity>
            <Velocity>-0.292819023 0.804649353</Velocity>
            <Velocity>-0.5186348 0.7249565</Velocity>
            <Velocity>-0.7955961 0.5145254</Velocity>
            <Velocity>-0.947412 0.32820034</Velocity>
            <Velocity>-1.01589179 0.204659462</Velocity>
            <Velocity>-1.04542315 0.105592728</Velocity>
            <Velocity>-1.049886 0.00970459</Velocity>
            <Velocity>-1.063041 -0.06978321</Velocity>
            <Velocity>-1.073776 -0.136576653</Velocity>
            <Velocity>-1.045379 -0.227219582</Velocity>
            <Velocity>-0.962008 -0.368864059</Velocity>
            <Velocity>-0.7553921 -0.610502243</Velocity>
            <Velocity>-0.485408783 -0.829177856</Velocity>
            <Velocity>-0.3596449 -0.9025698</Velocity>
            <Velocity>-0.276267052 -0.9347539</Velocity>
            <Velocity>-0.221035 -0.946900845</Velocity>
            <Velocity>-0.181461334 -0.9454322</Velocity>
            <Velocity>-0.150449753 -0.927405834</Velocity>
            <Velocity>-0.126716137 -0.893332</Velocity>
            <Velocity>-0.116899014 -0.835577</Velocity>
            <Velocity>-0.105938911 -0.8057859</Velocity>
            <Velocity>-0.08101797 -0.8148351</Velocity>
            <Velocity>-0.0515460968 -0.821678042</Velocity>
            <Velocity>-0.020321846 -0.823506</Velocity>
            <Velocity>0.008676052 -0.817779</Velocity>
            <Velocity>0.0310440063 -0.8038719</Velocity>
            <Velocity>0.043211937 -0.78255415</Velocity>
            <Velocity>0.0426898 -0.7536509</Velocity>
            <Velocity>0.03742218 -0.722744</Velocity>
            <Velocity>0.03528309 -0.6896522</Velocity>
            <Velocity>0.0358176231 -0.6524749</Velocity>
            <Velocity>0.03737545 -0.607560158</Velocity>
            <Velocity>0.038236618 -0.555927753</Velocity>
            <Velocity>0.0479459763 -0.481596947</Velocity>
            <Velocity>0.06162834 -0.393629074</Velocity>
            <Velocity>0.0714407 -0.317248821</Velocity>
            <Velocity>0.079144 -0.249309063</Velocity>
            <Velocity>0.08289814 -0.190090179</Velocity>
            <Velocity>0.08119488 -0.140901566</Velocity>
            <Velocity>0.0741229057 -0.103405</Velocity>
            <Velocity>0.06389904 -0.07823944</Velocity>
            <Velocity>0.0523509979 -0.0649786</Velocity>
            <Velocity>0.037812233 -0.06759262</Velocity>
            <Velocity>0.0276870728 -0.0720644</Velocity>
            <Velocity>0.02581501 -0.06729126</Velocity>
            <Velocity>0.0238471031 -0.06258774</Velocity>
            <Velocity>0.0217676163 -0.05791378</Velocity>
            <Velocity>0.01956892 -0.0532426834</Velocity>
            <Velocity>0.0173020363 -0.0492401123</Velocity>
            <Velocity>0.01480341 -0.0450105667</Velocity>
            <Velocity>0.0120725632 -0.04072094</Velocity>
            <Velocity>0.009093285 -0.0364608765</Velocity>
            <Velocity>0.005838871 -0.03250408</Velocity>
            <Velocity>0.002641201 -0.02807045</Velocity>
            <Velocity>9.679794E-05 -0.02382183</Velocity>
            <Velocity>-0.0010008812 -0.0199356079</Velocity>
            <Velocity>-0.000649929047 -0.0167818069</Velocity>
            <Velocity>0.0005040169 -0.0139942169</Velocity>
            <Velocity>0.00165891647 -0.01154232</Velocity>
            <Velocity>0.00258779526 -0.008840561</Velocity>
            <Velocity>0.00311899185 -0.006381035</Velocity>
            <Velocity>0.00339031219 -0.00380420685</Velocity>
            <Velocity>0.00342082977 -0.001745224</Velocity>
            <Velocity>0.00335502625 0.000452041626</Velocity>
            <Velocity>0.00320386887 0.002122879</Velocity>
            <Velocity>0.00305604935 0.004234314</Velocity>
            <Velocity>0.00289821625 0.00559139252</Velocity>
            <Velocity>0.00278377533 0.006843567</Velocity>
            <Velocity>0.002732277 0.007976532</Velocity>
            <Velocity>0.00275468826 0.008957863</Velocity>
            <Velocity>0.00287008286 0.009781837</Velocity>
            <Velocity>0.00308609 0.0104503632</Velocity>
        </Velocities>
        <Rotations>
            <Bone>
                <EKey>7 112.441292 87.518425 -0.0109864958</EKey>
                <EKey>3 -157.205765 59.77203 -73.60952</EKey>
                <EKey>2 -148.334167 49.1096344 -78.05356</EKey>
                <EKey>3 -140.808426 42.0618 -85.62325</EKey>
                <EKey>2 -129.992218 30.6852818 -100.878006</EKey>
                <EKey>2 -124.081482 25.1096363 -111.293205</EKey>
                <EKey>3 -117.951019 23.52758 -121.439232</EKey>
                <EKey>3 -103.344475 26.99382 -140.083313</EKey>
                <EKey>2 -87.5019455 27.2410164 -164.66011</EKey>
                <EKey>3 -83.34356 22.88487 177.9263</EKey>
                <EKey>3 -89.18288 15.9414053 148.927444</EKey>
                <EKey>2 -97.06569 11.5962467 117.714806</EKey>
                <EKey>4 -98.24124 6.89951944 97.60403</EKey>
                <EKey>5 -99.26299 -6.59739065 56.7013054</EKey>
                <EKey>3 -114.622108 -20.7974358 2.98283362</EKey>
                <EKey>1 -129.767 -16.32044 -27.7463951</EKey>
                <EKey>2 -134.6505 -11.1458 -35.777523</EKey>
                <EKey>3 -144.708633 5.701991 -45.6928368</EKey>
                <EKey>1 -158.139618 33.70657 -49.63699</EKey>
                <EKey>2 -160.96315 40.5181961 -50.8674736</EKey>
                <EKey>4 -161.77066 49.2634468 -56.48707</EKey>
                <EKey>18 -154.843674 56.9869537 -71.56603</EKey>
                <EKey>21 -33.0748444 81.4264145 142.077362</EKey>
                <EKey>1 -11.673152 38.49668 91.96796</EKey>
            </Bone>
            <Bone>
                <EKey>3 -179.596252 -1.77981234 -109.738609</EKey>
                <EKey>1 179.491867 1.56008244 -138.374908</EKey>
                <EKey>2 179.502869 1.483177 -150.767685</EKey>
                <EKey>1 178.860153 0.0878919661 -155.486374</EKey>
                <EKey>2 179.78302 0.670176268 -157.161819</EKey>
                <EKey>2 -172.938431 5.570153 -162.567184</EKey>
                <EKey>1 -164.5887 10.816205 -168.950333</EKey>
                <EKey>1 -162.852829 12.6454563 -171.889221</EKey>
                <EKey>3 -164.368958 14.3154039 -174.240326</EKey>
                <EKey>1 -177.31105 18.9956512 -178.942551</EKey>
                <EKey>2 -178.62944 18.9462128 179.123825</EKey>
                <EKey>5 -174.767685 15.88098 173.344925</EKey>
                <EKey>2 -160.15564 0.620737 160.672012</EKey>
                <EKey>1 -159.512939 -3.52117181 159.518433</EKey>
                <EKey>2 -162.30899 -3.92767215 159.6997</EKey>
                <EKey>1 -174.5095 -1.80727851 162.237579</EKey>
                <EKey>1 178.453644 -0.444953084 165.659882</EKey>
                <EKey>1 172.339661 0.258182645 170.949875</EKey>
                <EKey>1 168.455933 -0.131837949 178.211945</EKey>
                <EKey>1 167.197983 -1.40627146 -171.0103</EKey>
                <EKey>2 167.906616 -2.927901 -156.519119</EKey>
                <EKey>1 173.020828 -4.30670643 -124.27375</EKey>
                <EKey>1 175.690552 -4.04303026 -110.579079</EKey>
                <EKey>1 177.415421 -3.988098 -101.174637</EKey>
                <EKey>2 178.261383 -4.66376734 -95.8022461</EKey>
                <EKey>3 179.112839 -7.32799244 -91.29778</EKey>
                <EKey>2 -179.486374 -11.36553 -93.94003</EKey>
                <EKey>6 -176.492554 -11.5907526 -98.04349</EKey>
                <EKey>1 -160.908218 -9.311055 -124.5539</EKey>
                <EKey>2 -159.556885 -9.937285 -125.74044</EKey>
                <EKey>1 -159.150375 -10.4591436 -125.344933</EKey>
                <EKey>1 -161.375137 -6.015106 -130.618454</EKey>
                <EKey>1 -160.9192 -5.98764038 -130.3328</EKey>
                <EKey>2 -160.589615 -6.61387062 -127.289543</EKey>
                <EKey>2 -162.32547 -0.664683 -114.781418</EKey>
                <EKey>2 -164.187683 5.99862671 -105.080338</EKey>
                <EKey>3 -166.363 13.183795 -99.47723</EKey>
                <EKey>5 -168.7416 20.0558472 -98.21927</EKey>
                <EKey>6 -168.637222 21.6598759 -104.487068</EKey>
                <EKey>21 -166.961777 18.4792862 -112.792862</EKey>
                <EKey>1 -164.187683 -3.23002982 -137.353165</EKey>
            </Bone>
            <Bone>
                <EKey>1 0 0 -93.8851</EKey>
                <EKey>1 0 0 -85.941864</EKey>
                <EKey>1 0 0 -75.16411</EKey>
                <EKey>1 0 0 -60.80476</EKey>
                <EKey>1 0 0 -40.139164</EKey>
                <EKey>1 0 0 -30.17441</EKey>
                <EKey>1 0 0 -22.4069576</EKey>
                <EKey>2 0 0 -17.7541771</EKey>
                <EKey>3 0 0 -14.9471273</EKey>
                <EKey>3 0 0 -17.7541771</EKey>
                <EKey>4 0 0 -26.7960625</EKey>
                <EKey>4 0 0 -42.9297333</EKey>
                <EKey>2 0 0 -62.007782</EKey>
                <EKey>1 0 0 -66.0233459</EKey>
                <EKey>1 0 0 -65.2542953</EKey>
                <EKey>1 0 0 -60.2334633</EKey>
                <EKey>3 0 0 -50.40055</EKey>
                <EKey>1 0 0 -13.4419775</EKey>
                <EKey>1 0 0 -5.76791048</EKey>
                <EKey>2 0 0 -1.884184</EKey>
                <EKey>4 0 0 0.104371712</EKey>
                <EKey>5 0 0 -6.707256</EKey>
                <EKey>2 0 0 -26.2687111</EKey>
                <EKey>5 0 0 -28.6253147</EKey>
                <EKey>1 0 0 -20.83589</EKey>
                <EKey>1 0 0 -20.737011</EKey>
                <EKey>2 0 0 -23.0276947</EKey>
                <EKey>1 0 0 -34.5250626</EKey>
                <EKey>1 0 0 -48.813</EKey>
                <EKey>1 0 0 -59.37652</EKey>
                <EKey>1 0 0 -72.33509</EKey>
                <EKey>1 0 0 -89.2433</EKey>
                <EKey>1 0 0 -102.4271</EKey>
                <EKey>1 0 0 -112.886246</EKey>
                <EKey>1 0 0 -120.422981</EKey>
                <EKey>1 0 0 -125.009842</EKey>
                <EKey>3 0 0 -127.262077</EKey>
                <EKey>32 0 0 -124.872513</EKey>
                <EKey>1 0 0 -51.916687</EKey>
            </Bone>
            <Bone>
                <EKey>1 0.0878919661 0.8130007 8.124514</EKey>
                <EKey>1 2.861982 3.63653016 11.5138474</EKey>
                <EKey>1 5.701991 6.959945 12.0137329</EKey>
                <EKey>1 9.717555 9.206683 9.739529</EKey>
                <EKey>2 14.9800873 9.464866 3.51018548</EKey>
                <EKey>1 14.57908 -1.45021749 -25.889677</EKey>
                <EKey>1 13.0684366 -4.00457764 -35.1677742</EKey>
                <EKey>2 13.3650723 -3.20256352 -36.5410843</EKey>
                <EKey>1 15.9908447 1.45571065 -30.5094986</EKey>
                <EKey>1 16.8313122 3.79034114 -26.82353</EKey>
                <EKey>1 16.4412918 5.28450441 -25.1810474</EKey>
                <EKey>2 14.2439919 5.82833624 -26.13138</EKey>
                <EKey>1 6.5094986 3.84527349 -30.8885326</EKey>
                <EKey>2 3.0103 1.34035254 -33.0363922</EKey>
                <EKey>3 0.483405828 -3.18059063 -34.1515236</EKey>
                <EKey>6 1.71938658 -7.72350645 -33.2286568</EKey>
                <EKey>2 6.53147173 -7.76745272 -32.25086</EKey>
                <EKey>3 6.910506 -8.569467 -33.0803375</EKey>
                <EKey>3 2.41153574 -3.460746 -35.25017</EKey>
                <EKey>2 0.197756931 -2.79606318 -33.0418854</EKey>
                <EKey>2 -2.46097517 -4.097963 -32.1080322</EKey>
                <EKey>4 -4.49897 -5.06477451 -35.70062</EKey>
                <EKey>2 -7.113756 -11.4479284 -52.7406731</EKey>
                <EKey>2 -6.10849142 -13.2991533 -57.62417</EKey>
                <EKey>4 -3.614557 -11.1952391 -56.0421143</EKey>
                <EKey>1 -0.02746624 -3.746395 -44.58869</EKey>
                <EKey>2 0.477912575 -2.73014426 -42.50126</EKey>
                <EKey>1 4.33417273 -3.52666521 -49.9171448</EKey>
                <EKey>1 5.806363 -3.41130686 -42.9132538</EKey>
                <EKey>1 2.812543 -1.40077817 24.7360954</EKey>
                <EKey>1 5.806363 -7.179675 44.2206459</EKey>
                <EKey>1 11.5303268 -10.8766308 52.7956047</EKey>
                <EKey>2 10.4811172 -8.37171 59.8489342</EKey>
                <EKey>2 4.784619 -5.68551159 68.06683</EKey>
                <EKey>1 -4.2847333 -5.570153 69.79721</EKey>
                <EKey>3 -9.091325 -5.712978 68.74799</EKey>
                <EKey>3 -12.2005033 9.728542 65.3037338</EKey>
                <EKey>4 -7.94323635 19.8855572 61.5738144</EKey>
                <EKey>2 1.29091322 26.3785763 50.44999</EKey>
                <EKey>10 6.15243769 26.8894482 46.02243</EKey>
                <EKey>13 8.849623 9.4374 21.5555038</EKey>
                <EKey>1 -3.08720541 -10.45365 -13.7386131</EKey>
            </Bone>
            <Bone>
                <EKey>7 179.9643 -2.76310372 -135.100937</EKey>
                <EKey>2 172.103455 -9.245136 -88.6390457</EKey>
                <EKey>4 171.795837 -10.8546581 -78.88304</EKey>
                <EKey>5 174.157928 -10.8052187 -68.52277</EKey>
                <EKey>5 179.5578 -7.707027 -62.01877</EKey>
                <EKey>3 -176.3003 -3.350881 -62.6395073</EKey>
                <EKey>2 -175.8938 -1.06019688 -66.35844</EKey>
                <EKey>3 -177.184708 0.532845 -72.59327</EKey>
                <EKey>4 179.129318 4.054017 -89.13893</EKey>
                <EKey>2 174.43808 10.3218126 -111.886475</EKey>
                <EKey>1 172.729691 12.8487072 -118.253151</EKey>
                <EKey>1 171.966125 13.6067753 -119.148544</EKey>
                <EKey>2 171.21904 14.007782 -117.879608</EKey>
                <EKey>5 169.637 13.8814373 -109.2662</EKey>
                <EKey>2 166.242157 7.10826254 -75.76837</EKey>
                <EKey>1 165.116043 2.2247653 -67.935</EKey>
                <EKey>2 164.039368 -1.752346 -67.935</EKey>
                <EKey>2 159.238266 -13.7221336 -76.42756</EKey>
                <EKey>1 151.800415 -22.74754 -87.6557541</EKey>
                <EKey>1 149.295486 -23.9011211 -89.86954</EKey>
                <EKey>2 148.37262 -22.384985 -88.54566</EKey>
                <EKey>3 148.37262 -13.8924236 -80.22888</EKey>
                <EKey>3 147.993591 1.71938658 -64.3753738</EKey>
                <EKey>1 149.355911 14.3154039 -46.52781</EKey>
                <EKey>7 149.98764 16.5017166 -45.59945</EKey>
                <EKey>13 157.1783 21.1105518 -65.2707748</EKey>
                <EKey>5 170.554367 16.3863583 -112.71595</EKey>
                <EKey>5 171.477219 13.8319979 -129.981232</EKey>
                <EKey>2 166.154266 15.0679789 -147.153122</EKey>
                <EKey>3 164.3305 16.7818718 -150.5919</EKey>
                <EKey>1 161.391617 21.3192959 -148.6363</EKey>
            </Bone>
            <Bone>
                <EKey>7 0 0 -65.61135</EKey>
                <EKey>2 0 0 -106.321815</EKey>
                <EKey>3 0 0 -114.528725</EKey>
                <EKey>5 0 0 -120.186768</EKey>
                <EKey>19 0 0 -121.818268</EKey>
                <EKey>3 0 0 -111.188828</EKey>
                <EKey>7 0 0 -113.31472</EKey>
                <EKey>2 0 0 -133.645233</EKey>
                <EKey>1 0 0 -134.513168</EKey>
                <EKey>2 0 0 -131.008469</EKey>
                <EKey>1 0 0 -114.660561</EKey>
                <EKey>1 0 0 -105.799957</EKey>
                <EKey>1 0 0 -99.14763</EKey>
                <EKey>1 0 0 -96.68665</EKey>
                <EKey>1 0 0 -99.40032</EKey>
                <EKey>3 0 0 -105.893341</EKey>
                <EKey>1 0 0 -132.288391</EKey>
                <EKey>1 0 0 -138.1442</EKey>
                <EKey>3 0 0 -140.5832</EKey>
                <EKey>20 0 0 -137.4081</EKey>
                <EKey>5 0 0 -105.283592</EKey>
                <EKey>5 0 0 -94.9398041</EKey>
                <EKey>2 0 0 -80.86061</EKey>
                <EKey>3 0 0 -78.25132</EKey>
                <EKey>1 0 0 -80.15747</EKey>
            </Bone>
            <Bone>
                <EKey>4 0.06042573 -0.2746624 41.35866</EKey>
                <EKey>3 3.164111 6.34470129 17.58938</EKey>
                <EKey>3 9.442893 7.772946 0.0878919661</EKey>
                <EKey>4 14.1945524 6.690776 -11.5632868</EKey>
                <EKey>6 14.7823305 4.8889904 -18.4957657</EKey>
                <EKey>9 10.1020832 3.44975972 -21.8081932</EKey>
                <EKey>6 -0.6976425 3.07072568 -22.7695122</EKey>
                <EKey>3 -9.838407 -0.0659189746 -20.8633556</EKey>
                <EKey>2 -11.6511784 0.571297765 -18.4957657</EKey>
                <EKey>4 -11.5138474 4.35614538 -15.1448841</EKey>
                <EKey>2 -7.69604 17.9848938 -5.251545</EKey>
                <EKey>2 -3.768368 23.5935 -2.169833</EKey>
                <EKey>1 0.867933154 25.8017845 -2.614786</EKey>
                <EKey>1 3.96063161 24.137331 -6.773175</EKey>
                <EKey>2 7.399405 19.638361 -14.491188</EKey>
                <EKey>1 9.882353 7.13023567 -30.54795</EKey>
                <EKey>1 8.750744 2.34561682 -35.1458</EKey>
                <EKey>1 7.1686883 0.351567864 -35.03044</EKey>
                <EKey>1 5.30647755 1.241474 -28.6308079</EKey>
                <EKey>2 2.71366453 3.63653016 -17.0785084</EKey>
                <EKey>1 -4.15838861 8.81117 13.0629435</EKey>
                <EKey>1 -7.42137766 10.6953535 26.8949413</EKey>
                <EKey>1 -9.635157 12.4037533 36.49714</EKey>
                <EKey>2 -9.777981 15.7051954 39.17235</EKey>
                <EKey>1 -4.647288 24.5987644 30.6248569</EKey>
                <EKey>8 -2.927901 26.2247658 27.2025642</EKey>
                <EKey>9 -5.1471734 23.3188381 21.6214237</EKey>
                <EKey>6 -7.470817 14.0682077 16.0457764</EKey>
                <EKey>3 -5.608606 7.28404665 12.8542</EKey>
                <EKey>4 -0.2746624 5.185626 13.7935457</EKey>
                <EKey>2 8.816663 4.8889904 19.2098885</EKey>
                <EKey>3 9.777981 4.45502424 22.2641335</EKey>
                <EKey>1 5.114214 1.98306251 28.49897</EKey>
            </Bone>
            <Bone>
                <EKey>6 -5.559167 -0.708628953 4.98786926</EKey>
                <EKey>2 -19.2373543 2.55985355 3.21904325</EKey>
                <EKey>1 -20.8578625 2.30716419 2.96086049</EKey>
                <EKey>3 -19.24834 1.03822386 3.301442</EKey>
                <EKey>1 -6.74570847 -6.13046455 5.78439</EKey>
                <EKey>2 -4.95491 -7.70153332 5.031815</EKey>
                <EKey>4 -7.41039133 -9.40444 -0.8294804</EKey>
                <EKey>2 -18.0672932 -8.272831 -16.6939812</EKey>
                <EKey>4 -19.7317467 -6.14145136 -19.9679565</EKey>
                <EKey>3 -18.8143749 0.7415885 -19.89105</EKey>
                <EKey>2 -16.33692 4.339666 -18.7264824</EKey>
                <EKey>4 -13.595789 3.55962467 -19.0395966</EKey>
                <EKey>2 -3.1366446 -7.333486 -19.7152672</EKey>
                <EKey>2 -1.6919204 -10.986496 -19.8855572</EKey>
                <EKey>4 -7.03685045 -11.0579081 -21.2643623</EKey>
                <EKey>1 -24.4889 -6.383154 -24.1208515</EKey>
                <EKey>1 -26.6312656 -5.185626 -24.0109863</EKey>
                <EKey>2 -26.713665 -4.361639 -23.4781418</EKey>
                <EKey>4 -21.495079 -3.235523 -21.61593</EKey>
                <EKey>3 -0.752575 -0.2746624 -16.688488</EKey>
                <EKey>2 14.2055387 2.97734046 -12.9695587</EKey>
                <EKey>1 19.2593269 5.180133 -10.5525293</EKey>
                <EKey>2 18.8748 6.12497139 -9.058366</EKey>
                <EKey>3 11.6621656 7.28404665 -4.850538</EKey>
                <EKey>5 -4.581369 6.35019445 2.059968</EKey>
                <EKey>3 -20.7315178 1.0052644 9.426414</EKey>
                <EKey>8 -26.1149 -2.4444952 11.60174</EKey>
                <EKey>22 -24.1318378 -4.37811852 11.9972534</EKey>
                <EKey>1 -6.5094986 -4.99885559 9.409934</EKey>
            </Bone>
            <Bone>
                <EKey>6 -2.99931335 2.55436015 8.728771</EKey>
                <EKey>2 -9.239643 5.84481573 7.95971632</EKey>
                <EKey>2 -9.821927 5.00434875 7.800412</EKey>
                <EKey>2 -6.5094986 -0.433966577 8.706798</EKey>
                <EKey>1 -1.67544055 -7.93225 9.717555</EKey>
                <EKey>2 -1.02174413 -10.3053331 8.860609</EKey>
                <EKey>4 -4.048524 -12.24445 3.22453642</EKey>
                <EKey>3 -14.1615934 -10.7502861 -11.6127262</EKey>
                <EKey>5 -16.6939812 -8.96498 -15.2327766</EKey>
                <EKey>3 -16.1831074 -6.026093 -13.7770653</EKey>
                <EKey>5 -12.9585714 -7.73449326 -13.7166395</EKey>
                <EKey>2 0.3790341 -19.8855572 -14.1176472</EKey>
                <EKey>4 -0.560311258 -21.4731064 -15.210803</EKey>
                <EKey>2 -14.9636068 -18.4298458 -20.83589</EKey>
                <EKey>2 -20.4898148 -15.8260469 -21.8411541</EKey>
                <EKey>4 -20.6601048 -14.2275124 -20.3085365</EKey>
                <EKey>4 -11.9313345 -11.60174 -13.3980312</EKey>
                <EKey>2 -1.730373 -7.33897924 -5.207599</EKey>
                <EKey>2 0.373540848 -4.68574047 -1.65896082</EKey>
                <EKey>5 -2.016022 -1.68642712 1.77981234</EKey>
                <EKey>5 -16.3314266 3.70794225 11.5303268</EKey>
                <EKey>3 -22.8409252 2.79057 21.4840927</EKey>
                <EKey>12 -23.1705189 1.76333261 23.9176</EKey>
                <EKey>17 -14.0132751 0.31311512 18.4957657</EKey>
                <EKey>1 2.125887 -4.010071 6.81162739</EKey>
            </Bone>
            <Bone>
                <EKey>86 0 -0.0109864958 17.74319</EKey>
                <EKey>13 0 -0.0109864958 18.8857861</EKey>
                <EKey>1 0 -0.0109864958 19.9185162</EKey>
            </Bone>
            <Bone>
                <EKey>5 9.646143 -4.76264572 -28.6912346</EKey>
                <EKey>2 7.399405 -17.0949879 -45.5005722</EKey>
                <EKey>1 6.28427553 -19.3362331 -51.3728523</EKey>
                <EKey>1 5.44380856 -19.3746853 -53.29549</EKey>
                <EKey>2 2.856489 -16.3534 -55.7070274</EKey>
                <EKey>1 -6.30624866 -1.30189979 -59.881897</EKey>
                <EKey>1 -10.129549 5.498741 -59.24468</EKey>
                <EKey>1 -11.843442 8.097048 -56.84962</EKey>
                <EKey>2 -10.8216982 6.58640432 -53.0702667</EKey>
                <EKey>2 -3.1091783 -0.8404669 -42.6276054</EKey>
                <EKey>1 8.866102 -9.096819 -31.0588226</EKey>
                <EKey>1 14.4692154 -12.5246048 -26.2082863</EKey>
                <EKey>2 18.3859 -15.5953312 -22.9727631</EKey>
                <EKey>3 22.5992222 -23.0771351 -20.4129086</EKey>
                <EKey>3 24.3350887 -37.20577 -20.9951935</EKey>
                <EKey>1 20.6765842 -48.5163651 -23.62646</EKey>
                <EKey>1 18.9242382 -50.3401222 -23.9176</EKey>
                <EKey>2 16.0018311 -50.3071632 -23.7363243</EKey>
                <EKey>2 6.43259335 -45.2314034 -21.7532616</EKey>
                <EKey>1 -1.95559621 -38.36484 -17.4575424</EKey>
                <EKey>1 -4.2023344 -35.9478149 -15.5623713</EKey>
                <EKey>1 -4.433051 -34.986496 -14.7109175</EKey>
                <EKey>2 -2.016022 -35.1732674 -15.1119251</EKey>
                <EKey>1 8.63538551 -36.8102531 -18.298008</EKey>
                <EKey>1 15.0130463 -38.183567 -20.53376</EKey>
                <EKey>1 15.5294113 -36.189518 -23.1979866</EKey>
                <EKey>1 9.750515 -29.0757618 -24.5767918</EKey>
                <EKey>1 3.55962467 -20.7315178 -23.6704044</EKey>
                <EKey>3 1.03273058 -15.276722 -22.6431675</EKey>
                <EKey>4 1.23048759 -9.168231 -24.9173717</EKey>
                <EKey>5 -2.19180584 -7.27306032 -32.14649</EKey>
                <EKey>4 -9.821927 -7.21812773 -39.54589</EKey>
                <EKey>2 -21.9729919 -3.33989477 -40.721447</EKey>
                <EKey>1 -23.4781418 -2.818036 -40.25452</EKey>
                <EKey>1 -20.566721 -4.26276 -40.67201</EKey>
                <EKey>3 -14.7548637 -7.668574 -41.75967</EKey>
                <EKey>2 6.14694452 -22.4344234 -44.8633537</EKey>
                <EKey>1 17.7322044 -30.9599457 -46.30808</EKey>
                <EKey>2 22.32456 -34.2504 -46.17075</EKey>
                <EKey>7 26.3456173 -36.92012 -44.0558472</EKey>
                <EKey>11 34.2009621 -39.4360275 -33.8988342</EKey>
                <EKey>9 41.6662865 -33.3934555 -16.52369</EKey>
                <EKey>1 47.0661469 -24.56031 -5.30647755</EKey>
            </Bone>
            <Bone>
                <EKey>15 37.7386131 59.25017 143.456161</EKey>
                <EKey>5 52.1034546 62.17258 140.929276</EKey>
                <EKey>3 50.8180351 61.67819 141.555511</EKey>
                <EKey>4 44.68208 60.00824 143.143051</EKey>
                <EKey>5 25.3073921 55.1577034 147.685974</EKey>
                <EKey>3 -1.12062252 48.69215 154.233917</EKey>
                <EKey>8 -9.426414 46.4509048 156.464172</EKey>
                <EKey>3 -13.0299835 45.24239 157.5134</EKey>
                <EKey>1 -12.7168684 45.3412666 157.425491</EKey>
                <EKey>1 -2.36209655 65.25979 143.313339</EKey>
                <EKey>1 66.85283 76.2078247 69.0721</EKey>
                <EKey>1 100.180359 67.8526 33.9153137</EKey>
                <EKey>1 102.504005 66.94621 33.94278</EKey>
                <EKey>2 100.114441 68.79744 40.01831</EKey>
                <EKey>2 74.0379944 74.12039 75.29046</EKey>
                <EKey>2 39.2327766 70.9398041 118.445412</EKey>
                <EKey>4 31.2675667 66.92424 131.019455</EKey>
                <EKey>38 30.0206 64.63355 135.5404</EKey>
                <EKey>1 40.3149452 58.0196838 140.000916</EKey>
            </Bone>
            <Bone>
                <EKey>5 3.5761044 15.4030666 -61.4529648</EKey>
                <EKey>2 -17.5948734 34.9700165 -56.8880768</EKey>
                <EKey>1 -26.6312656 40.16663 -56.6463737</EKey>
                <EKey>1 -29.6690311 42.0398254 -58.81071</EKey>
                <EKey>2 -29.3339443 43.3032722 -66.309</EKey>
                <EKey>1 -18.1936378 42.748455 -95.15953</EKey>
                <EKey>1 -12.0741587 40.9906158 -107.788513</EKey>
                <EKey>1 -8.481575 39.98535 -114.039825</EKey>
                <EKey>1 -7.58068228 39.96338 -113.671776</EKey>
                <EKey>2 -8.289311 39.8040733 -109.299156</EKey>
                <EKey>2 -13.183795 38.3044167 -93.35226</EKey>
                <EKey>2 -19.2318611 35.0524139 -76.24078</EKey>
                <EKey>1 -24.379034 32.7177849 -64.61158</EKey>
                <EKey>1 -28.01007 30.5754185 -57.4593735</EKey>
                <EKey>2 -31.9926758 25.9885559 -48.0109863</EKey>
                <EKey>3 -36.26093 11.9038677 -26.2687111</EKey>
                <EKey>1 -28.2682533 -7.94323635 9.344015</EKey>
                <EKey>1 -22.5387955 -11.5577936 21.0995655</EKey>
                <EKey>1 -15.62829 -13.4859238 30.88304</EKey>
                <EKey>1 -7.981689 -14.3483639 37.595787</EKey>
                <EKey>1 -0.5053788 -14.79881 41.38064</EKey>
                <EKey>1 5.894255 -15.15587 42.1442</EKey>
                <EKey>1 9.333028 -13.5078964 36.96956</EKey>
                <EKey>1 9.684596 -8.080567 25.2469673</EKey>
                <EKey>1 8.35523 0.659189761 10.0141907</EKey>
                <EKey>1 6.35019445 10.6953535 -6.185397</EKey>
                <EKey>1 4.520943 19.4406052 -21.8796062</EKey>
                <EKey>1 2.680705 25.2964058 -35.50286</EKey>
                <EKey>1 -0.241702914 27.7354088 -44.3030434</EKey>
                <EKey>2 -4.520943 27.2025642 -46.6871147</EKey>
                <EKey>1 -11.5413141 22.96727 -42.8747978</EKey>
                <EKey>1 -11.7116041 22.1652546 -42.9572</EKey>
                <EKey>1 -9.157245 23.2309456 -47.8901367</EKey>
                <EKey>1 -8.717784 24.8184948 -66.24307</EKey>
                <EKey>1 -16.3863583 48.40101 -74.49943</EKey>
                <EKey>1 -46.0444031 72.15381 -59.5962448</EKey>
                <EKey>1 -101.158157 77.9436951 -13.5024033</EKey>
                <EKey>1 -110.77684 80.1629639 -7.685054</EKey>
                <EKey>1 -96.3076248 83.04692 -24.3405819</EKey>
                <EKey>2 -46.6926079 83.00847 -74.71366</EKey>
                <EKey>1 -9.838407 69.48409 -110.661476</EKey>
                <EKey>1 -8.739758 61.9913025 -111.155869</EKey>
                <EKey>2 -12.4806595 56.0585938 -107.667656</EKey>
                <EKey>2 -25.35134 44.80293 -95.5111</EKey>
                <EKey>2 -34.75578 32.6848259 -83.00847</EKey>
                <EKey>1 -38.58457 24.4943924 -73.477684</EKey>
                <EKey>4 -40.1556435 22.05539 -70.03891</EKey>
                <EKey>2 -55.9597168 12.5410852 -56.55848</EKey>
                <EKey>6 -60.3707924 9.953765 -52.5374222</EKey>
                <EKey>12 -59.02495 12.6179905 -46.7530327</EKey>
                <EKey>11 -49.1755562 21.9070721 -40.0787354</EKey>
                <EKey>1 -35.5742722 27.2245369 -36.06317</EKey>
                <EKey>1 -34.32181 27.3453884 -35.6786461</EKey>
            </Bone>
            <Bone>
                <EKey>17 0 0 -115.083542</EKey>
                <EKey>5 0 0 -91.984436</EKey>
                <EKey>3 0 0 -80.7013</EKey>
                <EKey>4 0 0 -65.88602</EKey>
                <EKey>2 0 0 -43.984436</EKey>
                <EKey>2 0 0 -37.4914169</EKey>
                <EKey>1 0 0 -37.1618233</EKey>
                <EKey>1 0 0 -42.1496925</EKey>
                <EKey>3 0 0 -52.3451576</EKey>
                <EKey>1 0 0 -95.90662</EKey>
                <EKey>1 0 0 -108.645454</EKey>
                <EKey>1 0 0 -117.451134</EKey>
                <EKey>1 0 0 -121.604027</EKey>
                <EKey>2 0 0 -122.213776</EKey>
                <EKey>1 0 0 -116.440376</EKey>
                <EKey>1 0 0 -111.875488</EKey>
                <EKey>2 0 0 -89.45205</EKey>
                <EKey>1 0 0 -34.77226</EKey>
                <EKey>1 0 0 -20.3854427</EKey>
                <EKey>1 0 0 -19.5120163</EKey>
                <EKey>4 0 0 -22.9782562</EKey>
                <EKey>1 0 0 -50.9828339</EKey>
                <EKey>2 0 0 -54.2293434</EKey>
                <EKey>5 0 0 -53.4493027</EKey>
                <EKey>11 0 0 -40.5181961</EKey>
                <EKey>25 0 0 -39.81506</EKey>
                <EKey>1 0 0 -47.0222</EKey>
            </Bone>
            <Bone>
                <EKey>42 -89.96292 -0.0109864958 -2.7191577</EKey>
                <EKey>2 -89.97391 -0.038452737 -44.3854446</EKey>
                <EKey>1 -89.97391 -0.038452737 -44.5117874</EKey>
                <EKey>1 -89.97391 -0.038452737 -42.7154961</EKey>
                <EKey>1 -89.9684143 -0.02746624 -26.7191582</EKey>
                <EKey>2 -89.9684143 -0.02746624 -25.6919212</EKey>
                <EKey>9 -89.9684143 -0.02746624 -28.2188148</EKey>
                <EKey>41 -89.8146057 0.384527355 -15.6502628</EKey>
                <EKey>1 -89.2542953 13.8100252 19.6658268</EKey>
            </Bone>
            <Bone>
                <EKey>7 -37.7496 -59.261158 143.461655</EKey>
                <EKey>6 -75.30694 -69.05562 129.745026</EKey>
                <EKey>6 -105.36599 -75.054245 115.715263</EKey>
                <EKey>2 -143.439682 -80.14099 93.77524</EKey>
                <EKey>3 -163.506531 -79.3279953 72.70313</EKey>
                <EKey>2 -179.1458 -73.0547 48.1922646</EKey>
                <EKey>1 -177.497818 -66.50126 39.71069</EKey>
                <EKey>3 -173.224075 -62.4472427 36.5960159</EKey>
                <EKey>2 -152.640884 -47.85168 26.8949413</EKey>
                <EKey>1 -142.983749 -37.70016 20.83589</EKey>
                <EKey>1 -139.599915 -31.6301212 18.21561</EKey>
                <EKey>1 -137.155411 -26.6807041 16.4687576</EKey>
                <EKey>1 -136.216064 -24.6317234 15.8370333</EKey>
                <EKey>3 -137.347672 -26.2522316 16.4193172</EKey>
                <EKey>1 -145.620514 -40.0292969 22.1872272</EKey>
                <EKey>2 -147.0927 -43.1384773 23.8022423</EKey>
                <EKey>4 -147.81781 -44.2206459 24.43946</EKey>
                <EKey>3 -146.675217 -43.8196373 24.0878925</EKey>
                <EKey>1 -144.093384 -47.6759 25.9391174</EKey>
                <EKey>1 -142.154266 -47.9560547 25.8182659</EKey>
                <EKey>1 -139.6164 -53.1252022 29.39437</EKey>
                <EKey>1 -114.10025 -70.72007 67.67132</EKey>
                <EKey>1 -65.86954 -68.16571 127.360954</EKey>
                <EKey>1 -63.3316536 -66.73197 132.431213</EKey>
                <EKey>3 -65.66079 -67.27581 131.431442</EKey>
                <EKey>3 -88.88075 -72.10986 106.948044</EKey>
                <EKey>6 -100.021057 -72.45045 89.6882553</EKey>
                <EKey>3 -107.18425 -70.39597 62.9965668</EKey>
                <EKey>9 -104.360725 -70.37949 60.99153</EKey>
                <EKey>20 -83.06889 -72.00549 83.33257</EKey>
                <EKey>1 -41.30373 -58.81071 138.896774</EKey>
            </Bone>
            <Bone>
                <EKey>1 -25.42275 -47.82971 15.62829</EKey>
                <EKey>1 -17.853056 -36.73335 12.0302124</EKey>
                <EKey>1 -9.124285 -26.3566036 5.6031127</EKey>
                <EKey>1 1.36781871 -18.31449 -2.92240787</EKey>
                <EKey>1 13.4474707 -13.8649578 -12.3653011</EKey>
                <EKey>1 26.2522316 -13.3430986 -21.0281525</EKey>
                <EKey>1 38.7768364 -15.8699932 -27.16411</EKey>
                <EKey>1 50.3126564 -19.7152672 -29.6470585</EKey>
                <EKey>1 60.2664223 -23.0331879 -28.2737465</EKey>
                <EKey>1 68.4568558 -23.5715275 -20.8468761</EKey>
                <EKey>1 73.28542 -20.28107 -8.563973</EKey>
                <EKey>1 72.96132 -15.5678644 4.323186</EKey>
                <EKey>1 68.20416 -12.497139 14.8757153</EKey>
                <EKey>1 61.2167549 -12.5410852 19.9954224</EKey>
                <EKey>1 53.34493 -14.5626 18.5232315</EKey>
                <EKey>1 45.40719 -16.4138241 11.9203482</EKey>
                <EKey>2 37.4309921 -17.3806362 -0.324101627</EKey>
                <EKey>1 23.9121075 -13.837491 -33.82742</EKey>
                <EKey>1 21.011673 -10.332799 -47.89563</EKey>
                <EKey>1 20.2865639 -7.558709 -56.15198</EKey>
                <EKey>2 20.3524837 -6.45456648 -58.88762</EKey>
                <EKey>2 21.0940723 -7.135729 -56.822155</EKey>
                <EKey>1 22.9123363 -5.37788963 -50.6147842</EKey>
                <EKey>1 23.5715275 -1.087663 -48.37354</EKey>
                <EKey>1 22.47837 7.844358 -47.6044846</EKey>
                <EKey>1 17.8640423 20.3414974 -47.934082</EKey>
                <EKey>1 9.547265 32.3277626 -48.8184929</EKey>
                <EKey>1 -2.2302587 39.859005 -48.87892</EKey>
                <EKey>1 -14.3318834 40.139164 -48.4669266</EKey>
                <EKey>1 -20.9897 32.49256 -50.72465</EKey>
                <EKey>1 -22.7804985 19.8361187 -53.9107361</EKey>
                <EKey>1 -22.6321812 6.7402153 -54.6028824</EKey>
                <EKey>1 -22.03891 -2.38406968 -52.75166</EKey>
                <EKey>1 -20.16022 -5.5756464 -49.8017845</EKey>
                <EKey>1 -15.3865871 -5.322957 -47.2639046</EKey>
                <EKey>1 -9.069352 -4.57587528 -46.34653</EKey>
                <EKey>1 -2.9114213 -5.410849 -47.3957443</EKey>
                <EKey>1 1.53810942 -9.195697 -49.90616</EKey>
                <EKey>1 2.0325017 -16.0292969 -53.24056</EKey>
                <EKey>1 -2.06546116 -23.7308311 -57.2780952</EKey>
                <EKey>1 -8.99794 -30.37766 -61.1343575</EKey>
                <EKey>1 -15.9414053 -35.28313 -62.4307632</EKey>
                <EKey>1 -18.9956512 -38.4142838 -58.82719</EKey>
                <EKey>1 -14.9581137 -38.645 -48.856945</EKey>
                <EKey>1 -6.12497139 -34.9150848 -34.9315643</EKey>
                <EKey>1 3.279469 -27.5980778 -21.86862</EKey>
                <EKey>1 11.4589148 -19.0176239 -12.22797</EKey>
                <EKey>1 22.68162 -12.6179905 -5.872282</EKey>
                <EKey>1 36.9091339 -4.59784842 -11.6346989</EKey>
                <EKey>1 53.4053574 -3.24101615 -49.77981</EKey>
                <EKey>1 57.9647522 -9.344015 -77.21309</EKey>
                <EKey>1 65.99588 -8.064088 -67.4406052</EKey>
                <EKey>1 75.64202 -5.81734943 -50.3566</EKey>
                <EKey>1 84.0357056 -2.53788042 -29.6745243</EKey>
                <EKey>1 89.05653 0.208743423 -8.547494</EKey>
                <EKey>1 90.5287247 0.4229801 9.766994</EKey>
                <EKey>1 90.27604 -3.36186767 21.3742275</EKey>
                <EKey>1 89.18288 -9.096819 27.3948269</EKey>
                <EKey>2 86.78233 -13.9967957 31.52575</EKey>
                <EKey>2 79.2401 -18.9736786 35.5468063</EKey>
                <EKey>4 70.71458 -23.13756 34.5140762</EKey>
                <EKey>8 53.701992 -28.4550247 22.1817341</EKey>
                <EKey>10 27.6090641 -34.2394142 -4.62531471</EKey>
                <EKey>12 -3.47173262 -30.80064 -44.3360023</EKey>
                <EKey>1 -29.4987411 -12.6619368 -81.8823547</EKey>
            </Bone>
            <Bone>
                <EKey>6 0 0 -63.7326622</EKey>
                <EKey>2 0 0 -19.8855572</EKey>
                <EKey>1 0 0 -11.7335777</EKey>
                <EKey>2 0 0 -10.7612724</EKey>
                <EKey>8 0 0 -14.590066</EKey>
                <EKey>3 0 0 -47.6759</EKey>
                <EKey>3 0 0 -65.29824</EKey>
                <EKey>1 0 0 -84.21149</EKey>
                <EKey>1 0 0 -87.93042</EKey>
                <EKey>4 0 0 -89.02907</EKey>
                <EKey>5 0 0 -81.73403</EKey>
                <EKey>3 0 0 -86.2934341</EKey>
                <EKey>1 0 0 -91.4241257</EKey>
                <EKey>2 0 0 -90.73197</EKey>
                <EKey>3 0 0 -82.95903</EKey>
                <EKey>3 0 0 -66.73197</EKey>
                <EKey>1 0 0 -55.586174</EKey>
                <EKey>1 0 0 -53.7239647</EKey>
                <EKey>1 0 0 -58.29984</EKey>
                <EKey>1 0 0 -60.2883949</EKey>
                <EKey>1 0 0 -42.5452042</EKey>
                <EKey>1 0 0 -28.73518</EKey>
                <EKey>2 0 0 -32.9594879</EKey>
                <EKey>1 0 0 -51.1366463</EKey>
                <EKey>1 0 0 -61.1618233</EKey>
                <EKey>1 0 0 -69.18196</EKey>
                <EKey>2 0 0 -73.230484</EKey>
                <EKey>3 0 0 -73.18654</EKey>
                <EKey>4 0 0 -65.8475647</EKey>
                <EKey>2 0 0 -54.25681</EKey>
                <EKey>9 0 0 -52.7296867</EKey>
                <EKey>20 0 0 -61.2826729</EKey>
                <EKey>1 0 0 -92.6106644</EKey>
            </Bone>
            <Bone>
                <EKey>27 89.9519348 0 -2.58731985</EKey>
                <EKey>3 89.5838852 0.225223169 -2.70817113</EKey>
                <EKey>1 88.47425 0.9008927 -3.06523228</EKey>
                <EKey>1 89.9519348 0 -2.58731985</EKey>
                <EKey>4 93.4346542 -2.06546116 -1.373312</EKey>
                <EKey>3 119.159531 -13.6891737 10.3437862</EKey>
                <EKey>1 144.098877 -18.5232315 24.4174862</EKey>
                <EKey>2 149.5427 -18.7594414 27.6255436</EKey>
                <EKey>3 153.080338 -18.3199825 30.1963844</EKey>
                <EKey>2 149.5427 -18.7594414 27.6255436</EKey>
                <EKey>3 143.7583 -21.5445175 20.3579769</EKey>
                <EKey>2 128.964981 -25.2579536 2.02151513</EKey>
                <EKey>1 117.506065 -25.1206226 -12.052186</EKey>
                <EKey>2 115.0396 -24.4943924 -14.6724653</EKey>
                <EKey>3 119.467155 -23.5495529 -7.514763</EKey>
                <EKey>2 127.849854 -20.9567413 6.24032974</EKey>
                <EKey>5 128.311279 -20.4513626 10.0032043</EKey>
                <EKey>5 121.686424 -22.9123363 11.810483</EKey>
                <EKey>18 115.0396 -24.5108719 11.33257</EKey>
                <EKey>11 109.3431 -18.2375832 16.858778</EKey>
                <EKey>1 106.766769 -13.6177616 20.5282669</EKey>
            </Bone>
        </Rotations>
        <PositionOffset>
            <X>0</X>
            <Z>0</Z>
        </PositionOffset>
        <Positions>
            <Position>
                <Height>16.09</Height>
                <YOffset>-0.7</YOffset>
            </Position>
            <Position>
                <Height>15.9</Height>
                <YOffset>-0.269999981</YOffset>
            </Position>
            <Position>
                <Height>15.6399994</Height>
                <YOffset>0.22</YOffset>
            </Position>
            <Position>
                <Height>15.88</Height>
                <YOffset>0.22</YOffset>
            </Position>
            <Position>
                <Height>16.1099987</Height>
                <YOffset>0.22</YOffset>
            </Position>
            <Position>
                <Height>16.08</Height>
                <YOffset>0.47</YOffset>
            </Position>
            <Position>
                <Height>15.96</Height>
                <YOffset>0.81</YOffset>
            </Position>
            <Position>
                <Height>15.71</Height>
                <YOffset>1.25</YOffset>
            </Position>
            <Position>
                <Height>15.42</Height>
                <YOffset>1.73</YOffset>
            </Position>
            <Position>
                <Height>15.13</Height>
                <YOffset>2.16999984</YOffset>
            </Position>
            <Position>
                <Height>14.9</Height>
                <YOffset>2.55</YOffset>
            </Position>
            <Position>
                <Height>14.8099995</Height>
                <YOffset>2.86</YOffset>
            </Position>
            <Position>
                <Height>14.87</Height>
                <YOffset>3.12999988</YOffset>
            </Position>
            <Position>
                <Height>14.99</Height>
                <YOffset>3.37999988</YOffset>
            </Position>
            <Position>
                <Height>15.0899992</Height>
                <YOffset>3.66999984</YOffset>
            </Position>
            <Position>
                <Height>15.07</Height>
                <YOffset>4</YOffset>
            </Position>
            <Position>
                <Height>14.87</Height>
                <YOffset>4.39</YOffset>
            </Position>
            <Position>
                <Height>14.53</Height>
                <YOffset>4.83</YOffset>
            </Position>
            <Position>
                <Height>14.0499992</Height>
                <YOffset>5.31999969</YOffset>
            </Position>
            <Position>
                <Height>13.4699993</Height>
                <YOffset>5.94</YOffset>
            </Position>
            <Position>
                <Height>12.79</Height>
                <YOffset>6.67</YOffset>
            </Position>
            <Position>
                <Height>12.0199995</Height>
                <YOffset>7.46</YOffset>
            </Position>
            <Position>
                <Height>11.25</Height>
                <YOffset>8.23</YOffset>
            </Position>
            <Position>
                <Height>10.61</Height>
                <YOffset>8.87</YOffset>
            </Position>
            <Position>
                <Height>10.11</Height>
                <YOffset>9.41</YOffset>
            </Position>
            <Position>
                <Height>9.78</Height>
                <YOffset>9.849999</YOffset>
            </Position>
            <Position>
                <Height>9.62</Height>
                <YOffset>10.1799994</YOffset>
            </Position>
            <Position>
                <Height>9.599999</Height>
                <YOffset>10.5999994</YOffset>
            </Position>
            <Position>
                <Height>9.69</Height>
                <YOffset>11.03</YOffset>
            </Position>
            <Position>
                <Height>9.82</Height>
                <YOffset>11.4</YOffset>
            </Position>
            <Position>
                <Height>9.65</Height>
                <YOffset>11.9699993</YOffset>
            </Position>
            <Position>
                <Height>9.469999</Height>
                <YOffset>12.37</YOffset>
            </Position>
            <Position>
                <Height>9.36</Height>
                <YOffset>12.54</YOffset>
            </Position>
            <Position>
                <Height>9.24</Height>
                <YOffset>12.58</YOffset>
            </Position>
            <Position>
                <Height>8.92</Height>
                <YOffset>12.53</YOffset>
            </Position>
            <Position>
                <Height>7.99</Height>
                <YOffset>12.4</YOffset>
            </Position>
            <Position>
                <Height>6.98</Height>
                <YOffset>12.17</YOffset>
            </Position>
            <Position>
                <Height>7.43</Height>
                <YOffset>11.87</YOffset>
            </Position>
            <Position>
                <Height>8.059999</Height>
                <YOffset>11.5</YOffset>
            </Position>
            <Position>
                <Height>8.7699995</Height>
                <YOffset>11.07</YOffset>
            </Position>
            <Position>
                <Height>9.51</Height>
                <YOffset>10.59</YOffset>
            </Position>
            <Position>
                <Height>10.19</Height>
                <YOffset>10.09</YOffset>
            </Position>
            <Position>
                <Height>10.76</Height>
                <YOffset>9.61</YOffset>
            </Position>
            <Position>
                <Height>11.19</Height>
                <YOffset>9.179999</YOffset>
            </Position>
            <Position>
                <Height>11.48</Height>
                <YOffset>8.83</YOffset>
            </Position>
            <Position>
                <Height>11.6399994</Height>
                <YOffset>8.5199995</YOffset>
            </Position>
            <Position>
                <Height>11.7199993</Height>
                <YOffset>8.179999</YOffset>
            </Position>
            <Position>
                <Height>11.98</Height>
                <YOffset>7.56</YOffset>
            </Position>
            <Position>
                <Height>12.25</Height>
                <YOffset>6.81</YOffset>
            </Position>
            <Position>
                <Height>12.5999994</Height>
                <YOffset>5.85999966</YOffset>
            </Position>
            <Position>
                <Height>13</Height>
                <YOffset>4.79999971</YOffset>
            </Position>
            <Position>
                <Height>13.3899994</Height>
                <YOffset>3.7099998</YOffset>
            </Position>
            <Position>
                <Height>13.75</Height>
                <YOffset>2.66999984</YOffset>
            </Position>
            <Position>
                <Height>14.0199995</Height>
                <YOffset>1.75</YOffset>
            </Position>
            <Position>
                <Height>14.2</Height>
                <YOffset>0.98999995</YOffset>
            </Position>
            <Position>
                <Height>14.33</Height>
                <YOffset>0.299999982</YOffset>
            </Position>
            <Position>
                <Height>14.3899994</Height>
                <YOffset>-0.299999982</YOffset>
            </Position>
            <Position>
                <Height>13.99</Height>
                <YOffset>-0.44</YOffset>
            </Position>
            <Position>
                <Height>13.48</Height>
                <YOffset>-0.47</YOffset>
            </Position>
            <Position>
                <Height>12.96</Height>
                <YOffset>-0.47</YOffset>
            </Position>
            <Position>
                <Height>12.48</Height>
                <YOffset>-0.47</YOffset>
            </Position>
            <Position>
                <Height>12.0599995</Height>
                <YOffset>-0.47</YOffset>
            </Position>
            <Position>
                <Height>11.75</Height>
                <YOffset>-0.47</YOffset>
            </Position>
            <Position>
                <Height>11.57</Height>
                <YOffset>-0.47</YOffset>
            </Position>
            <Position>
                <Height>11.49</Height>
                <YOffset>-0.47</YOffset>
            </Position>
            <Position>
                <Height>11.54</Height>
                <YOffset>-0.52</YOffset>
            </Position>
            <Position>
                <Height>11.61</Height>
                <YOffset>-0.52</YOffset>
            </Position>
            <Position>
                <Height>11.71</Height>
                <YOffset>-0.48999998</YOffset>
            </Position>
            <Position>
                <Height>11.88</Height>
                <YOffset>-0.48</YOffset>
            </Position>
            <Position>
                <Height>12.0999994</Height>
                <YOffset>-0.48</YOffset>
            </Position>
            <Position>
                <Height>12.34</Height>
                <YOffset>-0.48999998</YOffset>
            </Position>
            <Position>
                <Height>12.5599995</Height>
                <YOffset>-0.48999998</YOffset>
            </Position>
            <Position>
                <Height>12.7699995</Height>
                <YOffset>-0.5</YOffset>
            </Position>
            <Position>
                <Height>12.98</Height>
                <YOffset>-0.5</YOffset>
            </Position>
            <Position>
                <Height>13.2</Height>
                <YOffset>-0.5</YOffset>
            </Position>
            <Position>
                <Height>13.41</Height>
                <YOffset>-0.5</YOffset>
            </Position>
            <Position>
                <Height>13.6399994</Height>
                <YOffset>-0.48999998</YOffset>
            </Position>
            <Position>
                <Height>13.86</Height>
                <YOffset>-0.48</YOffset>
            </Position>
            <Position>
                <Height>14.08</Height>
                <YOffset>-0.459999979</YOffset>
            </Position>
            <Position>
                <Height>14.2999992</Height>
                <YOffset>-0.44</YOffset>
            </Position>
            <Position>
                <Height>14.5199995</Height>
                <YOffset>-0.41</YOffset>
            </Position>
            <Position>
                <Height>14.7199993</Height>
                <YOffset>-0.38</YOffset>
            </Position>
            <Position>
                <Height>14.9299994</Height>
                <YOffset>-0.34</YOffset>
            </Position>
            <Position>
                <Height>15.12</Height>
                <YOffset>-0.299999982</YOffset>
            </Position>
            <Position>
                <Height>15.3099995</Height>
                <YOffset>-0.26</YOffset>
            </Position>
            <Position>
                <Height>15.49</Height>
                <YOffset>-0.21</YOffset>
            </Position>
            <Position>
                <Height>15.66</Height>
                <YOffset>-0.17</YOffset>
            </Position>
            <Position>
                <Height>15.82</Height>
                <YOffset>-0.12</YOffset>
            </Position>
            <Position>
                <Height>15.98</Height>
                <YOffset>-0.08</YOffset>
            </Position>
            <Position>
                <Height>16.1199989</Height>
                <YOffset>-0.03</YOffset>
            </Position>
            <Position>
                <Height>16.25</Height>
                <YOffset>0.01</YOffset>
            </Position>
            <Position>
                <Height>16.3599987</Height>
                <YOffset>0.049999997</YOffset>
            </Position>
            <Position>
                <Height>16.47</Height>
                <YOffset>0.0899999961</YOffset>
            </Position>
            <Position>
                <Height>16.56</Height>
                <YOffset>0.0899999961</YOffset>
            </Position>
            <Position>
                <Height>16.63</Height>
                <YOffset>0.049999997</YOffset>
            </Position>
            <Position>
                <Height>16.69</Height>
                <YOffset>-0.03</YOffset>
            </Position>
            <Position>
                <Height>16.74</Height>
                <YOffset>-0.14</YOffset>
            </Position>
            <Position>
                <Height>16.77</Height>
                <YOffset>-0.25</YOffset>
            </Position>
            <Position>
                <Height>16.7799988</Height>
                <YOffset>-0.35</YOffset>
            </Position>
            <Position>
                <Height>16.7799988</Height>
                <YOffset>-0.429999977</YOffset>
            </Position>
        </Positions>
        <ThrowSource>
            <TargetAdjustment>
                <Position>-0.667539 1.45288754 14.9714146</Position>
                <Angle>3.14159274</Angle>
            </TargetAdjustment>
            <Distance>15</Distance>
            <TargetType>Thrown5</TargetType>
        </ThrowSource>
        <SelfDamage />
        <Attacks>
            <Attack>
                <Start>29</Start>
                <End>39</End>
                <Bones>LeftThigh LeftCalf LeftFoot</Bones>
                <Flags>Unblockable High</Flags>
                <Knockback>4</Knockback>
                <HitPoints>10</HitPoints>
                <HitType>KnockdownHead</HitType>
                <HitLength>5</HitLength>
                <StunLength>8</StunLength>
                <StaggerLength>0</StaggerLength>
                <Extents>
                    <Extent>
                        <Angle>74.24673</Angle>
                        <Length>1.05</Length>
                        <MinY>11.8554049</MinY>
                        <MaxY>16.38</MaxY>
                    </Extent>
                    <Extent>
                        <Angle>62.6065445</Angle>
                        <Length>1.95999992</Length>
                        <MinY>12.57</MinY>
                        <MaxY>16.6199989</MaxY>
                    </Extent>
                    <Extent>
                        <Angle>55.91028</Angle>
                        <Length>5.08999968</Length>
                        <MinY>13.65</MinY>
                        <MaxY>16.81</MaxY>
                    </Extent>
                    <Extent>
                        <Angle>40.3918533</Angle>
                        <Length>7.74</Length>
                        <MinY>14.95</MinY>
                        <MaxY>16.93</MaxY>
                    </Extent>
                    <Extent>
                        <Angle>17.2048531</Angle>
                        <Length>9.58</Length>
                        <MinY>15.57</MinY>
                        <MaxY>17.14</MaxY>
                    </Extent>
                    <Extent>
                        <Angle>351.392059</Angle>
                        <Length>9.8</Length>
                        <MinY>15.54</MinY>
                        <MaxY>17.83</MaxY>
                    </Extent>
                    <Extent>
                        <Angle>324.348816</Angle>
                        <Length>8.03</Length>
                        <MinY>15.49</MinY>
                        <MaxY>18.0313568</MaxY>
                    </Extent>
                    <Extent>
                        <Angle>311.1211</Angle>
                        <Length>5.72</Length>
                        <MinY>15.46</MinY>
                        <MaxY>17.6199989</MaxY>
                    </Extent>
                    <Extent>
                        <Angle>288.2527</Angle>
                        <Length>2.74</Length>
                        <MinY>15.38</MinY>
                        <MaxY>17.14</MaxY>
                    </Extent>
                    <Extent>
                        <Angle>18.7374687</Angle>
                        <Length>0.83</Length>
                        <MinY>14.58</MinY>
                        <MaxY>17.09</MaxY>
                    </Extent>
                    <Extent>
                        <Angle>1.33485925</Angle>
                        <Length>0.87</Length>
                        <MinY>13.62</MinY>
                        <MaxY>16.97</MaxY>
                    </Extent>
                </Extents>
            </Attack>
        </Attacks>
        <AttackRing>
            <Length>31.8855057</Length>
            <Length>31.8855057</Length>
            <Length>31.8855057</Length>
            <Length>31.8855057</Length>
            <Length>30.9214535</Length>
            <Length>29.0037632</Length>
            <Length>26.3152142</Length>
            <Length>0</Length>
            <Length>0</Length>
            <Length>0</Length>
            <Length>0</Length>
            <Length>0</Length>
            <Length>0</Length>
            <Length>0</Length>
            <Length>0</Length>
            <Length>0</Length>
            <Length>0</Length>
            <Length>0</Length>
            <Length>0</Length>
            <Length>0</Length>
            <Length>0</Length>
            <Length>0</Length>
            <Length>0</Length>
            <Length>0</Length>
            <Length>0</Length>
            <Length>0</Length>
            <Length>0</Length>
            <Length>0</Length>
            <Length>0</Length>
            <Length>0</Length>
            <Length>23.6609554</Length>
            <Length>28.61858</Length>
            <Length>30.7285175</Length>
            <Length>31.880312</Length>
            <Length>31.8855057</Length>
            <Length>31.8855057</Length>
        </AttackRing>
    </Animation>
</Oni>