﻿<?xml version="1.0" encoding="utf-8"?>
<Oni>
    <Animation>
        <Lookup>
            <Type>Punch3</Type>
            <AimingType>Punch3</AimingType>
            <FromState>Standing</FromState>
            <ToState>Standing</ToState>
            <Varient>Combat</Varient>
            <FirstLevel>2</FirstLevel>
            <Shortcuts />
        </Lookup>
        <Flags>Attack Atomic DontAim</Flags>
        <Atomic>
            <Start>0</Start>
            <End>65535</End>
        </Atomic>
        <Invulnerable>
            <Start>0</Start>
            <End>0</End>
        </Invulnerable>
        <Overlay>
            <UsedBones />
            <ReplacedBones />
        </Overlay>
        <DirectAnimations>
            <Link />
            <Link />
        </DirectAnimations>
        <Pause>
            <Hard>0</Hard>
            <Soft>3</Soft>
        </Pause>
        <Interpolation>
            <End>0</End>
            <Max>65535</Max>
        </Interpolation>
        <FinalRotation>0</FinalRotation>
        <Direction>Forward</Direction>
        <Vocalization>65535</Vocalization>
        <ActionFrame>65535</ActionFrame>
        <Impact />
        <Particles />
        <MotionBlur />
        <Footsteps />
        <Sounds />
        <Heights>
            <Height>8.119423</Height>
            <Height>8.292076</Height>
            <Height>8.486165</Height>
            <Height>8.695572</Height>
            <Height>8.914185</Height>
            <Height>9.135887</Height>
            <Height>9.354566</Height>
            <Height>9.564106</Height>
            <Height>9.758392</Height>
            <Height>9.931311</Height>
            <Height>10.0767469</Height>
            <Height>10.1885872</Height>
            <Height>10.2607145</Height>
            <Height>10.2870169</Height>
            <Height>10.2618179</Height>
            <Height>10.1879654</Height>
            <Height>10.0721235</Height>
            <Height>9.920958</Height>
            <Height>9.741133</Height>
            <Height>9.539315</Height>
            <Height>9.322171</Height>
            <Height>9.096366</Height>
            <Height>8.868564</Height>
            <Height>8.64543</Height>
            <Height>8.433631</Height>
            <Height>8.239831</Height>
            <Height>8.070697</Height>
            <Height>7.932895</Height>
            <Height>7.833089</Height>
            <Height>7.767049</Height>
            <Height>7.724246</Height>
            <Height>7.701889</Height>
            <Height>7.69719</Height>
            <Height>7.707362</Height>
            <Height>7.729617</Height>
            <Height>7.761165</Height>
            <Height>7.799219</Height>
            <Height>7.84099</Height>
            <Height>7.883691</Height>
            <Height>7.924533</Height>
            <Height>7.960729</Height>
            <Height>7.989489</Height>
        </Heights>
        <Velocities>
            <Velocity>-0.07264495 0.1227932</Velocity>
            <Velocity>-0.189884 0.2168479</Velocity>
            <Velocity>-0.219626009 0.367187023</Velocity>
            <Velocity>-0.203240037 0.474118233</Velocity>
            <Velocity>-0.189913988 0.5582156</Velocity>
            <Velocity>-0.157727987 0.624341965</Velocity>
            <Velocity>-0.114056 0.666389465</Velocity>
            <Velocity>-0.067403 0.6824341</Velocity>
            <Velocity>-0.025841 0.673316</Velocity>
            <Velocity>0.00447999965 0.6429796</Velocity>
            <Velocity>0.02026 0.597022057</Velocity>
            <Velocity>0.018844 0.5456562</Velocity>
            <Velocity>0.00838800147 0.494624138</Velocity>
            <Velocity>-0.003444001 0.442392349</Velocity>
            <Velocity>-0.014839001 0.390187263</Velocity>
            <Velocity>-0.0240559988 0.3371973</Velocity>
            <Velocity>-0.0292720012 0.2833624</Velocity>
            <Velocity>-0.028504 0.229683876</Velocity>
            <Velocity>-0.0252040029 0.179149628</Velocity>
            <Velocity>-0.0208829939 0.134653091</Velocity>
            <Velocity>-0.0112130046 0.09507275</Velocity>
            <Velocity>0.00316999853 0.0609169</Velocity>
            <Velocity>0.0226630047 0.0327301025</Velocity>
            <Velocity>0.0464229956 0.014582634</Velocity>
            <Velocity>0.071921 0.007809639</Velocity>
            <Velocity>0.09614101 0.0113925934</Velocity>
            <Velocity>0.116071 0.02449894</Velocity>
            <Velocity>0.129213 0.04520893</Velocity>
            <Velocity>0.134018987 0.0702829361</Velocity>
            <Velocity>0.13013798 0.09651661</Velocity>
            <Velocity>0.118409038 0.120993614</Velocity>
            <Velocity>0.100601971 0.14116478</Velocity>
            <Velocity>0.07671702 0.155499458</Velocity>
            <Velocity>0.0522289872 0.164134979</Velocity>
            <Velocity>0.03211099 0.180216789</Velocity>
            <Velocity>0.0164520741 0.1960125</Velocity>
            <Velocity>0.0005879402 0.192837715</Velocity>
            <Velocity>-0.013471961 0.175134659</Velocity>
            <Velocity>-0.0215290785 0.149664879</Velocity>
            <Velocity>-0.0240109563 0.116532326</Velocity>
            <Velocity>-0.020539999 0.0750923157</Velocity>
            <Velocity>-0.0106379986 0.02472496</Velocity>
        </Velocities>
        <Rotations>
            <Bone>
                <EKey>2 -8.838635 29.85031 129.5253</EKey>
                <EKey>6 -16.52369 45.83566 135.908447</EKey>
                <EKey>2 -139.737244 63.18883 -106.915085</EKey>
                <EKey>2 -156.991531 49.7138939 -92.2810745</EKey>
                <EKey>2 -164.896317 40.5017166 -87.0789642</EKey>
                <EKey>3 -171.032272 35.6731529 -84.16205</EKey>
                <EKey>3 -179.123825 35.25017 -81.32754</EKey>
                <EKey>3 174.267792 41.43557 -79.4818039</EKey>
                <EKey>4 169.757843 53.0318146 -78.6413345</EKey>
                <EKey>7 160.693985 76.2078247 -73.56008</EKey>
                <EKey>3 -9.794461 57.74502 91.5449753</EKey>
                <EKey>4 -11.7116041 43.3911667 91.35821</EKey>
                <EKey>1 -12.1510639 37.8155174 91.0396</EKey>
            </Bone>
            <Bone>
                <EKey>1 -174.00412 15.47448 -108.799271</EKey>
                <EKey>1 -173.811859 17.8915081 -111.56237</EKey>
                <EKey>2 -167.505615 21.8411541 -118.033417</EKey>
                <EKey>1 -148.097961 27.9661255 -136.249023</EKey>
                <EKey>1 -139.067062 27.707943 -145.290909</EKey>
                <EKey>1 -133.958344 25.25246 -151.685059</EKey>
                <EKey>2 -134.035248 21.08858 -154.931564</EKey>
                <EKey>2 -142.972763 10.0032043 -157.238724</EKey>
                <EKey>3 -151.602661 -0.6152438 -159.43602</EKey>
                <EKey>2 -153.799957 -13.6342411 -164.30304</EKey>
                <EKey>2 -154.124054 -19.73724 -163.1165</EKey>
                <EKey>3 -154.8986 -22.7530327 -155.035934</EKey>
                <EKey>2 -155.316086 -23.7088585 -137.391617</EKey>
                <EKey>3 -155.794 -21.6598759 -127.652092</EKey>
                <EKey>2 -158.337372 -13.5243759 -115.902039</EKey>
                <EKey>4 -159.968872 -10.678874 -115.204391</EKey>
                <EKey>4 -161.951935 -8.184939 -123.801331</EKey>
                <EKey>4 -163.2813 -6.075532 -132.881668</EKey>
                <EKey>1 -164.0888 -4.59784842 -137.539948</EKey>
                <EKey>1 -164.154724 -4.581369 -138.10025</EKey>
            </Bone>
            <Bone>
                <EKey>3 0 0 -74.42252</EKey>
                <EKey>4 0 0 -62.864727</EKey>
                <EKey>3 0 0 -48.21973</EKey>
                <EKey>4 0 0 -33.95926</EKey>
                <EKey>1 0 0 -22.9452972</EKey>
                <EKey>1 0 0 -23.1265736</EKey>
                <EKey>1 0 0 -26.334631</EKey>
                <EKey>2 0 0 -33.2396431</EKey>
                <EKey>2 0 0 -54.4490738</EKey>
                <EKey>2 0 0 -77.28451</EKey>
                <EKey>2 0 0 -93.59945</EKey>
                <EKey>1 0 0 -105.508812</EKey>
                <EKey>1 0 0 -108.58503</EKey>
                <EKey>2 0 0 -108.771805</EKey>
                <EKey>6 0 0 -102.383156</EKey>
                <EKey>4 0 0 -66.7759247</EKey>
                <EKey>2 0 0 -49.4117661</EKey>
                <EKey>1 0 0 -49.72488</EKey>
            </Bone>
            <Bone>
                <EKey>1 7.465324 0.450446337 24.4669266</EKey>
                <EKey>4 3.25200272 2.03799486 19.5065231</EKey>
                <EKey>1 9.360495 -1.06569 -7.26207352</EKey>
                <EKey>2 8.992447 -1.94460976 -12.6784163</EKey>
                <EKey>2 2.38956285 -4.98237562 -20.8798351</EKey>
                <EKey>1 -7.28404665 -7.03135729 -28.1638813</EKey>
                <EKey>2 -10.2284279 -7.32249928 -30.5699253</EKey>
                <EKey>3 -10.2394142 -7.89929056 -31.075304</EKey>
                <EKey>3 -6.64683 -10.1075764 -23.5495529</EKey>
                <EKey>2 -2.6697185 -14.5516138 -7.72899961</EKey>
                <EKey>2 1.80178535 -15.88098 4.27924</EKey>
                <EKey>2 5.1471734 -13.1013966 12.4806595</EKey>
                <EKey>2 6.13595772 -6.44357967 16.8532848</EKey>
                <EKey>3 5.83932257 -2.55985355 16.650034</EKey>
                <EKey>7 5.257038 -3.86175323 9.64065</EKey>
                <EKey>2 0.5218586 -10.0581369 -12.9640646</EKey>
                <EKey>2 -1.35683227 -11.2007322 -18.01236</EKey>
                <EKey>1 -3.06523228 -11.4479284 -16.8532848</EKey>
            </Bone>
            <Bone>
                <EKey>1 146.581833 10.4151983 -96.65919</EKey>
                <EKey>1 141.703827 15.8645 -106.530556</EKey>
                <EKey>1 140.478821 19.742733 -112.161133</EKey>
                <EKey>1 146.493927 19.7921715 -112.452278</EKey>
                <EKey>2 151.229111 18.72099 -110.991074</EKey>
                <EKey>3 149.487747 14.7164106 -105.948273</EKey>
                <EKey>2 143.373764 9.684596 -99.96063</EKey>
                <EKey>1 137.528961 8.047608 -96.88991</EKey>
                <EKey>1 136.045776 7.800412 -96.91737</EKey>
                <EKey>1 136.930191 8.179446 -98.92241</EKey>
                <EKey>2 140.517288 9.151751 -103.575188</EKey>
                <EKey>2 152.926529 10.53605 -118.439919</EKey>
                <EKey>1 167.291367 8.267338 -133.348587</EKey>
                <EKey>1 173.218582 6.245823 -137.9794</EKey>
                <EKey>2 178.860153 4.323186 -138.8748</EKey>
                <EKey>1 -170.7686 1.96658278 -133.716644</EKey>
                <EKey>3 -168.642715 1.2249943 -132.376282</EKey>
                <EKey>5 -170.444489 -2.08743429 -134.507675</EKey>
                <EKey>2 179.612732 -5.322957 -141.50058</EKey>
                <EKey>6 176.223389 -3.36186767 -143.802246</EKey>
                <EKey>2 166.571762 16.5951023 -148.2298</EKey>
                <EKey>1 162.671555 21.8631268 -149.224075</EKey>
            </Bone>
            <Bone>
                <EKey>1 0 0 -72.01099</EKey>
                <EKey>1 0 0 -66.81438</EKey>
                <EKey>2 0 0 -64.15564</EKey>
                <EKey>2 0 0 -80.41566</EKey>
                <EKey>2 0 0 -84.22797</EKey>
                <EKey>3 0 0 -85.93637</EKey>
                <EKey>1 0 0 -94.63218</EKey>
                <EKey>1 0 0 -95.89014</EKey>
                <EKey>1 0 0 -94.15427</EKey>
                <EKey>3 0 0 -88.3753738</EKey>
                <EKey>1 0 0 -58.8766327</EKey>
                <EKey>1 0 0 -50.5159073</EKey>
                <EKey>1 0 0 -45.64889</EKey>
                <EKey>2 0 0 -47.1760139</EKey>
                <EKey>1 0 0 -62.645</EKey>
                <EKey>5 0 0 -68.47883</EKey>
                <EKey>5 0 0 -80.78371</EKey>
                <EKey>5 0 0 -87.73266</EKey>
                <EKey>3 0 0 -85.32662</EKey>
                <EKey>1 0 0 -81.1902</EKey>
            </Bone>
            <Bone>
                <EKey>1 4.872511 4.746166 -2.41153574</EKey>
                <EKey>1 10.06363 7.73998642 -3.30693531</EKey>
                <EKey>2 7.163195 7.58617544 -5.630579</EKey>
                <EKey>2 0.9118791 3.80132747 6.388647</EKey>
                <EKey>3 -4.09246969 1.906157 3.53765154</EKey>
                <EKey>3 -7.83337164 0.8130007 -4.647288</EKey>
                <EKey>2 -6.56992435 -1.02174413 -11.6237125</EKey>
                <EKey>2 -2.614786 2.861982 -15.073472</EKey>
                <EKey>2 5.3943696 8.410163 -18.7978935</EKey>
                <EKey>1 14.8812084 9.063859 -19.7701988</EKey>
                <EKey>1 18.4792862 8.272831 -18.2046242</EKey>
                <EKey>2 21.390707 8.476082 -13.8649578</EKey>
                <EKey>1 25.33486 12.6179905 -0.285648882</EKey>
                <EKey>5 25.7358665 13.9803162 4.86152458</EKey>
                <EKey>4 23.5550461 11.33257 21.9070721</EKey>
                <EKey>2 22.95079 7.992676 31.66308</EKey>
                <EKey>3 23.5935 7.28954 32.3002968</EKey>
                <EKey>3 23.15404 6.0535593 29.559166</EKey>
                <EKey>1 9.8713665 4.15838861 30.9105053</EKey>
                <EKey>1 6.487526 3.279469 30.80064</EKey>
            </Bone>
            <Bone>
                <EKey>2 -28.8999767 4.07598972 10.7612724</EKey>
                <EKey>1 -4.69123363 4.2023344 10.6349277</EKey>
                <EKey>3 3.87273979 3.31792164 10.3053331</EKey>
                <EKey>4 16.6280613 -2.96086049 9.289083</EKey>
                <EKey>3 25.7962914 -12.4586859 9.113298</EKey>
                <EKey>4 27.85626 -16.88075 9.975739</EKey>
                <EKey>5 22.9123363 -19.2703133 10.7173262</EKey>
                <EKey>8 13.73312 -13.6287479 10.2394142</EKey>
                <EKey>3 -2.2302587 -0.0164797436 11.5248337</EKey>
                <EKey>5 -5.88876152 2.03799486 11.99176</EKey>
                <EKey>3 -6.42160654 -1.18104827 10.7393</EKey>
                <EKey>1 -5.7953763 -4.2847333 9.62417</EKey>
            </Bone>
            <Bone>
                <EKey>2 -9.085832 -0.428473324 29.37789</EKey>
                <EKey>1 9.975739 -5.938201 23.038681</EKey>
                <EKey>2 15.6118107 -8.162967 20.6765842</EKey>
                <EKey>5 18.40238 -10.3932247 16.9356823</EKey>
                <EKey>2 16.0622559 -12.4367132 8.261845</EKey>
                <EKey>4 17.75967 -13.288167 7.240101</EKey>
                <EKey>2 27.21355 -14.7493706 11.0524149</EKey>
                <EKey>4 28.01007 -14.2769508 12.0631723</EKey>
                <EKey>8 19.4076443 -11.2446785 10.6239414</EKey>
                <EKey>3 -3.85076666 -2.71366453 8.042115</EKey>
                <EKey>4 -7.59166861 -1.09864962 7.74547958</EKey>
                <EKey>4 -4.4879837 -1.906157 7.06431675</EKey>
                <EKey>1 1.80178535 -3.966125 6.39414072</EKey>
            </Bone>
            <Bone>
                <EKey>41 0 -0.0109864958 19.9954224</EKey>
                <EKey>1 0 -0.0109864958 19.9954224</EKey>
            </Bone>
            <Bone>
                <EKey>2 17.8475628 -22.2311745 -37.68368</EKey>
                <EKey>1 -10.1350422 16.7324333 -33.355</EKey>
                <EKey>1 -23.0716419 27.9111919 -25.2304878</EKey>
                <EKey>2 -31.7509727 32.64088 -18.1057453</EKey>
                <EKey>2 -45.85214 35.8654137 -4.2847333</EKey>
                <EKey>3 -53.8612938 34.7612724 5.84481573</EKey>
                <EKey>3 -57.8713646 33.59121 14.5680933</EKey>
                <EKey>2 -58.7393 38.35935 17.270771</EKey>
                <EKey>2 -55.4818039 41.7651634 13.90341</EKey>
                <EKey>3 -46.68162 41.27077 6.13046455</EKey>
                <EKey>8 -28.29572 31.3170071 -7.36644554</EKey>
                <EKey>3 12.1840239 -16.1611347 -17.8036156</EKey>
                <EKey>2 25.87869 -28.58137 -12.5136185</EKey>
                <EKey>3 33.409935 -31.6520939 -8.509041</EKey>
                <EKey>4 40.50721 -29.8558025 -5.1087203</EKey>
                <EKey>1 46.181736 -24.379034 -4.55390263</EKey>
            </Bone>
            <Bone>
                <EKey>10 46.81895 61.2607 134.743881</EKey>
                <EKey>3 50.406044 62.83726 131.568787</EKey>
                <EKey>6 45.66537 60.70039 135.749146</EKey>
                <EKey>8 31.7784386 50.8015556 147.290451</EKey>
                <EKey>14 31.9981689 51.021286 147.120163</EKey>
                <EKey>1 40.0567627 57.475853 140.566727</EKey>
            </Bone>
            <Bone>
                <EKey>2 9.327535 -0.8844129 -71.1320648</EKey>
                <EKey>1 21.3522549 -17.5783939 -77.94919</EKey>
                <EKey>2 25.2469673 -20.37995 -75.29595</EKey>
                <EKey>3 26.6477451 -13.51339 -60.96956</EKey>
                <EKey>2 17.6113529 -1.4447242 -36.83772</EKey>
                <EKey>1 7.822385 2.30716419 -22.8079643</EKey>
                <EKey>2 3.43877316 2.658732 -17.7871361</EKey>
                <EKey>3 -3.56511784 0.373540848 -13.458457</EKey>
                <EKey>2 -10.4646368 -4.64179468 -15.64477</EKey>
                <EKey>2 -12.7553215 -5.46578169 -16.2984657</EKey>
                <EKey>6 -15.0130463 -2.45548177 -14.0627146</EKey>
                <EKey>3 -30.3886471 15.177844 -0.714122236</EKey>
                <EKey>3 -40.9356842 21.25887 5.789883</EKey>
                <EKey>2 -48.8184929 24.4889 7.514763</EKey>
                <EKey>3 -49.86221 25.8457317 3.59258413</EKey>
                <EKey>4 -45.0336456 27.3398952 -9.371481</EKey>
                <EKey>1 -34.920578 27.5211716 -30.762188</EKey>
            </Bone>
            <Bone>
                <EKey>5 0 0 -78.3447</EKey>
                <EKey>4 0 0 -55.0643158</EKey>
                <EKey>3 0 0 -36.2389565</EKey>
                <EKey>3 0 0 -27.6859684</EKey>
                <EKey>16 0 0 -25.5985355</EKey>
                <EKey>10 0 0 -37.07393</EKey>
                <EKey>1 0 0 -46.3794937</EKey>
            </Bone>
            <Bone>
                <EKey>17 -89.34768 14.12314 9.810941</EKey>
                <EKey>24 -89.34768 14.12314 11.5742731</EKey>
                <EKey>1 -89.34768 14.1286335 20.1876869</EKey>
            </Bone>
            <Bone>
                <EKey>3 -33.87686 -52.76814 145.64798</EKey>
                <EKey>1 -29.31197 -48.21973 149.174637</EKey>
                <EKey>1 -29.1856251 -48.0769043 149.268021</EKey>
                <EKey>3 -31.0478363 -50.0709534 147.861755</EKey>
                <EKey>2 -49.510643 -62.47471 132.376282</EKey>
                <EKey>1 -78.103 -69.18196 106.162506</EKey>
                <EKey>3 -88.62806 -69.91806 96.2911453</EKey>
                <EKey>27 -92.79744 -70.02243 92.37446</EKey>
                <EKey>1 -41.7322044 -58.53605 139.14946</EKey>
            </Bone>
            <Bone>
                <EKey>2 23.4122219 -21.6873417 -27.982605</EKey>
                <EKey>1 35.8159752 -22.3794918 1.52162969</EKey>
                <EKey>1 37.7605858 -22.91783 7.6740675</EKey>
                <EKey>1 39.00206 -25.1261158 7.608148</EKey>
                <EKey>1 49.50515 -29.2570381 9.712062</EKey>
                <EKey>1 67.27032 -31.729 13.6946669</EKey>
                <EKey>1 79.67956 -29.97116 12.5575647</EKey>
                <EKey>1 82.76128 -25.8182659 2.241245</EKey>
                <EKey>1 82.83818 -20.017395 -12.3653011</EKey>
                <EKey>1 82.29435 -13.8539715 -26.1149</EKey>
                <EKey>2 82.55253 -9.179217 -34.7612724</EKey>
                <EKey>2 85.98581 -2.53238726 -41.4081039</EKey>
                <EKey>2 91.06157 2.21927214 -44.88533</EKey>
                <EKey>1 95.3463058 1.4447242 -48.1922646</EKey>
                <EKey>1 96.03296 -2.05447459 -50.471962</EKey>
                <EKey>2 95.53307 -7.97070265 -53.46029</EKey>
                <EKey>2 90.47379 -24.78004 -61.2716866</EKey>
                <EKey>1 76.1748657 -41.96292 -73.31289</EKey>
                <EKey>1 64.5127 -48.0109863 -81.56924</EKey>
                <EKey>1 51.0762177 -51.12566 -89.95743</EKey>
                <EKey>1 37.875946 -51.6804771 -95.47814</EKey>
                <EKey>2 26.0325012 -50.60929 -96.7306</EKey>
                <EKey>2 8.60792 -45.8466454 -88.29847</EKey>
                <EKey>1 -2.09292746 -40.0457764 -73.626</EKey>
                <EKey>1 -6.15243769 -37.1837959 -67.58343</EKey>
                <EKey>2 -9.90432549 -34.5415421 -64.0952148</EKey>
                <EKey>2 -16.7159538 -29.6580448 -63.6997032</EKey>
                <EKey>4 -22.3135738 -24.7910271 -68.2591</EKey>
                <EKey>1 -29.5756474 -13.7605858 -81.82742</EKey>
            </Bone>
            <Bone>
                <EKey>3 0 0 -72.77455</EKey>
                <EKey>1 0 0 -31.8608379</EKey>
                <EKey>1 0 0 -21.4786</EKey>
                <EKey>2 0 0 -17.4795151</EKey>
                <EKey>4 0 0 -18.4463272</EKey>
                <EKey>5 0 0 -13.6562138</EKey>
                <EKey>2 0 0 -12.9860382</EKey>
                <EKey>1 0 0 -18.4463272</EKey>
                <EKey>2 0 0 -24.3350887</EKey>
                <EKey>2 0 0 -42.1112366</EKey>
                <EKey>1 0 0 -61.6726952</EKey>
                <EKey>1 0 0 -69.79172</EKey>
                <EKey>2 0 0 -75.55413</EKey>
                <EKey>6 0 0 -81.04738</EKey>
                <EKey>8 0 0 -82.55802</EKey>
                <EKey>1 0 0 -92.72602</EKey>
            </Bone>
            <Bone>
                <EKey>4 108.222473 -15.4360266 22.5387955</EKey>
                <EKey>2 107.541313 -14.6065464 8.684825</EKey>
                <EKey>5 107.294121 -14.2275124 9.975739</EKey>
                <EKey>11 106.464638 -13.2607 20.8633556</EKey>
                <EKey>19 106.371254 -13.1728086 21.9345379</EKey>
                <EKey>1 106.459145 -13.2552071 20.9182873</EKey>
            </Bone>
        </Rotations>
        <PositionOffset>
            <X>0</X>
            <Z>0</Z>
        </PositionOffset>
        <Positions>
            <Position>
                <Height>13.67</Height>
                <YOffset>-0.35</YOffset>
            </Position>
            <Position>
                <Height>13.88</Height>
                <YOffset>-0.35</YOffset>
            </Position>
            <Position>
                <Height>14.2999992</Height>
                <YOffset>-0.299999982</YOffset>
            </Position>
            <Position>
                <Height>14.7699995</Height>
                <YOffset>-0.199999988</YOffset>
            </Position>
            <Position>
                <Height>15.2</Height>
                <YOffset>-0.07</YOffset>
            </Position>
            <Position>
                <Height>15.62</Height>
                <YOffset>0.07</YOffset>
            </Position>
            <Position>
                <Height>16.039999</Height>
                <YOffset>0.199999988</YOffset>
            </Position>
            <Position>
                <Height>16.43</Height>
                <YOffset>0.32</YOffset>
            </Position>
            <Position>
                <Height>16.75</Height>
                <YOffset>0.44</YOffset>
            </Position>
            <Position>
                <Height>16.98</Height>
                <YOffset>0.57</YOffset>
            </Position>
            <Position>
                <Height>17.1</Height>
                <YOffset>0.71</YOffset>
            </Position>
            <Position>
                <Height>17.83</Height>
                <YOffset>0.849999964</YOffset>
            </Position>
            <Position>
                <Height>18.5</Height>
                <YOffset>0.96</YOffset>
            </Position>
            <Position>
                <Height>18.88</Height>
                <YOffset>1.03</YOffset>
            </Position>
            <Position>
                <Height>19.06</Height>
                <YOffset>1.06</YOffset>
            </Position>
            <Position>
                <Height>19.1099987</Height>
                <YOffset>1.03</YOffset>
            </Position>
            <Position>
                <Height>19.09</Height>
                <YOffset>0.95</YOffset>
            </Position>
            <Position>
                <Height>19</Height>
                <YOffset>0.84</YOffset>
            </Position>
            <Position>
                <Height>18.99</Height>
                <YOffset>0.61</YOffset>
            </Position>
            <Position>
                <Height>19.039999</Height>
                <YOffset>0.24</YOffset>
            </Position>
            <Position>
                <Height>18.83</Height>
                <YOffset>0.04</YOffset>
            </Position>
            <Position>
                <Height>18.39</Height>
                <YOffset>0</YOffset>
            </Position>
            <Position>
                <Height>17.85</Height>
                <YOffset>0.04</YOffset>
            </Position>
            <Position>
                <Height>17.38</Height>
                <YOffset>0.03</YOffset>
            </Position>
            <Position>
                <Height>17.06</Height>
                <YOffset>-0.07</YOffset>
            </Position>
            <Position>
                <Height>16.8</Height>
                <YOffset>-0.179999992</YOffset>
            </Position>
            <Position>
                <Height>16.56</Height>
                <YOffset>-0.269999981</YOffset>
            </Position>
            <Position>
                <Height>16.31</Height>
                <YOffset>-0.34</YOffset>
            </Position>
            <Position>
                <Height>16.33</Height>
                <YOffset>-0.38</YOffset>
            </Position>
            <Position>
                <Height>16.34</Height>
                <YOffset>-0.39</YOffset>
            </Position>
            <Position>
                <Height>16.32</Height>
                <YOffset>-0.38</YOffset>
            </Position>
            <Position>
                <Height>16.2799988</Height>
                <YOffset>-0.35</YOffset>
            </Position>
            <Position>
                <Height>16.23</Height>
                <YOffset>-0.31</YOffset>
            </Position>
            <Position>
                <Height>16.1999989</Height>
                <YOffset>-0.28</YOffset>
            </Position>
            <Position>
                <Height>16.23</Height>
                <YOffset>-0.299999982</YOffset>
            </Position>
            <Position>
                <Height>16.34</Height>
                <YOffset>-0.38</YOffset>
            </Position>
            <Position>
                <Height>16.42</Height>
                <YOffset>-0.42</YOffset>
            </Position>
            <Position>
                <Height>16.49</Height>
                <YOffset>-0.45</YOffset>
            </Position>
            <Position>
                <Height>16.57</Height>
                <YOffset>-0.47</YOffset>
            </Position>
            <Position>
                <Height>16.65</Height>
                <YOffset>-0.48999998</YOffset>
            </Position>
            <Position>
                <Height>16.69</Height>
                <YOffset>-0.48</YOffset>
            </Position>
            <Position>
                <Height>16.73</Height>
                <YOffset>-0.48</YOffset>
            </Position>
        </Positions>
        <ThrowSource />
        <SelfDamage />
        <Attacks>
            <Attack>
                <Start>8</Start>
                <End>13</End>
                <Bones>RightWrist RightFist</Bones>
                <Flags />
                <Knockback>4</Knockback>
                <HitPoints>10</HitPoints>
                <HitType>KnockdownHead</HitType>
                <HitLength>20</HitLength>
                <StunLength>35</StunLength>
                <StaggerLength>0</StaggerLength>
                <Extents>
                    <Extent>
                        <Angle>352.534637</Angle>
                        <Length>8.67</Length>
                        <MinY>10.5317545</MinY>
                        <MaxY>12.3899994</MaxY>
                    </Extent>
                    <Extent>
                        <Angle>4.29022646</Angle>
                        <Length>9.13</Length>
                        <MinY>12.96</MinY>
                        <MaxY>14.36</MaxY>
                    </Extent>
                    <Extent>
                        <Angle>16.3643856</Angle>
                        <Length>8.16</Length>
                        <MinY>14.38</MinY>
                        <MaxY>17.08</MaxY>
                    </Extent>
                    <Extent>
                        <Angle>27.6969566</Angle>
                        <Length>6.62</Length>
                        <MinY>15.36</MinY>
                        <MaxY>18.67</MaxY>
                    </Extent>
                    <Extent>
                        <Angle>37.20577</Angle>
                        <Length>5.31999969</Length>
                        <MinY>15.91</MinY>
                        <MaxY>19.4499989</MaxY>
                    </Extent>
                    <Extent>
                        <Angle>38.71641</Angle>
                        <Length>4.25999975</Length>
                        <MinY>16.25</MinY>
                        <MaxY>19.88903</MaxY>
                    </Extent>
                </Extents>
            </Attack>
        </Attacks>
        <AttackRing>
            <Length>13.525444</Length>
            <Length>13.525444</Length>
            <Length>13.525444</Length>
            <Length>13.2430229</Length>
            <Length>12.448555</Length>
            <Length>0</Length>
            <Length>0</Length>
            <Length>0</Length>
            <Length>0</Length>
            <Length>0</Length>
            <Length>0</Length>
            <Length>0</Length>
            <Length>0</Length>
            <Length>0</Length>
            <Length>0</Length>
            <Length>0</Length>
            <Length>0</Length>
            <Length>0</Length>
            <Length>0</Length>
            <Length>0</Length>
            <Length>0</Length>
            <Length>0</Length>
            <Length>0</Length>
            <Length>0</Length>
            <Length>0</Length>
            <Length>0</Length>
            <Length>0</Length>
            <Length>0</Length>
            <Length>0</Length>
            <Length>0</Length>
            <Length>0</Length>
            <Length>0</Length>
            <Length>12.6006765</Length>
            <Length>13.525444</Length>
            <Length>13.525444</Length>
            <Length>13.525444</Length>
        </AttackRing>
    </Animation>
</Oni>