﻿<?xml version="1.0" encoding="utf-8"?>
<Oni>
    <Animation>
        <Lookup>
            <Type>KickForward</Type>
            <AimingType>KickForward</AimingType>
            <FromState>SidestepLeftStart</FromState>
            <ToState>Standing</ToState>
            <Varient>Combat</Varient>
            <FirstLevel>12</FirstLevel>
            <Shortcuts />
        </Lookup>
        <Flags>Attack Atomic DontAim</Flags>
        <Atomic>
            <Start>0</Start>
            <End>65535</End>
        </Atomic>
        <Invulnerable>
            <Start>0</Start>
            <End>19</End>
        </Invulnerable>
        <Overlay>
            <UsedBones />
            <ReplacedBones />
        </Overlay>
        <DirectAnimations>
            <Link />
            <Link />
        </DirectAnimations>
        <Pause>
            <Hard>0</Hard>
            <Soft>0</Soft>
        </Pause>
        <Interpolation>
            <End>0</End>
            <Max>65535</Max>
        </Interpolation>
        <FinalRotation>0</FinalRotation>
        <Direction>Forward</Direction>
        <Vocalization>65535</Vocalization>
        <ActionFrame>65535</ActionFrame>
        <Impact>konflash1</Impact>
        <Particles>
            <Particle>
                <Start>10</Start>
                <End>37</End>
                <Bone>RightFoot</Bone>
                <Name>trail</Name>
            </Particle>
        </Particles>
        <MotionBlur>
            <MotionBlur>
                <Bones>RightThigh RightCalf RightFoot</Bones>
                <Start>27</Start>
                <End>37</End>
                <Lifetime>6</Lifetime>
                <Alpha>127</Alpha>
                <Interval>1</Interval>
            </MotionBlur>
        </MotionBlur>
        <Footsteps>
            <Footstep>
                <Frame>58</Frame>
                <Type>Left</Type>
            </Footstep>
        </Footsteps>
        <Sounds>
            <Sound>
                <Name>TripleKick</Name>
                <Start>2</Start>
            </Sound>
        </Sounds>
        <Heights>
            <Height>7.620097</Height>
            <Height>7.340679</Height>
            <Height>7.053165</Height>
            <Height>6.781845</Height>
            <Height>6.551009</Height>
            <Height>6.313465</Height>
            <Height>6.039618</Height>
            <Height>5.780168</Height>
            <Height>5.585806</Height>
            <Height>5.507232</Height>
            <Height>5.59514</Height>
            <Height>5.842045</Height>
            <Height>6.195782</Height>
            <Height>6.640027</Height>
            <Height>7.158457</Height>
            <Height>7.734749</Height>
            <Height>8.352581</Height>
            <Height>8.995627</Height>
            <Height>9.711597</Height>
            <Height>10.5309038</Height>
            <Height>11.4112778</Height>
            <Height>12.3104525</Height>
            <Height>13.1861639</Height>
            <Height>13.9961443</Height>
            <Height>14.6981258</Height>
            <Height>15.3086386</Height>
            <Height>15.8629789</Height>
            <Height>16.3470268</Height>
            <Height>16.746664</Height>
            <Height>17.0477772</Height>
            <Height>17.2362423</Height>
            <Height>17.35883</Height>
            <Height>17.4659958</Height>
            <Height>17.5491428</Height>
            <Height>17.5996857</Height>
            <Height>17.6090317</Height>
            <Height>17.5685883</Height>
            <Height>17.4697685</Height>
            <Height>17.303978</Height>
            <Height>17.0626278</Height>
            <Height>16.7371273</Height>
            <Height>16.3001957</Height>
            <Height>15.7455893</Height>
            <Height>15.0962629</Height>
            <Height>14.3751793</Height>
            <Height>13.6052971</Height>
            <Height>12.8095722</Height>
            <Height>12.0109673</Height>
            <Height>11.2324343</Height>
            <Height>10.4969406</Height>
            <Height>9.827442</Height>
            <Height>9.164052</Height>
            <Height>8.463061</Height>
            <Height>7.771685</Height>
            <Height>7.13714</Height>
            <Height>6.606649</Height>
            <Height>6.227427</Height>
            <Height>6.046694</Height>
            <Height>6.14759</Height>
            <Height>6.515854</Height>
            <Height>7.052613</Height>
            <Height>7.658977</Height>
            <Height>8.236074</Height>
            <Height>8.685017</Height>
            <Height>8.90693</Height>
            <Height>8.969786</Height>
            <Height>9.008839</Height>
            <Height>9.026132</Height>
            <Height>9.023703</Height>
            <Height>9.003594</Height>
            <Height>8.967845</Height>
            <Height>8.918493</Height>
            <Height>8.857581</Height>
            <Height>8.787149</Height>
            <Height>8.709237</Height>
            <Height>8.625885</Height>
            <Height>8.539131</Height>
            <Height>8.451018</Height>
            <Height>8.363585</Height>
            <Height>8.278872</Height>
            <Height>8.198921</Height>
            <Height>8.125768</Height>
            <Height>8.061456</Height>
        </Heights>
        <Velocities>
            <Velocity>0.963779032 0.000523090363</Velocity>
            <Velocity>1.335034 -0.0147643089</Velocity>
            <Velocity>1.36841178 -0.0428757668</Velocity>
            <Velocity>1.37882519 -0.06182909</Velocity>
            <Velocity>1.36283016 -0.0707912445</Velocity>
            <Velocity>1.3346076 -0.0600309372</Velocity>
            <Velocity>1.30630493 -0.0284318924</Velocity>
            <Velocity>1.278019 0.0203542709</Velocity>
            <Velocity>1.2502985 0.08554888</Velocity>
            <Velocity>1.21184731 0.176137924</Velocity>
            <Velocity>1.03864956 0.395340919</Velocity>
            <Velocity>0.76365757 0.582257032</Velocity>
            <Velocity>0.5495148 0.680546045</Velocity>
            <Velocity>0.3446827 0.777915</Velocity>
            <Velocity>0.0125427246 0.871866</Velocity>
            <Velocity>-0.3913126 0.787196</Velocity>
            <Velocity>-0.5490427 0.641964</Velocity>
            <Velocity>-0.635952 0.516772032</Velocity>
            <Velocity>-0.667629242 0.414346</Velocity>
            <Velocity>-0.6559477 0.363400936</Velocity>
            <Velocity>-0.64523983 0.379320025</Velocity>
            <Velocity>-0.6751976 0.439721</Velocity>
            <Velocity>-0.745475769 0.502794147</Velocity>
            <Velocity>-0.818266869 0.5472808</Velocity>
            <Velocity>-0.984629631 0.62431</Velocity>
            <Velocity>-1.14323521 0.7170131</Velocity>
            <Velocity>-1.17550468 0.7853441</Velocity>
            <Velocity>-1.12052917 0.819221</Velocity>
            <Velocity>-0.9633789 0.7728076</Velocity>
            <Velocity>-0.667307854 0.6012373</Velocity>
            <Velocity>-0.456933022 0.438914776</Velocity>
            <Velocity>-0.421781063 0.36428833</Velocity>
            <Velocity>-0.376376867 0.280365</Velocity>
            <Velocity>-0.321002 0.202576637</Velocity>
            <Velocity>-0.256410122 0.141744614</Velocity>
            <Velocity>-0.192906857 0.107339859</Velocity>
            <Velocity>-0.144494057 0.101969719</Velocity>
            <Velocity>-0.124433994 0.1196928</Velocity>
            <Velocity>-0.139669061 0.14611721</Velocity>
            <Velocity>-0.175400019 0.152584076</Velocity>
            <Velocity>-0.208025932 0.136898041</Velocity>
            <Velocity>-0.242644072 0.115926743</Velocity>
            <Velocity>-0.2770239 0.09303188</Velocity>
            <Velocity>-0.289109051 0.053188324</Velocity>
            <Velocity>-0.273066968 0.0006132126</Velocity>
            <Velocity>-0.246741012 -0.04368496</Velocity>
            <Velocity>-0.213495 -0.07800007</Velocity>
            <Velocity>-0.176877 -0.101781845</Velocity>
            <Velocity>-0.140262 -0.115568161</Velocity>
            <Velocity>-0.106375992 -0.120801926</Velocity>
            <Velocity>-0.07557899 -0.12134552</Velocity>
            <Velocity>-0.04640901 -0.117921829</Velocity>
            <Velocity>-0.0212190151 -0.109884262</Velocity>
            <Velocity>-0.0009880066 -0.09930897</Velocity>
            <Velocity>0.0144389868 -0.101649284</Velocity>
            <Velocity>0.035613 -0.109521866</Velocity>
            <Velocity>0.215141028 -0.07904053</Velocity>
            <Velocity>0.239948 -0.062037468</Velocity>
            <Velocity>0.251919985 -0.03023529</Velocity>
            <Velocity>0.2496 0.00588989258</Velocity>
            <Velocity>0.231715024 0.039399147</Velocity>
            <Velocity>0.202438 0.0655489</Velocity>
            <Velocity>0.162990034 0.08239746</Velocity>
            <Velocity>0.117923975 0.08724499</Velocity>
            <Velocity>0.07692194 0.08237934</Velocity>
            <Velocity>0.0428230762 0.07471943</Velocity>
            <Velocity>0.0145739317 0.06370735</Velocity>
            <Velocity>-0.006392956 0.0510139465</Velocity>
            <Velocity>-0.018574 0.03772545</Velocity>
            <Velocity>-0.0208140612 0.02445507</Velocity>
            <Velocity>-0.0126099586 0.0113487244</Velocity>
            <Velocity>0.005897045 -0.001871109</Velocity>
            <Velocity>0.0209180117 -0.01257515</Velocity>
            <Velocity>0.0248909 -0.0192365646</Velocity>
            <Velocity>0.02719009 -0.0243387222</Velocity>
            <Velocity>0.0277109146 -0.0280761719</Velocity>
            <Velocity>0.026802063 -0.0305500031</Velocity>
            <Velocity>0.0244879723 -0.0317955</Velocity>
            <Velocity>0.02005899 -0.03182125</Velocity>
            <Velocity>0.0156110525 -0.0306339264</Velocity>
            <Velocity>0.008965969 -0.0282516479</Velocity>
            <Velocity>0.00166201591 -0.0247383118</Velocity>
            <Velocity>-0.00629198551 -0.0201950073</Velocity>
        </Velocities>
        <Rotations>
            <Bone>
                <EKey>3 118.96727 84.67292 -20.7095451</EKey>
                <EKey>1 26.55436 75.67498 84.7498245</EKey>
                <EKey>2 24.3845272 72.6536942 89.54543</EKey>
                <EKey>2 25.35134 73.17555 90.39689</EKey>
                <EKey>1 28.1693745 76.1199341 87.27123</EKey>
                <EKey>1 27.55413 75.7409 87.22728</EKey>
                <EKey>2 24.3845272 72.6536942 89.54543</EKey>
                <EKey>2 16.8203259 61.78805 93.64889</EKey>
                <EKey>1 10.9645224 46.5003433 94.39048</EKey>
                <EKey>1 8.904554 36.2719154 93.9455261</EKey>
                <EKey>1 7.470817 23.8352032 93.23689</EKey>
                <EKey>1 6.718242 8.822156 92.51179</EKey>
                <EKey>1 6.762188 -9.926299 90.97917</EKey>
                <EKey>2 6.88853264 -32.4980545 88.39185</EKey>
                <EKey>1 -7.49279 -83.85443 69.81918</EKey>
                <EKey>1 -166.7805 -69.44564 -89.94095</EKey>
                <EKey>1 -170.818039 -44.4898148 -92.8578644</EKey>
                <EKey>1 -173.762421 -22.32456 -92.65461</EKey>
                <EKey>1 -179.129318 -3.22453642 -90.44633</EKey>
                <EKey>2 171.186081 13.3321123 -85.14534</EKey>
                <EKey>1 138.9572 36.37629 -61.3815536</EKey>
                <EKey>1 118.2971 42.16068 -43.2593269</EKey>
                <EKey>2 97.3568344 45.19295 -22.6376743</EKey>
                <EKey>3 58.59098 40.1776161 20.39643</EKey>
                <EKey>3 29.0482941 10.2888536 63.40307</EKey>
                <EKey>2 22.66514 -26.0654621 91.97894</EKey>
                <EKey>3 27.60357 -49.8786926 110.348366</EKey>
                <EKey>4 86.20004 -77.54818 -177.300064</EKey>
                <EKey>3 169.25795 -46.49485 -79.29504</EKey>
                <EKey>6 170.1094 -16.0402832 -68.1382446</EKey>
                <EKey>3 151.855347 44.7260246 -48.2471962</EKey>
                <EKey>3 115.841614 67.65484 -13.1178761</EKey>
                <EKey>3 48.9173737 67.2648239 52.1638832</EKey>
                <EKey>3 23.81323 55.7070274 75.29595</EKey>
                <EKey>4 13.870451 47.49462 82.6678848</EKey>
                <EKey>10 5.61959267 42.0398254 86.5735855</EKey>
                <EKey>1 -10.711833 37.62875 90.6166153</EKey>
            </Bone>
            <Bone>
                <EKey>3 -151.564209 -3.548638 -104.146484</EKey>
                <EKey>1 -144.7306 -36.19501 -108.35981</EKey>
                <EKey>1 -142.2092 -45.4840927 -107.513847</EKey>
                <EKey>2 -138.363922 -44.6436272 -97.86221</EKey>
                <EKey>1 -130.772263 -43.2593269 -90.85283</EKey>
                <EKey>1 -132.519119 -37.68368 -79.800415</EKey>
                <EKey>1 -137.495987 -34.7008476 -76.48249</EKey>
                <EKey>1 -142.071869 -30.9599457 -75.66949</EKey>
                <EKey>1 -141.775238 -20.4238949 -80.6903152</EKey>
                <EKey>1 -142.428925 -12.2774086 -93.92355</EKey>
                <EKey>1 -141.83017 -5.894255 -109.963837</EKey>
                <EKey>1 -139.391159 -3.31242847 -130.283356</EKey>
                <EKey>1 -139.248337 -2.103914 -150.883041</EKey>
                <EKey>1 -146.048981 3.696956 -169.560089</EKey>
                <EKey>3 -151.36644 9.695582 179.513855</EKey>
                <EKey>2 -151.536743 12.7992678 172.1419</EKey>
                <EKey>1 -150.767685 12.4147406 172.284729</EKey>
                <EKey>1 -150.8391 11.4094763 174.806137</EKey>
                <EKey>1 -151.421371 9.783475 179.343552</EKey>
                <EKey>1 -152.569473 6.30624866 -172.350647</EKey>
                <EKey>2 -153.333023 0.576791048 -160.073242</EKey>
                <EKey>1 -150.366669 -11.7006178 -130.706345</EKey>
                <EKey>1 -147.4058 -15.177844 -117.176468</EKey>
                <EKey>1 -145.428238 -15.7546349 -107.607231</EKey>
                <EKey>1 -145.637 -13.1398487 -102.751205</EKey>
                <EKey>3 -147.642029 -8.069581 -100.856033</EKey>
                <EKey>1 -156.090637 10.06363 -101.954681</EKey>
                <EKey>1 -157.606781 13.0354776 -101.927216</EKey>
                <EKey>3 -157.678192 12.6179905 -101.394371</EKey>
                <EKey>1 -153.712067 1.76882577 -102.201874</EKey>
                <EKey>2 -153.442886 -0.280155629 -104.547493</EKey>
                <EKey>4 -155.332565 -0.06042573 -113.984894</EKey>
                <EKey>1 -159.924927 6.13595772 -137.133438</EKey>
                <EKey>1 -160.589615 7.45983076 -140.5832</EKey>
                <EKey>2 -161.100479 7.800412 -136.419312</EKey>
                <EKey>2 -161.045547 5.14168024 -120.065918</EKey>
                <EKey>1 -159.408554 1.06019688 -104.811172</EKey>
                <EKey>1 -158.661484 -0.1373312 -99.14763</EKey>
                <EKey>2 -158.595566 -0.142824441 -96.33509</EKey>
                <EKey>5 -159.562378 1.31288624 -96.41749</EKey>
                <EKey>3 -160.595108 1.6919204 -123.4992</EKey>
                <EKey>9 -161.034561 1.01075757 -128.87709</EKey>
                <EKey>8 -162.528732 -1.79629207 -134.963608</EKey>
                <EKey>1 -163.978943 -4.416571 -138.089264</EKey>
            </Bone>
            <Bone>
                <EKey>3 0 0 -83.59075</EKey>
                <EKey>1 0 0 -52.7461662</EKey>
                <EKey>1 0 0 -45.3577461</EKey>
                <EKey>2 0 0 -55.0972748</EKey>
                <EKey>1 0 0 -55.1302376</EKey>
                <EKey>2 0 0 -74.20828</EKey>
                <EKey>1 0 0 -99.5101852</EKey>
                <EKey>1 0 0 -106.937057</EKey>
                <EKey>1 0 0 -108.81575</EKey>
                <EKey>1 0 0 -105.47036</EKey>
                <EKey>1 0 0 -91.8251343</EKey>
                <EKey>1 0 0 -73.03822</EKey>
                <EKey>1 0 0 -48.241703</EKey>
                <EKey>2 0 0 -30.44358</EKey>
                <EKey>2 0 0 -22.68162</EKey>
                <EKey>1 0 0 -19.9459839</EKey>
                <EKey>1 0 0 -21.1654835</EKey>
                <EKey>1 0 0 -24.4889</EKey>
                <EKey>1 0 0 -30.1908913</EKey>
                <EKey>1 0 0 -40.5951</EKey>
                <EKey>2 0 0 -56.18494</EKey>
                <EKey>1 0 0 -93.09956</EKey>
                <EKey>1 0 0 -109.524376</EKey>
                <EKey>1 0 0 -121.323875</EKey>
                <EKey>1 0 0 -128.470581</EKey>
                <EKey>2 0 0 -132.925613</EKey>
                <EKey>3 0 0 -135.82605</EKey>
                <EKey>2 0 0 -132.019226</EKey>
                <EKey>2 0 0 -122.779587</EKey>
                <EKey>1 0 0 -107.118332</EKey>
                <EKey>4 0 0 -96.29664</EKey>
                <EKey>1 0 0 -41.46853</EKey>
                <EKey>1 0 0 -29.97116</EKey>
                <EKey>1 0 0 -21.3962</EKey>
                <EKey>3 0 0 -28.4385452</EKey>
                <EKey>1 0 0 -78.8720551</EKey>
                <EKey>1 0 0 -95.01671</EKey>
                <EKey>1 0 0 -108.244446</EKey>
                <EKey>2 0 0 -116.572212</EKey>
                <EKey>1 0 0 -123.69146</EKey>
                <EKey>4 0 0 -119.082626</EKey>
                <EKey>2 0 0 -86.24948</EKey>
                <EKey>7 0 0 -79.05333</EKey>
                <EKey>11 0 0 -65.56191</EKey>
                <EKey>1 0 0 -51.3453865</EKey>
            </Bone>
            <Bone>
                <EKey>2 20.8029289 -0.0878919661 27.021286</EKey>
                <EKey>2 18.5232315 -21.3467617 19.0231171</EKey>
                <EKey>1 5.8228426 -38.9196625 6.773175</EKey>
                <EKey>2 10.0910959 -39.243763 11.2721443</EKey>
                <EKey>1 12.909133 -41.1718941 10.6569014</EKey>
                <EKey>2 20.0888081 -33.79446 17.9409485</EKey>
                <EKey>1 16.9521637 -20.9897 27.7958336</EKey>
                <EKey>1 14.694438 -8.932021 33.6626244</EKey>
                <EKey>1 8.32227 -0.708628953 43.0505829</EKey>
                <EKey>1 0.285648882 2.279698 51.75189</EKey>
                <EKey>1 -7.41039133 -1.4447242 55.4049</EKey>
                <EKey>1 -14.9910736 -8.047608 51.80682</EKey>
                <EKey>1 -29.0208282 -12.2499428 35.7335777</EKey>
                <EKey>2 -38.6559868 -9.40444 21.4786</EKey>
                <EKey>3 -32.02014 -1.88967729 6.36667442</EKey>
                <EKey>1 -12.4806595 3.71892881 -15.5678644</EKey>
                <EKey>1 -7.174182 3.08720541 -20.9127941</EKey>
                <EKey>1 -3.90569925 1.43373775 -24.3955135</EKey>
                <EKey>2 -2.636759 -1.76882577 -24.6976433</EKey>
                <EKey>1 0.104371712 -9.942779 -17.4795151</EKey>
                <EKey>1 2.41153574 -12.0027466 -13.10689</EKey>
                <EKey>1 4.0650034 -11.9697876 -10.1405354</EKey>
                <EKey>1 4.04303026 -10.6349277 -9.810941</EKey>
                <EKey>1 1.36232543 -8.838635 -12.5520716</EKey>
                <EKey>2 -3.86724663 -7.21812773 -17.3257046</EKey>
                <EKey>1 -16.8532848 -5.3943696 -29.31197</EKey>
                <EKey>1 -22.1872272 -4.83405828 -34.84367</EKey>
                <EKey>1 -25.203022 -4.2023344 -38.9910736</EKey>
                <EKey>2 -24.9558258 -3.28496218 -41.6058578</EKey>
                <EKey>2 -18.0617981 -1.94460976 -44.60517</EKey>
                <EKey>4 -12.0961323 -3.48271918 -46.8848724</EKey>
                <EKey>2 -11.36553 -4.740673 -54.5369644</EKey>
                <EKey>1 -10.1350422 -3.91668582 -54.61387</EKey>
                <EKey>1 -9.063859 -3.87273979 -52.17487</EKey>
                <EKey>1 -8.140993 -5.28999758 -36.26093</EKey>
                <EKey>2 -7.646601 -6.383154 -15.2932024</EKey>
                <EKey>2 -9.239643 -5.696498 9.206683</EKey>
                <EKey>1 -12.8651867 -6.5479517 28.12543</EKey>
                <EKey>2 -15.6887159 -8.448615 34.19547</EKey>
                <EKey>1 -21.9894714 -13.6012821 40.172123</EKey>
                <EKey>2 -24.0769062 -13.3870449 39.4360275</EKey>
                <EKey>2 -19.7811852 -0.07141222 34.025177</EKey>
                <EKey>1 -12.6729231 11.6841383 26.8290234</EKey>
                <EKey>6 -10.09659 13.6232548 23.692379</EKey>
                <EKey>13 -3.23002982 9.684596 9.849394</EKey>
                <EKey>1 -3.93316555 -10.4975967 -14.524147</EKey>
            </Bone>
            <Bone>
                <EKey>7 173.663544 7.553216 -155.535828</EKey>
                <EKey>2 179.689636 9.074845 -160.254517</EKey>
                <EKey>1 178.2449 11.640192 -158.040741</EKey>
                <EKey>1 175.96521 13.7935457 -155.2282</EKey>
                <EKey>1 170.570847 17.0455475 -150.311737</EKey>
                <EKey>2 160.96315 20.8468761 -142.461884</EKey>
                <EKey>1 135.166855 23.6758976 -119.412224</EKey>
                <EKey>1 123.67498 21.2808418 -106.970016</EKey>
                <EKey>1 116.215149 17.4465561 -95.77478</EKey>
                <EKey>1 114.078278 14.0627146 -86.28245</EKey>
                <EKey>1 123.636528 12.9695587 -75.5101852</EKey>
                <EKey>1 143.620972 17.82559 -64.33692</EKey>
                <EKey>1 163.660339 27.6859684 -59.02495</EKey>
                <EKey>1 174.278778 36.2005043 -61.18929</EKey>
                <EKey>1 171.4937 42.3584328 -67.99542</EKey>
                <EKey>2 161.864044 49.19753 -77.61959</EKey>
                <EKey>1 139.37468 63.8919678 -99.50469</EKey>
                <EKey>1 138.578171 69.12154 -113.633324</EKey>
                <EKey>1 152.327759 68.37995 -134.557114</EKey>
                <EKey>1 165.780731 61.04097 -150.800644</EKey>
                <EKey>1 173.026321 52.2298 -158.612045</EKey>
                <EKey>1 176.970474 47.1924934 -163.14946</EKey>
                <EKey>2 -179.8819 46.8848724 -167.769287</EKey>
                <EKey>2 -171.9826 50.9828339 -178.025177</EKey>
                <EKey>2 -163.945984 55.8718224 174.064545</EKey>
                <EKey>3 -162.891281 57.28908 177.22316</EKey>
                <EKey>4 -169.669952 56.61341 -164.055847</EKey>
                <EKey>3 177.832916 49.137104 -133.057449</EKey>
                <EKey>3 171.515686 36.9146271 -111.463493</EKey>
                <EKey>2 170.88945 21.2753487 -93.56649</EKey>
                <EKey>2 172.614334 12.5410852 -86.18906</EKey>
                <EKey>2 174.218353 7.025864 -84.1730347</EKey>
                <EKey>4 175.031357 3.67498279 -87.35912</EKey>
                <EKey>8 174.075531 0.9997711 -101.641563</EKey>
                <EKey>9 167.500122 3.5980773 -127.712517</EKey>
                <EKey>4 161.968414 13.9803162 -155.667664</EKey>
                <EKey>1 160.902725 20.0119019 -150.361176</EKey>
                <EKey>1 160.792862 20.9073 -149.603119</EKey>
            </Bone>
            <Bone>
                <EKey>10 0 0 -75.76288</EKey>
                <EKey>7 0 0 -103.94873</EKey>
                <EKey>2 0 0 -133.661713</EKey>
                <EKey>1 0 0 -148.433044</EKey>
                <EKey>1 0 0 -152.344238</EKey>
                <EKey>1 0 0 -146.1094</EKey>
                <EKey>1 0 0 -126.317238</EKey>
                <EKey>1 0 0 -97.36233</EKey>
                <EKey>1 0 0 -65.13344</EKey>
                <EKey>1 0 0 -35.4918747</EKey>
                <EKey>1 0 0 -14.3208971</EKey>
                <EKey>1 0 0 -5.559167</EKey>
                <EKey>2 0 0 -5.69100475</EKey>
                <EKey>4 0 0 -11.261158</EKey>
                <EKey>2 0 0 -4.746166</EKey>
                <EKey>3 0 0 -6.5479517</EKey>
                <EKey>6 0 0 -20.16022</EKey>
                <EKey>5 0 0 -60.9146271</EKey>
                <EKey>2 0 0 -105.184708</EKey>
                <EKey>1 0 0 -118.115814</EKey>
                <EKey>2 0 0 -121.829254</EKey>
                <EKey>3 0 0 -123.004807</EKey>
                <EKey>4 0 0 -114.517738</EKey>
                <EKey>15 0 0 -99.96063</EKey>
                <EKey>3 0 0 -65.74868</EKey>
                <EKey>2 0 0 -75.8617554</EKey>
                <EKey>1 0 0 -78.54795</EKey>
            </Bone>
            <Bone>
                <EKey>3 21.8136883 22.8519115 27.3234158</EKey>
                <EKey>4 4.2023344 23.0167084 34.4591446</EKey>
                <EKey>2 -18.1167316 16.3149471 43.72076</EKey>
                <EKey>1 -26.8070488 13.4419775 44.325016</EKey>
                <EKey>1 -30.3666744 13.0684366 43.1384773</EKey>
                <EKey>1 -33.6131821 14.0791941 40.08972</EKey>
                <EKey>1 -35.4973679 16.4687576 34.4371719</EKey>
                <EKey>1 -34.0361633 19.1384754 26.4115353</EKey>
                <EKey>1 -28.466011 20.4843216 17.0125885</EKey>
                <EKey>1 -19.8965435 19.34722 8.162967</EKey>
                <EKey>1 -10.5580225 16.0018311 1.71938658</EKey>
                <EKey>2 -2.43350887 12.0027466 -1.79629207</EKey>
                <EKey>1 16.688488 6.58640432 -3.86175323</EKey>
                <EKey>1 20.8688488 5.778897 -6.92698574</EKey>
                <EKey>1 19.1000233 3.79034114 -10.0361643</EKey>
                <EKey>1 11.6621656 1.43923092 -13.05745</EKey>
                <EKey>1 2.19729924 4.520943 -16.0732441</EKey>
                <EKey>1 -2.971847 13.6726942 -18.2046242</EKey>
                <EKey>1 -0.856946647 23.1869984 -20.3030434</EKey>
                <EKey>1 5.00434875 26.8455029 -23.3353176</EKey>
                <EKey>2 8.860609 22.90135 -26.6587315</EKey>
                <EKey>1 12.5575647 6.90501261 -32.16846</EKey>
                <EKey>1 13.3540859 2.329137 -33.52529</EKey>
                <EKey>2 11.3490505 1.32387269 -34.47013</EKey>
                <EKey>2 3.279469 2.861982 -35.34905</EKey>
                <EKey>2 -4.35614538 6.009613 -33.16274</EKey>
                <EKey>5 -6.168917 7.96520948 -29.4328213</EKey>
                <EKey>2 2.46097517 13.3650723 -16.6775</EKey>
                <EKey>3 2.51590753 15.040513 -13.2222481</EKey>
                <EKey>3 -3.57061124 14.590066 -12.5740442</EKey>
                <EKey>4 -5.52071428 12.1016254 -16.0128174</EKey>
                <EKey>5 -0.181277186 10.9040966 -18.21561</EKey>
                <EKey>4 4.22430754 5.6140995 -16.9851227</EKey>
                <EKey>7 5.163653 1.45021749 -11.6182194</EKey>
                <EKey>7 6.19089031 -0.2966354 4.92195034</EKey>
                <EKey>4 7.860838 3.97161818 22.47837</EKey>
                <EKey>1 5.493248 2.6916914 28.7296867</EKey>
                <EKey>1 4.99336243 2.29068446 29.4108486</EKey>
            </Bone>
            <Bone>
                <EKey>4 -17.8860149 -3.5980773 11.7940035</EKey>
                <EKey>4 4.273747 -3.6035707 11.8269625</EKey>
                <EKey>1 23.79675 -3.5980773 11.8489361</EKey>
                <EKey>1 25.6974144 -3.59258413 11.8489361</EKey>
                <EKey>1 24.5877781 -3.59258413 11.8489361</EKey>
                <EKey>2 19.7482262 -3.51567864 12.00824</EKey>
                <EKey>2 1.94460976 -3.26848245 12.8596935</EKey>
                <EKey>1 -18.9681854 -3.41680026 13.2442207</EKey>
                <EKey>1 -27.65301 -3.548638 12.8102541</EKey>
                <EKey>2 -33.5802231 -3.587091 11.777523</EKey>
                <EKey>2 -38.9251556 -4.323186 6.855573</EKey>
                <EKey>2 -39.3701057 -5.28450441 -0.192263678</EKey>
                <EKey>1 -36.19501 -4.83955145 -5.88876152</EKey>
                <EKey>1 -33.57473 -3.44426632 -7.229114</EKey>
                <EKey>2 -29.2076 -0.186770424 -7.21263456</EKey>
                <EKey>2 -15.073472 11.1952391 -5.77340364</EKey>
                <EKey>1 -0.5438315 21.5664921 -5.66903162</EKey>
                <EKey>2 4.08697653 23.4067287 -5.652552</EKey>
                <EKey>3 9.052873 20.8578625 -3.91668582</EKey>
                <EKey>3 12.82124 10.711833 1.56008244</EKey>
                <EKey>3 13.0904093 1.18104827 6.806134</EKey>
                <EKey>5 9.085832 -1.33485925 8.668345</EKey>
                <EKey>6 -4.405585 -0.8349737 8.415656</EKey>
                <EKey>3 -21.7697411 2.94438076 9.300069</EKey>
                <EKey>4 -26.9828339 4.24078751 12.3817806</EKey>
                <EKey>3 -27.85626 6.67429638 23.4671555</EKey>
                <EKey>2 -26.3620968 8.459601 30.0645466</EKey>
                <EKey>3 -25.2304878 8.79469 29.9382019</EKey>
                <EKey>4 -22.4014645 8.097048 22.9617767</EKey>
                <EKey>4 -18.01236 5.383383 11.535821</EKey>
                <EKey>7 -14.1066608 2.125887 8.124514</EKey>
                <EKey>1 -6.83909369 -4.185855 9.239643</EKey>
            </Bone>
            <Bone>
                <EKey>4 -21.4786 6.273289 1.07667661</EKey>
                <EKey>4 0.6756695 6.256809 1.07667661</EKey>
                <EKey>1 20.1986732 6.24032974 1.07667661</EKey>
                <EKey>1 22.0938435 6.24032974 1.07667661</EKey>
                <EKey>1 20.9897 6.24032974 1.07667661</EKey>
                <EKey>2 16.1391621 6.311742 1.20302129</EKey>
                <EKey>2 -1.69741356 6.5204854 1.88967729</EKey>
                <EKey>1 -22.593729 6.42160654 2.21927214</EKey>
                <EKey>1 -31.2620735 6.322728 1.88967729</EKey>
                <EKey>2 -37.1783028 6.28427553 1.08216989</EKey>
                <EKey>2 -42.73747 6.0810256 -2.77958345</EKey>
                <EKey>2 -43.402153 5.855802 -8.300298</EKey>
                <EKey>1 -40.0732422 5.91073465 -12.8322268</EKey>
                <EKey>1 -37.1783028 6.23483658 -13.91989</EKey>
                <EKey>2 -32.2618446 7.163195 -13.9253836</EKey>
                <EKey>2 -16.1501484 10.7887392 -12.0906382</EKey>
                <EKey>1 0.131837949 14.3813229 -9.992218</EKey>
                <EKey>3 5.21309233 14.9471273 -9.025406</EKey>
                <EKey>3 12.8651867 12.21149 -4.652781</EKey>
                <EKey>3 15.9468985 7.377432 0.9777981</EKey>
                <EKey>4 15.0075531 4.15838861 4.9274435</EKey>
                <EKey>9 7.827878 3.23002982 6.21286345</EKey>
                <EKey>3 -16.3918514 3.99908447 6.20187664</EKey>
                <EKey>4 -21.0556183 3.724422 8.624399</EKey>
                <EKey>3 -21.02266 2.504921 18.1002522</EKey>
                <EKey>3 -18.70451 1.862211 23.9066143</EKey>
                <EKey>6 -16.4577713 1.55458915 22.6376743</EKey>
                <EKey>5 -10.162509 0.3900206 8.948501</EKey>
                <EKey>6 -4.83405828 -1.53261614 5.806363</EKey>
                <EKey>1 1.86770427 -3.93865871 6.28427553</EKey>
            </Bone>
            <Bone>
                <EKey>82 0 -0.0109864958 19.9954224</EKey>
                <EKey>1 0 -0.0109864958 19.9954224</EKey>
            </Bone>
            <Bone>
                <EKey>2 22.0169373 -22.0169373 -16.01831</EKey>
                <EKey>2 10.92607 -15.793088 -14.1780729</EKey>
                <EKey>1 5.652552 -10.3437862 -10.92607</EKey>
                <EKey>3 3.52117181 -7.49828339 -9.629663</EKey>
                <EKey>1 -9.986725 3.57061124 -8.261845</EKey>
                <EKey>1 -13.3650723 5.50423431 -8.003662</EKey>
                <EKey>1 -14.4527349 5.257038 -7.88830376</EKey>
                <EKey>1 -15.1338978 2.2302587 -8.893568</EKey>
                <EKey>1 -17.4465561 -2.18631268 -12.5850306</EKey>
                <EKey>1 -20.44587 -5.26253128 -19.33074</EKey>
                <EKey>1 -22.7090874 -4.9164567 -27.4442673</EKey>
                <EKey>1 -23.0496674 -1.29640651 -34.0361633</EKey>
                <EKey>1 -21.8741131 3.48271918 -37.1453438</EKey>
                <EKey>1 -20.7150383 6.86656 -36.43122</EKey>
                <EKey>1 -19.9789429 8.003662 -31.8443584</EKey>
                <EKey>2 -19.51751 7.61364174 -24.0054932</EKey>
                <EKey>1 -20.1162739 4.27924 -3.88921952</EKey>
                <EKey>1 -21.5115585 2.30716419 5.97116041</EKey>
                <EKey>1 -24.0549316 0.3680476 14.0187683</EKey>
                <EKey>1 -28.1638813 -1.59853518 18.918745</EKey>
                <EKey>1 -35.7280846 -3.77386141 19.638361</EKey>
                <EKey>2 -47.1924934 -5.59212637 17.166399</EKey>
                <EKey>1 -73.68093 -5.68001842 10.29984</EKey>
                <EKey>1 -83.90387 -4.806592 9.245136</EKey>
                <EKey>1 -88.73792 -4.713207 10.9095907</EKey>
                <EKey>1 -88.45228 -5.493248 14.8482494</EKey>
                <EKey>1 -85.25521 -6.23483658 19.9459839</EKey>
                <EKey>2 -79.5367355 -6.22385 25.3788052</EKey>
                <EKey>2 -63.4360275 -2.78507662 33.7120628</EKey>
                <EKey>1 -46.489357 2.85099554 35.33257</EKey>
                <EKey>2 -39.4470139 4.99336243 34.091095</EKey>
                <EKey>5 -30.454567 6.81162739 30.7896538</EKey>
                <EKey>7 -15.88098 7.317006 24.6152439</EKey>
                <EKey>3 1.79079878 5.53170061 17.8091087</EKey>
                <EKey>2 12.3707943 2.55436015 12.7443352</EKey>
                <EKey>3 21.0666065 -4.27924 5.916228</EKey>
                <EKey>2 29.3284512 -21.4840927 -4.19684124</EKey>
                <EKey>1 30.8226147 -31.8223858 -8.140993</EKey>
                <EKey>2 31.4872971 -34.8216972 -8.624399</EKey>
                <EKey>3 34.9645233 -36.2499428 -4.542916</EKey>
                <EKey>3 43.1329842 -30.4875259 8.075074</EKey>
                <EKey>2 48.70863 -21.7203026 16.1446552</EKey>
                <EKey>4 50.2961769 -19.1879158 15.963378</EKey>
                <EKey>5 50.746624 -19.12749 9.289083</EKey>
                <EKey>1 48.3460732 -22.934309 -2.35660338</EKey>
            </Bone>
            <Bone>
                <EKey>31 66.20462 67.41863 117.209427</EKey>
                <EKey>4 65.34768 67.24834 117.994965</EKey>
                <EKey>4 60.96956 66.25407 121.994049</EKey>
                <EKey>10 72.28565 68.4239 111.82605</EKey>
                <EKey>5 122.175323 67.9459839 65.3312</EKey>
                <EKey>6 118.884872 67.6054 64.1116943</EKey>
                <EKey>14 104.250862 69.0501251 73.1371</EKey>
                <EKey>8 57.9317932 66.48478 120.774551</EKey>
                <EKey>1 41.94644 58.88762 138.605637</EKey>
            </Bone>
            <Bone>
                <EKey>2 -38.2330055 22.6926079 5.734951</EKey>
                <EKey>2 -31.7949181 29.4493027 -0.444953084</EKey>
                <EKey>2 -26.3181515 33.0199127 -2.966354</EKey>
                <EKey>2 -19.4625778 34.84367 -7.646601</EKey>
                <EKey>1 -11.8983746 34.55253 -15.518425</EKey>
                <EKey>1 -10.783246 33.442894 -16.23804</EKey>
                <EKey>2 -12.5191116 31.8113976 -12.66743</EKey>
                <EKey>2 -21.3467617 25.543602 1.04371715</EKey>
                <EKey>2 -27.6145573 14.5845728 13.8594646</EKey>
                <EKey>2 -26.36759 4.61982155 24.15381</EKey>
                <EKey>3 -20.0283813 1.40077817 31.59167</EKey>
                <EKey>1 -4.45502424 3.21904325 39.5019455</EKey>
                <EKey>1 0.2966354 5.02082872 39.72717</EKey>
                <EKey>1 3.98260474 7.388418 37.9913025</EKey>
                <EKey>1 6.174411 10.5195694 33.8823547</EKey>
                <EKey>1 6.82261372 15.9578848 25.3788052</EKey>
                <EKey>2 7.83337164 24.1593037 11.8654156</EKey>
                <EKey>1 19.2538338 40.8532829 -25.7743187</EKey>
                <EKey>1 28.7461662 44.5062943 -45.62692</EKey>
                <EKey>2 34.7393 44.2371254 -58.8986053</EKey>
                <EKey>2 35.58526 37.89792 -70.2366638</EKey>
                <EKey>1 28.9274426 29.1252 -73.96658</EKey>
                <EKey>1 23.2639046 25.2304878 -73.9336243</EKey>
                <EKey>1 16.0457764 22.3630123 -72.8954</EKey>
                <EKey>1 7.42137766 20.78645 -70.769516</EKey>
                <EKey>2 -1.92263675 20.44587 -67.4461</EKey>
                <EKey>2 -20.6436253 21.86862 -56.1904335</EKey>
                <EKey>2 -37.8594627 19.3087654 -40.5896072</EKey>
                <EKey>1 -48.2966347 12.3433275 -25.5930424</EKey>
                <EKey>1 -50.09842 8.789197 -18.9626923</EKey>
                <EKey>1 -48.6042557 7.536736 -12.7663078</EKey>
                <EKey>2 -44.5062943 9.799954 -6.87754631</EKey>
                <EKey>1 -36.71687 19.73724 3.279469</EKey>
                <EKey>2 -35.58526 23.2419319 7.668574</EKey>
                <EKey>2 -37.1013947 26.7081718 14.6779585</EKey>
                <EKey>1 -40.91371 29.27901 18.2540627</EKey>
                <EKey>2 -44.02289 30.0370789 18.435339</EKey>
                <EKey>4 -53.19112 30.5314713 15.3756008</EKey>
                <EKey>2 -71.90112 31.1247425 3.80132747</EKey>
                <EKey>2 -75.83978 32.8661 -0.2636759</EKey>
                <EKey>3 -72.52186 35.2062263 -2.80155635</EKey>
                <EKey>3 -58.058136 37.941864 -6.553445</EKey>
                <EKey>3 -43.0231171 37.1288643 -10.7777519</EKey>
                <EKey>6 -37.0025177 34.1680031 -15.64477</EKey>
                <EKey>2 -34.6019669 28.9658966 -28.3506527</EKey>
                <EKey>1 -33.8219261 27.9221783 -33.0089264</EKey>
            </Bone>
            <Bone>
                <EKey>8 0 0 -94.40147</EKey>
                <EKey>3 0 0 -67.96246</EKey>
                <EKey>15 0 0 -62.05722</EKey>
                <EKey>3 0 0 -64.45228</EKey>
                <EKey>1 0 0 -65.04555</EKey>
                <EKey>1 0 0 -63.3975754</EKey>
                <EKey>3 0 0 -59.5138474</EKey>
                <EKey>1 0 0 -40.4303055</EKey>
                <EKey>1 0 0 -36.0686646</EKey>
                <EKey>2 0 0 -34.9370575</EKey>
                <EKey>6 0 0 -40.55665</EKey>
                <EKey>1 0 0 -74.05997</EKey>
                <EKey>1 0 0 -77.3998642</EKey>
                <EKey>2 0 0 -78.6413345</EKey>
                <EKey>5 0 0 -75.65301</EKey>
                <EKey>5 0 0 -59.82147</EKey>
                <EKey>3 0 0 -41.8970032</EKey>
                <EKey>8 0 0 -37.9803162</EKey>
                <EKey>13 0 0 -38.4197769</EKey>
                <EKey>1 0 0 -46.8244438</EKey>
            </Bone>
            <Bone>
                <EKey>9 -89.96292 0.005493248 10.9590292</EKey>
                <EKey>4 -89.96292 -0.0164797436 -7.245594</EKey>
                <EKey>19 -89.96292 -0.0164797436 -9.668117</EKey>
                <EKey>28 -89.83658 0.4119936 -7.65209436</EKey>
                <EKey>22 -88.72144 8.651865 9.212176</EKey>
                <EKey>1 -89.29824 13.8979168 20.050354</EKey>
            </Bone>
            <Bone>
                <EKey>9 -66.21561 -67.42962 117.209427</EKey>
                <EKey>3 -63.2986946 -70.73106 97.7962952</EKey>
                <EKey>4 -61.1618233 -71.13756 96.8185</EKey>
                <EKey>2 -59.70062 -70.84642 99.44976</EKey>
                <EKey>5 -70.2586441 -71.0991058 89.63882</EKey>
                <EKey>2 -115.495537 -63.91394 47.45617</EKey>
                <EKey>4 -117.11055 -63.16686 45.78622</EKey>
                <EKey>3 -92.76448 -69.58846 67.2813</EKey>
                <EKey>10 -87.00206 -70.21469 77.70199</EKey>
                <EKey>3 -96.3296 -70.2366638 94.32456</EKey>
                <EKey>5 -95.35729 -70.35203 99.59258</EKey>
                <EKey>9 -84.00824 -69.36324 108.865189</EKey>
                <EKey>23 -69.32479 -67.1604462 119.7583</EKey>
                <EKey>1 -41.5674057 -58.2943459 139.506531</EKey>
            </Bone>
            <Bone>
                <EKey>2 -16.1886024 -31.6520939 -76.7351761</EKey>
                <EKey>1 -5.00434875 -25.9391174 -57.86587</EKey>
                <EKey>2 -2.818036 -22.00595 -50.5433731</EKey>
                <EKey>2 -4.125429 -15.3756008 -39.3810959</EKey>
                <EKey>1 -5.34493 -14.0517282 -23.84619</EKey>
                <EKey>1 -5.894255 -14.9086752 -16.9192028</EKey>
                <EKey>1 -6.937972 -15.9578848 -12.3433275</EKey>
                <EKey>1 -9.206683 -16.4193172 -11.4479284</EKey>
                <EKey>2 -11.3490505 -15.9029522 -13.2826738</EKey>
                <EKey>2 -11.1458 -14.3923092 -19.3527126</EKey>
                <EKey>2 -9.90982 -16.23804 -26.9718475</EKey>
                <EKey>3 -11.3710232 -18.3749142 -31.6136417</EKey>
                <EKey>3 -15.3591213 -13.150835 -33.4923325</EKey>
                <EKey>1 -20.9018078 -4.801099 -35.9313354</EKey>
                <EKey>1 -23.0826283 -3.389334 -34.38224</EKey>
                <EKey>1 -26.1203938 -3.44426632 -28.8010979</EKey>
                <EKey>1 -29.0428 -5.789883 -18.9626923</EKey>
                <EKey>1 -28.5264359 -9.970245 -6.99290466</EKey>
                <EKey>1 -23.313345 -13.4364843 4.75715256</EKey>
                <EKey>1 -15.6502628 -14.1835661 13.5518427</EKey>
                <EKey>1 -9.261616 -12.8871593 17.14992</EKey>
                <EKey>2 -4.169375 -11.7994967 16.6720066</EKey>
                <EKey>4 7.36095238 -12.3433275 10.4975967</EKey>
                <EKey>2 28.9274426 -19.4900436 -9.723049</EKey>
                <EKey>3 34.31632 -21.7093163 -20.9567413</EKey>
                <EKey>2 35.2721443 -23.1815052 -38.39231</EKey>
                <EKey>1 32.6243973 -24.6811619 -47.73083</EKey>
                <EKey>1 30.1853962 -24.274662 -49.45022</EKey>
                <EKey>1 27.2190437 -22.0608826 -47.2803841</EKey>
                <EKey>4 23.7033653 -18.5726719 -42.1496925</EKey>
                <EKey>1 6.0535593 -4.26276 -9.448386</EKey>
                <EKey>1 2.30716419 -2.93339443 -3.07621884</EKey>
                <EKey>1 -0.324101627 -2.658732 0.258182645</EKey>
                <EKey>1 -2.2522316 -3.696956 0.9228656</EKey>
                <EKey>2 -3.44426632 -6.399634 0.247196153</EKey>
                <EKey>3 -2.95536733 -15.1998167 -4.850538</EKey>
                <EKey>2 -0.7635614 -28.0540161 -19.5504684</EKey>
                <EKey>1 -0.351567864 -30.9599457 -29.1252</EKey>
                <EKey>2 -1.2249943 -30.3831539 -32.723278</EKey>
                <EKey>4 -7.240101 -27.2684822 -38.1121521</EKey>
                <EKey>2 -27.0377655 -20.737011 -43.2703133</EKey>
                <EKey>2 -35.601738 -19.0231171 -46.5168228</EKey>
                <EKey>3 -39.6832237 -17.545433 -51.85626</EKey>
                <EKey>6 -40.4852371 -15.3151751 -61.5243759</EKey>
                <EKey>1 -32.59693 -11.1897459 -81.1792145</EKey>
            </Bone>
            <Bone>
                <EKey>9 0 0 -89.28176</EKey>
                <EKey>3 0 0 -66.8802948</EKey>
                <EKey>17 0 0 -63.8370323</EKey>
                <EKey>15 0 0 -65.4905</EKey>
                <EKey>10 0 0 -59.1567879</EKey>
                <EKey>6 0 0 -46.9452972</EKey>
                <EKey>5 0 0 -44.51728</EKey>
                <EKey>13 0 0 -51.6804771</EKey>
                <EKey>4 0 0 -82.04715</EKey>
                <EKey>1 0 0 -91.72076</EKey>
            </Bone>
            <Bone>
                <EKey>32 89.9519348 -0.0164797436 7.8937974</EKey>
                <EKey>31 90.440834 -0.5053788 8.250858</EKey>
                <EKey>19 99.9990845 -8.84413 15.6173038</EKey>
                <EKey>1 106.129547 -13.0519571 20.5886936</EKey>
            </Bone>
        </Rotations>
        <PositionOffset>
            <X>0</X>
            <Z>0</Z>
        </PositionOffset>
        <Positions>
            <Position>
                <Height>15.8899994</Height>
                <YOffset>-0.26</YOffset>
            </Position>
            <Position>
                <Height>15.57</Height>
                <YOffset>-0.44</YOffset>
            </Position>
            <Position>
                <Height>15.2699995</Height>
                <YOffset>-0.7</YOffset>
            </Position>
            <Position>
                <Height>14.71</Height>
                <YOffset>-0.68</YOffset>
            </Position>
            <Position>
                <Height>14.03</Height>
                <YOffset>-0.44</YOffset>
            </Position>
            <Position>
                <Height>13.57</Height>
                <YOffset>-0.34</YOffset>
            </Position>
            <Position>
                <Height>13.25</Height>
                <YOffset>-0.38</YOffset>
            </Position>
            <Position>
                <Height>12.99</Height>
                <YOffset>-0.41</YOffset>
            </Position>
            <Position>
                <Height>12.8099995</Height>
                <YOffset>-0.41</YOffset>
            </Position>
            <Position>
                <Height>12.84</Height>
                <YOffset>-0.48</YOffset>
            </Position>
            <Position>
                <Height>12.92</Height>
                <YOffset>-0.41</YOffset>
            </Position>
            <Position>
                <Height>13.28</Height>
                <YOffset>-0.41</YOffset>
            </Position>
            <Position>
                <Height>13.87</Height>
                <YOffset>-0.45</YOffset>
            </Position>
            <Position>
                <Height>14.5099993</Height>
                <YOffset>-0.41</YOffset>
            </Position>
            <Position>
                <Height>15.4</Height>
                <YOffset>-0.52</YOffset>
            </Position>
            <Position>
                <Height>16.23</Height>
                <YOffset>-0.56</YOffset>
            </Position>
            <Position>
                <Height>17.08</Height>
                <YOffset>-0.61</YOffset>
            </Position>
            <Position>
                <Height>17.49</Height>
                <YOffset>-0.25</YOffset>
            </Position>
            <Position>
                <Height>17.69</Height>
                <YOffset>0.37</YOffset>
            </Position>
            <Position>
                <Height>17.83</Height>
                <YOffset>1.09</YOffset>
            </Position>
            <Position>
                <Height>17.89</Height>
                <YOffset>1.87</YOffset>
            </Position>
            <Position>
                <Height>17.92</Height>
                <YOffset>2.63999987</YOffset>
            </Position>
            <Position>
                <Height>17.94</Height>
                <YOffset>3.40999985</YOffset>
            </Position>
            <Position>
                <Height>17.93</Height>
                <YOffset>4.2</YOffset>
            </Position>
            <Position>
                <Height>17.85</Height>
                <YOffset>4.99</YOffset>
            </Position>
            <Position>
                <Height>17.63</Height>
                <YOffset>5.85</YOffset>
            </Position>
            <Position>
                <Height>17.17</Height>
                <YOffset>6.85999966</YOffset>
            </Position>
            <Position>
                <Height>16.46</Height>
                <YOffset>7.99</YOffset>
            </Position>
            <Position>
                <Height>15.5199995</Height>
                <YOffset>9.21</YOffset>
            </Position>
            <Position>
                <Height>14.5</Height>
                <YOffset>10.38</YOffset>
            </Position>
            <Position>
                <Height>13.6799994</Height>
                <YOffset>11.29</YOffset>
            </Position>
            <Position>
                <Height>13.09</Height>
                <YOffset>11.96</YOffset>
            </Position>
            <Position>
                <Height>12.63</Height>
                <YOffset>12.54</YOffset>
            </Position>
            <Position>
                <Height>12.32</Height>
                <YOffset>12.9699993</YOffset>
            </Position>
            <Position>
                <Height>12.15</Height>
                <YOffset>13.25</YOffset>
            </Position>
            <Position>
                <Height>12.09</Height>
                <YOffset>13.37</YOffset>
            </Position>
            <Position>
                <Height>12.13</Height>
                <YOffset>13.28</YOffset>
            </Position>
            <Position>
                <Height>12.3</Height>
                <YOffset>12.95</YOffset>
            </Position>
            <Position>
                <Height>12.61</Height>
                <YOffset>12.38</YOffset>
            </Position>
            <Position>
                <Height>13.04</Height>
                <YOffset>11.61</YOffset>
            </Position>
            <Position>
                <Height>13.5499992</Height>
                <YOffset>10.7199993</YOffset>
            </Position>
            <Position>
                <Height>14.09</Height>
                <YOffset>9.7</YOffset>
            </Position>
            <Position>
                <Height>14.67</Height>
                <YOffset>8.5199995</YOffset>
            </Position>
            <Position>
                <Height>15.29</Height>
                <YOffset>7.2</YOffset>
            </Position>
            <Position>
                <Height>15.86</Height>
                <YOffset>5.83999968</YOffset>
            </Position>
            <Position>
                <Height>16.32</Height>
                <YOffset>4.52</YOffset>
            </Position>
            <Position>
                <Height>16.64</Height>
                <YOffset>3.3</YOffset>
            </Position>
            <Position>
                <Height>16.82</Height>
                <YOffset>2.2</YOffset>
            </Position>
            <Position>
                <Height>16.89</Height>
                <YOffset>1.24</YOffset>
            </Position>
            <Position>
                <Height>16.789999</Height>
                <YOffset>0.53</YOffset>
            </Position>
            <Position>
                <Height>16.44</Height>
                <YOffset>0.19</YOffset>
            </Position>
            <Position>
                <Height>16.02</Height>
                <YOffset>-0.04</YOffset>
            </Position>
            <Position>
                <Height>15.4299994</Height>
                <YOffset>-0.12</YOffset>
            </Position>
            <Position>
                <Height>14.7999992</Height>
                <YOffset>-0.0899999961</YOffset>
            </Position>
            <Position>
                <Height>14.1399994</Height>
                <YOffset>-0.049999997</YOffset>
            </Position>
            <Position>
                <Height>13.71</Height>
                <YOffset>-0.11</YOffset>
            </Position>
            <Position>
                <Height>13.44</Height>
                <YOffset>-0.22</YOffset>
            </Position>
            <Position>
                <Height>13.23</Height>
                <YOffset>-0.22</YOffset>
            </Position>
            <Position>
                <Height>13.42</Height>
                <YOffset>-0.359999985</YOffset>
            </Position>
            <Position>
                <Height>13.7599993</Height>
                <YOffset>-0.41</YOffset>
            </Position>
            <Position>
                <Height>14.11</Height>
                <YOffset>-0.329999983</YOffset>
            </Position>
            <Position>
                <Height>14.44</Height>
                <YOffset>-0.14</YOffset>
            </Position>
            <Position>
                <Height>14.71</Height>
                <YOffset>0.099999994</YOffset>
            </Position>
            <Position>
                <Height>14.92</Height>
                <YOffset>0.35</YOffset>
            </Position>
            <Position>
                <Height>15.12</Height>
                <YOffset>0.459999979</YOffset>
            </Position>
            <Position>
                <Height>15.37</Height>
                <YOffset>0.42</YOffset>
            </Position>
            <Position>
                <Height>15.65</Height>
                <YOffset>0.37</YOffset>
            </Position>
            <Position>
                <Height>15.94</Height>
                <YOffset>0.32</YOffset>
            </Position>
            <Position>
                <Height>16.21</Height>
                <YOffset>0.25</YOffset>
            </Position>
            <Position>
                <Height>16.4499989</Height>
                <YOffset>0.179999992</YOffset>
            </Position>
            <Position>
                <Height>16.64</Height>
                <YOffset>0.11</YOffset>
            </Position>
            <Position>
                <Height>16.7799988</Height>
                <YOffset>0.04</YOffset>
            </Position>
            <Position>
                <Height>16.88</Height>
                <YOffset>-0.03</YOffset>
            </Position>
            <Position>
                <Height>16.94</Height>
                <YOffset>-0.11</YOffset>
            </Position>
            <Position>
                <Height>16.98</Height>
                <YOffset>-0.179999992</YOffset>
            </Position>
            <Position>
                <Height>17</Height>
                <YOffset>-0.24</YOffset>
            </Position>
            <Position>
                <Height>17</Height>
                <YOffset>-0.299999982</YOffset>
            </Position>
            <Position>
                <Height>16.99</Height>
                <YOffset>-0.359999985</YOffset>
            </Position>
            <Position>
                <Height>16.97</Height>
                <YOffset>-0.399999976</YOffset>
            </Position>
            <Position>
                <Height>16.94</Height>
                <YOffset>-0.44</YOffset>
            </Position>
            <Position>
                <Height>16.9</Height>
                <YOffset>-0.47</YOffset>
            </Position>
            <Position>
                <Height>16.8599987</Height>
                <YOffset>-0.48</YOffset>
            </Position>
            <Position>
                <Height>16.81</Height>
                <YOffset>-0.48999998</YOffset>
            </Position>
        </Positions>
        <ThrowSource />
        <SelfDamage />
        <Attacks>
            <Attack>
                <Start>27</Start>
                <End>37</End>
                <Bones>RightThigh RightCalf RightFoot</Bones>
                <Flags />
                <Knockback>8</Knockback>
                <HitPoints>20</HitPoints>
                <HitType>KnockdownHead</HitType>
                <HitLength>10</HitLength>
                <StunLength>10</StunLength>
                <StaggerLength>0</StaggerLength>
                <Extents>
                    <Extent>
                        <Angle>350.189026</Angle>
                        <Length>10.55</Length>
                        <MinY>15.8899994</MinY>
                        <MaxY>17.65</MaxY>
                    </Extent>
                    <Extent>
                        <Angle>331.550476</Angle>
                        <Length>9.389999</Length>
                        <MinY>16.43</MinY>
                        <MaxY>18.49</MaxY>
                    </Extent>
                    <Extent>
                        <Angle>314.224762</Angle>
                        <Length>7.37999964</Length>
                        <MinY>16.8</MinY>
                        <MaxY>19.039999</MaxY>
                    </Extent>
                    <Extent>
                        <Angle>301.7551</Angle>
                        <Length>4.97</Length>
                        <MinY>16.99</MinY>
                        <MaxY>19.289999</MaxY>
                    </Extent>
                    <Extent>
                        <Angle>284.0174</Angle>
                        <Length>2.29</Length>
                        <MinY>17.08</MinY>
                        <MaxY>19.3850269</MaxY>
                    </Extent>
                    <Extent>
                        <Angle>343.558716</Angle>
                        <Length>0.71</Length>
                        <MinY>17.15</MinY>
                        <MaxY>19.32</MaxY>
                    </Extent>
                    <Extent>
                        <Angle>322.849152</Angle>
                        <Length>0.59</Length>
                        <MinY>17.1999989</MinY>
                        <MaxY>19.1199989</MaxY>
                    </Extent>
                    <Extent>
                        <Angle>303.057</Angle>
                        <Length>0.41</Length>
                        <MinY>17.23</MinY>
                        <MaxY>18.98</MaxY>
                    </Extent>
                    <Extent>
                        <Angle>285.467621</Angle>
                        <Length>0.199999988</Length>
                        <MinY>17.09</MinY>
                        <MaxY>18.8599987</MaxY>
                    </Extent>
                    <Extent>
                        <Angle>271.053345</Angle>
                        <Length>0.01</Length>
                        <MinY>16.43</MinY>
                        <MaxY>18.76</MaxY>
                    </Extent>
                    <Extent>
                        <Angle>259.479065</Angle>
                        <Length>0</Length>
                        <MinY>15.6701727</MinY>
                        <MaxY>18.6199989</MaxY>
                    </Extent>
                </Extents>
            </Attack>
        </Attacks>
        <AttackRing>
            <Length>21.0873737</Length>
            <Length>21.0873737</Length>
            <Length>21.0873737</Length>
            <Length>21.0873737</Length>
            <Length>21.0873737</Length>
            <Length>15.9780111</Length>
            <Length>12.5736589</Length>
            <Length>0</Length>
            <Length>0</Length>
            <Length>0</Length>
            <Length>0</Length>
            <Length>0</Length>
            <Length>0</Length>
            <Length>0</Length>
            <Length>0</Length>
            <Length>0</Length>
            <Length>0</Length>
            <Length>0</Length>
            <Length>0</Length>
            <Length>0</Length>
            <Length>0</Length>
            <Length>0</Length>
            <Length>0</Length>
            <Length>0</Length>
            <Length>0</Length>
            <Length>0</Length>
            <Length>0</Length>
            <Length>0</Length>
            <Length>0</Length>
            <Length>10.8433838</Length>
            <Length>13.6852026</Length>
            <Length>16.10675</Length>
            <Length>19.1317978</Length>
            <Length>19.2808132</Length>
            <Length>20.2378063</Length>
            <Length>21.0873737</Length>
        </AttackRing>
    </Animation>
</Oni>