﻿<?xml version="1.0" encoding="utf-8"?>
<Oni>
    <Animation>
        <Lookup>
            <Type>KickForward</Type>
            <AimingType>KickForward</AimingType>
            <FromState>SidestepRightStart</FromState>
            <ToState>Standing</ToState>
            <Varient>Combat</Varient>
            <FirstLevel>12</FirstLevel>
            <Shortcuts />
        </Lookup>
        <Flags>Attack Atomic DontAim</Flags>
        <Atomic>
            <Start>0</Start>
            <End>65535</End>
        </Atomic>
        <Invulnerable>
            <Start>0</Start>
            <End>19</End>
        </Invulnerable>
        <Overlay>
            <UsedBones />
            <ReplacedBones />
        </Overlay>
        <DirectAnimations>
            <Link />
            <Link />
        </DirectAnimations>
        <Pause>
            <Hard>0</Hard>
            <Soft>0</Soft>
        </Pause>
        <Interpolation>
            <End>0</End>
            <Max>65535</Max>
        </Interpolation>
        <FinalRotation>0</FinalRotation>
        <Direction>Forward</Direction>
        <Vocalization>65535</Vocalization>
        <ActionFrame>65535</ActionFrame>
        <Impact>konflash1</Impact>
        <Particles>
            <Particle>
                <Start>10</Start>
                <End>37</End>
                <Bone>LeftFoot</Bone>
                <Name>trail</Name>
            </Particle>
        </Particles>
        <MotionBlur>
            <MotionBlur>
                <Bones>LeftThigh LeftCalf LeftFoot</Bones>
                <Start>27</Start>
                <End>37</End>
                <Lifetime>6</Lifetime>
                <Alpha>127</Alpha>
                <Interval>1</Interval>
            </MotionBlur>
        </MotionBlur>
        <Footsteps>
            <Footstep>
                <Frame>75</Frame>
                <Type>Left</Type>
            </Footstep>
        </Footsteps>
        <Sounds>
            <Sound>
                <Name>TripleKick</Name>
                <Start>2</Start>
            </Sound>
        </Sounds>
        <Heights>
            <Height>7.614686</Height>
            <Height>7.345251</Height>
            <Height>7.066</Height>
            <Height>6.784294</Height>
            <Height>6.507497</Height>
            <Height>6.242969</Height>
            <Height>5.998072</Height>
            <Height>5.780168</Height>
            <Height>5.570985</Height>
            <Height>5.455322</Height>
            <Height>5.59514</Height>
            <Height>5.940125</Height>
            <Height>6.332005</Height>
            <Height>6.770801</Height>
            <Height>7.256537</Height>
            <Height>7.789238</Height>
            <Height>8.368928</Height>
            <Height>8.995626</Height>
            <Height>9.711597</Height>
            <Height>10.5309038</Height>
            <Height>11.4112778</Height>
            <Height>12.3104525</Height>
            <Height>13.1861639</Height>
            <Height>13.9961443</Height>
            <Height>14.6981258</Height>
            <Height>15.3086386</Height>
            <Height>15.8629789</Height>
            <Height>16.3470268</Height>
            <Height>16.746664</Height>
            <Height>17.0477772</Height>
            <Height>17.2362423</Height>
            <Height>17.35883</Height>
            <Height>17.4659958</Height>
            <Height>17.5491428</Height>
            <Height>17.5996857</Height>
            <Height>17.6090317</Height>
            <Height>17.5685883</Height>
            <Height>17.4697685</Height>
            <Height>17.303978</Height>
            <Height>17.0626278</Height>
            <Height>16.7371273</Height>
            <Height>16.3001957</Height>
            <Height>15.7455893</Height>
            <Height>15.0962629</Height>
            <Height>14.3751793</Height>
            <Height>13.6052971</Height>
            <Height>12.8095722</Height>
            <Height>12.0109673</Height>
            <Height>11.2324343</Height>
            <Height>10.4969406</Height>
            <Height>9.827442</Height>
            <Height>9.162602</Height>
            <Height>8.458228</Height>
            <Height>7.762985</Height>
            <Height>7.12554</Height>
            <Height>6.594566</Height>
            <Height>6.218728</Height>
            <Height>6.046694</Height>
            <Height>6.058591</Height>
            <Height>6.187031</Height>
            <Height>6.409404</Height>
            <Height>6.703104</Height>
            <Height>7.045523</Height>
            <Height>7.414055</Height>
            <Height>7.786087</Height>
            <Height>8.139011</Height>
            <Height>8.450225</Height>
            <Height>8.697117</Height>
            <Height>8.85708</Height>
            <Height>8.897033</Height>
            <Height>8.823045</Height>
            <Height>8.671229</Height>
            <Height>8.477704</Height>
            <Height>8.278584</Height>
            <Height>8.109986</Height>
        </Heights>
        <Velocities>
            <Velocity>-0.986580968 0.06483984</Velocity>
            <Velocity>-1.459213 0.098737</Velocity>
            <Velocity>-1.49681 0.09350014</Velocity>
            <Velocity>-1.50812793 0.0960378647</Velocity>
            <Velocity>-1.497272 0.103383064</Velocity>
            <Velocity>-1.468595 0.115298986</Velocity>
            <Velocity>-1.42364645 0.133794069</Velocity>
            <Velocity>-1.33078575 0.143239975</Velocity>
            <Velocity>-1.24551582 0.172977924</Velocity>
            <Velocity>-1.21360874 0.24979496</Velocity>
            <Velocity>-1.03835392 0.4421022</Velocity>
            <Velocity>-0.7296896 0.592246056</Velocity>
            <Velocity>-0.498758316 0.6755557</Velocity>
            <Velocity>-0.2791958 0.7760062</Velocity>
            <Velocity>0.09085274 0.870903969</Velocity>
            <Velocity>0.5190439 0.7649617</Velocity>
            <Velocity>0.6793289 0.625054359</Velocity>
            <Velocity>0.7681074 0.509614</Velocity>
            <Velocity>0.8001232 0.4127884</Velocity>
            <Velocity>0.7831478 0.364844322</Velocity>
            <Velocity>0.759332657 0.3815546</Velocity>
            <Velocity>0.76721096 0.441558838</Velocity>
            <Velocity>0.80580616 0.503931046</Velocity>
            <Velocity>0.835510254 0.5476093</Velocity>
            <Velocity>0.914456367 0.625464439</Velocity>
            <Velocity>0.974544048 0.7181349</Velocity>
            <Velocity>0.9472151 0.7866421</Velocity>
            <Velocity>0.874372 0.821768761</Velocity>
            <Velocity>0.7425759 0.7759876</Velocity>
            <Velocity>0.5141659 0.602794647</Velocity>
            <Velocity>0.352226019 0.4376335</Velocity>
            <Velocity>0.3195789 0.360628128</Velocity>
            <Velocity>0.2769761 0.2752781</Velocity>
            <Velocity>0.22439599 0.19669342</Velocity>
            <Velocity>0.164677978 0.13621521</Velocity>
            <Velocity>0.10698998 0.102098465</Velocity>
            <Velocity>0.06478 0.0973510742</Velocity>
            <Velocity>0.050293088 0.116168976</Velocity>
            <Velocity>0.07264602 0.1458931</Velocity>
            <Velocity>0.11658597 0.156000137</Velocity>
            <Velocity>0.161085963 0.143758774</Velocity>
            <Velocity>0.20955205 0.123186111</Velocity>
            <Velocity>0.257454932 0.09784126</Velocity>
            <Velocity>0.281987 0.052614212</Velocity>
            <Velocity>0.276042 -0.00458717346</Velocity>
            <Velocity>0.255258 -0.0505199432</Velocity>
            <Velocity>0.22562 -0.0829696655</Velocity>
            <Velocity>0.193083018 -0.101745605</Velocity>
            <Velocity>0.162736 -0.108556747</Velocity>
            <Velocity>0.13815701 -0.106388092</Velocity>
            <Velocity>0.11906898 -0.102046967</Velocity>
            <Velocity>0.102855027 -0.09826851</Velocity>
            <Velocity>0.09037399 -0.093421936</Velocity>
            <Velocity>0.0814260244 -0.0887031555</Velocity>
            <Velocity>0.08049691 -0.09728241</Velocity>
            <Velocity>0.07713807 -0.110424042</Velocity>
            <Velocity>0.05936396 -0.104951859</Velocity>
            <Velocity>0.0330640078 -0.111408234</Velocity>
            <Velocity>-0.0471110344 -0.104887009</Velocity>
            <Velocity>-0.09792292 -0.09098625</Velocity>
            <Velocity>-0.0885810852 -0.06962967</Velocity>
            <Velocity>-0.07803893 -0.04458618</Velocity>
            <Velocity>-0.0682130456 -0.0164070129</Velocity>
            <Velocity>-0.055574 0.0124473572</Velocity>
            <Velocity>-0.03371495 0.03473091</Velocity>
            <Velocity>-0.00757002831 0.0530719757</Velocity>
            <Velocity>0.00404202938 0.0709991455</Velocity>
            <Velocity>0.005387008 0.08787727</Velocity>
            <Velocity>-0.00990504 0.100982666</Velocity>
            <Velocity>-0.03630501 0.106733322</Velocity>
            <Velocity>-0.070575 0.102073669</Velocity>
            <Velocity>-0.108275 0.08550072</Velocity>
            <Velocity>-0.142049968 0.0311012268</Velocity>
            <Velocity>-0.164205015 -0.0194473267</Velocity>
            <Velocity>-0.199503 -0.0143413544</Velocity>
        </Velocities>
        <Rotations>
            <Bone>
                <EKey>5 -7.88830376 45.74777 103.064316</EKey>
                <EKey>2 -83.11833 85.22774 -166.192719</EKey>
                <EKey>1 -153.245132 75.0103 -91.27581</EKey>
                <EKey>1 -154.915085 73.25796 -88.85878</EKey>
                <EKey>1 -153.338516 74.78508 -91.34173</EKey>
                <EKey>3 -155.3875 72.53834 -90.7374649</EKey>
                <EKey>2 -166.764023 53.1471748 -85.70565</EKey>
                <EKey>1 -171.230026 35.59075 -86.09567</EKey>
                <EKey>1 -172.553909 23.6868839 -86.75487</EKey>
                <EKey>1 -173.240555 8.937514 -87.47448</EKey>
                <EKey>1 -173.163651 -9.723049 -89.05653</EKey>
                <EKey>2 -172.998856 -32.173954 -91.71526</EKey>
                <EKey>1 173.559174 -83.27764 -109.557335</EKey>
                <EKey>1 13.9089041 -70.1158142 90.23758</EKey>
                <EKey>1 9.64065 -45.2149239 87.02403</EKey>
                <EKey>1 6.64683 -23.038681 87.1284</EKey>
                <EKey>1 1.2249943 -3.7958343 89.26528</EKey>
                <EKey>2 -8.552987 13.02449 94.54429</EKey>
                <EKey>1 -41.25429 36.530098 118.654152</EKey>
                <EKey>1 -62.2659645 42.2925148 137.100479</EKey>
                <EKey>2 -83.34356 45.1545 157.84848</EKey>
                <EKey>3 -121.658958 39.9414063 -159.639282</EKey>
                <EKey>3 -150.866562 10.5305557 -117.302818</EKey>
                <EKey>2 -157.711151 -25.3073921 -89.40261</EKey>
                <EKey>3 -153.854889 -49.14809 -72.1647949</EKey>
                <EKey>3 -92.64912 -78.69077 3.43877316</EKey>
                <EKey>2 -12.3653011 -54.6028824 95.98352</EKey>
                <EKey>2 -7.756466 -33.9867249 107.338066</EKey>
                <EKey>4 -7.72350645 -16.3863583 112.430305</EKey>
                <EKey>4 -8.827649 12.9970245 115.967957</EKey>
                <EKey>3 -7.06981 37.3705635 114.792404</EKey>
                <EKey>3 -3.65301 51.02678 110.458229</EKey>
                <EKey>2 -0.247196153 59.77203 104.805679</EKey>
                <EKey>3 -0.159304187 60.8102531 101.63607</EKey>
                <EKey>5 -3.64751649 54.1194763 97.64248</EKey>
                <EKey>1 -11.3600368 38.0956726 91.83063</EKey>
            </Bone>
            <Bone>
                <EKey>5 -171.861755 -22.4728775 -119.928589</EKey>
                <EKey>2 -152.937515 -7.43785763 -85.0684357</EKey>
                <EKey>1 -148.114441 -1.45021749 -74.85649</EKey>
                <EKey>1 -145.582062 -1.10414279 -71.32433</EKey>
                <EKey>1 -142.8629 -3.389334 -69.57198</EKey>
                <EKey>3 -141.028152 -6.3007555 -69.98947</EKey>
                <EKey>2 -137.9849 -15.0789652 -79.78943</EKey>
                <EKey>2 -138.4573 -21.5555038 -87.8535156</EKey>
                <EKey>1 -142.96727 -27.2410164 -93.23689</EKey>
                <EKey>2 -149.9437 -28.8670177 -92.264595</EKey>
                <EKey>1 -170.367584 -32.61341 -85.24971</EKey>
                <EKey>1 -174.289764 -36.21149 -85.68917</EKey>
                <EKey>1 -170.384064 -41.58938 -89.86954</EKey>
                <EKey>2 -161.56192 -48.8844147 -95.0222</EKey>
                <EKey>1 -140.88533 -64.2325439 -105.228653</EKey>
                <EKey>1 -138.655075 -69.09956 -113.704735</EKey>
                <EKey>2 -150.959946 -68.297554 -131.794</EKey>
                <EKey>1 -172.894485 -52.2737465 -157.980316</EKey>
                <EKey>1 -176.981461 -47.20348 -163.14946</EKey>
                <EKey>2 179.870911 -46.9782562 -167.769287</EKey>
                <EKey>2 171.927673 -51.2520027 -178.0856</EKey>
                <EKey>2 163.753723 -56.30579 173.844818</EKey>
                <EKey>3 162.589157 -57.89334 176.87709</EKey>
                <EKey>4 169.406265 -57.508812 -164.357971</EKey>
                <EKey>4 -177.788971 -50.43351 -132.980545</EKey>
                <EKey>4 -171.3289 -33.717556 -107.530327</EKey>
                <EKey>1 -172.707718 -14.9526205 -88.0622559</EKey>
                <EKey>1 -173.471268 -11.56878 -84.1730347</EKey>
                <EKey>2 -172.740677 -10.816205 -82.091095</EKey>
                <EKey>3 -168.609756 -13.7935457 -82.12955</EKey>
                <EKey>3 -168.521866 -12.1016254 -83.18974</EKey>
                <EKey>11 -166.313568 -13.5902948 -90.3913956</EKey>
                <EKey>1 -164.791946 -5.630579 -133.2552</EKey>
                <EKey>1 -164.478821 -5.119707 -136.172119</EKey>
            </Bone>
            <Bone>
                <EKey>6 0 0 -70.96727</EKey>
                <EKey>1 0 0 -76.6363</EKey>
                <EKey>1 0 0 -79.2181244</EKey>
                <EKey>2 0 0 -85.1783</EKey>
                <EKey>5 0 0 -101.8613</EKey>
                <EKey>2 0 0 -130.426178</EKey>
                <EKey>1 0 0 -136.952164</EKey>
                <EKey>1 0 0 -138.32547</EKey>
                <EKey>1 0 0 -137.534454</EKey>
                <EKey>1 0 0 -132.870682</EKey>
                <EKey>1 0 0 -122.609291</EKey>
                <EKey>3 0 0 -104.607918</EKey>
                <EKey>1 0 0 -31.3225</EKey>
                <EKey>1 0 0 -14.3208971</EKey>
                <EKey>1 0 0 -7.03135729</EKey>
                <EKey>2 0 0 -6.99290466</EKey>
                <EKey>4 0 0 -11.261158</EKey>
                <EKey>2 0 0 -4.746166</EKey>
                <EKey>3 0 0 -6.5479517</EKey>
                <EKey>6 0 0 -20.16022</EKey>
                <EKey>6 0 0 -60.672924</EKey>
                <EKey>2 0 0 -109.485924</EKey>
                <EKey>1 0 0 -121.829254</EKey>
                <EKey>2 0 0 -122.31266</EKey>
                <EKey>2 0 0 -113.622337</EKey>
                <EKey>1 0 0 -113.259789</EKey>
                <EKey>3 0 0 -111.551384</EKey>
                <EKey>9 0 0 -92.69306</EKey>
                <EKey>3 0 0 -60.118103</EKey>
                <EKey>1 0 0 -51.99359</EKey>
            </Bone>
            <Bone>
                <EKey>6 10.3163195 -11.843442 -5.3559165</EKey>
                <EKey>2 23.9560547 -6.39414072 -11.2336922</EKey>
                <EKey>6 25.9501038 -6.0810256 -11.4314489</EKey>
                <EKey>2 18.8253613 -5.916228 -3.66948962</EKey>
                <EKey>1 16.25452 -9.256123 -1.10963607</EKey>
                <EKey>1 14.6340122 -12.8816662 -0.08239872</EKey>
                <EKey>1 9.525291 -21.4071865 0.8459602</EKey>
                <EKey>1 -1.43923092 -33.20119 -0.5163653</EKey>
                <EKey>1 -16.3753719 -40.3973465 -6.14694452</EKey>
                <EKey>1 -25.8292522 -39.08995 -11.706111</EKey>
                <EKey>1 -23.7308311 -32.65736 -14.5680933</EKey>
                <EKey>1 -16.0622559 -27.5651188 -17.38613</EKey>
                <EKey>1 -8.514534 -26.850996 -19.9295025</EKey>
                <EKey>1 -4.83405828 -27.9111919 -21.5555038</EKey>
                <EKey>1 -5.015335 -26.85649 -23.3353176</EKey>
                <EKey>2 -6.74570847 -21.5939579 -26.3456173</EKey>
                <EKey>1 -11.99176 -6.4271 -32.23438</EKey>
                <EKey>1 -13.3650723 -2.34012365 -33.52529</EKey>
                <EKey>2 -11.3600368 -1.33485925 -34.47013</EKey>
                <EKey>2 -3.29045558 -2.87296867 -35.34905</EKey>
                <EKey>2 4.345159 -6.0206 -33.16274</EKey>
                <EKey>5 6.157931 -7.976196 -29.4328213</EKey>
                <EKey>2 -2.4719615 -13.3760586 -16.6775</EKey>
                <EKey>3 -2.526894 -15.0514994 -13.2222481</EKey>
                <EKey>3 2.900435 -14.0297546 -12.293889</EKey>
                <EKey>3 4.850538 -11.1403065 -15.3426409</EKey>
                <EKey>2 1.63698792 -11.1952391 -18.2265968</EKey>
                <EKey>1 3.23002982 -13.0025177 -21.5664921</EKey>
                <EKey>1 4.2298007 -13.4859238 -20.0228882</EKey>
                <EKey>1 4.032044 -12.4147406 -11.3929958</EKey>
                <EKey>1 3.20805669 -10.6074619 0.455939561</EKey>
                <EKey>1 2.35111 -9.311055 7.34447241</EKey>
                <EKey>1 2.0050354 -8.926528 3.95513844</EKey>
                <EKey>1 1.85671782 -8.99794 -4.37811852</EKey>
                <EKey>6 1.47768366 -9.228657 -9.87686</EKey>
                <EKey>6 -2.241245 -10.3822384 -14.9910736</EKey>
                <EKey>1 -4.2023344 -11.6951246 -16.2270546</EKey>
            </Bone>
            <Bone>
                <EKey>6 150.33371 18.5452042 -113.138931</EKey>
                <EKey>1 134.254974 41.0070953 -95.81323</EKey>
                <EKey>1 130.761276 43.24834 -90.85283</EKey>
                <EKey>1 132.4477 37.7441063 -79.70702</EKey>
                <EKey>1 137.457535 34.7283134 -76.4385452</EKey>
                <EKey>1 142.060883 30.94896 -75.66949</EKey>
                <EKey>1 141.764252 20.4129086 -80.6903152</EKey>
                <EKey>1 142.417938 12.2664223 -93.92355</EKey>
                <EKey>1 141.819183 5.88326836 -109.963837</EKey>
                <EKey>1 139.380173 3.301442 -130.283356</EKey>
                <EKey>1 139.23735 2.09292746 -150.883041</EKey>
                <EKey>1 146.038 -3.70794225 -169.560089</EKey>
                <EKey>3 151.355453 -9.706569 179.513855</EKey>
                <EKey>2 151.525757 -12.8102541 172.1419</EKey>
                <EKey>1 150.7567 -12.4257269 172.284729</EKey>
                <EKey>1 150.82811 -11.4204626 174.806137</EKey>
                <EKey>1 151.410385 -9.794461 179.343552</EKey>
                <EKey>1 152.558487 -6.30624866 -172.345154</EKey>
                <EKey>2 153.322037 -0.5493248 -160.056763</EKey>
                <EKey>1 150.350189 11.75555 -130.6679</EKey>
                <EKey>1 147.383835 15.2162962 -117.143509</EKey>
                <EKey>1 145.417252 15.7436485 -107.607231</EKey>
                <EKey>1 145.637 13.05745 -102.800644</EKey>
                <EKey>3 147.642029 7.910277 -100.949417</EKey>
                <EKey>1 156.046692 -10.4756241 -102.135956</EKey>
                <EKey>1 157.551849 -13.5408564 -102.135956</EKey>
                <EKey>3 157.612274 -13.2057676 -101.641563</EKey>
                <EKey>1 153.6846 -2.592813 -102.602882</EKey>
                <EKey>2 153.4319 -0.62623024 -104.99794</EKey>
                <EKey>4 155.277634 -0.9777981 -114.534218</EKey>
                <EKey>1 159.793091 -7.52025652 -137.781647</EKey>
                <EKey>1 160.496216 -9.058366 -141.149</EKey>
                <EKey>2 161.281754 -10.0361643 -136.743423</EKey>
                <EKey>2 161.968414 -8.76173 -117.011673</EKey>
                <EKey>1 160.249023 -4.746166 -99.0927</EKey>
                <EKey>1 159.013046 -2.66422534 -93.92355</EKey>
                <EKey>2 158.095673 -0.686656 -93.0336456</EKey>
                <EKey>3 157.051956 2.548867 -96.47791</EKey>
                <EKey>5 157.727631 0.8294804 -111.68322</EKey>
                <EKey>5 156.579544 0.269169152 -130.926071</EKey>
                <EKey>2 157.0959 11.3051043 -147.306931</EKey>
                <EKey>2 158.4747 16.40833 -153.085831</EKey>
                <EKey>1 160.056763 21.3028145 -149.086746</EKey>
            </Bone>
            <Bone>
                <EKey>5 0 0 -67.2868</EKey>
                <EKey>2 0 0 -55.94873</EKey>
                <EKey>1 0 0 -55.1302376</EKey>
                <EKey>2 0 0 -74.20828</EKey>
                <EKey>1 0 0 -99.5101852</EKey>
                <EKey>1 0 0 -106.937057</EKey>
                <EKey>1 0 0 -108.81575</EKey>
                <EKey>1 0 0 -105.47036</EKey>
                <EKey>1 0 0 -91.8251343</EKey>
                <EKey>1 0 0 -73.03822</EKey>
                <EKey>1 0 0 -48.241703</EKey>
                <EKey>2 0 0 -30.44358</EKey>
                <EKey>2 0 0 -22.68162</EKey>
                <EKey>1 0 0 -19.9459839</EKey>
                <EKey>1 0 0 -21.1654835</EKey>
                <EKey>1 0 0 -24.4889</EKey>
                <EKey>1 0 0 -30.1908913</EKey>
                <EKey>1 0 0 -40.5951</EKey>
                <EKey>2 0 0 -56.18494</EKey>
                <EKey>1 0 0 -93.09956</EKey>
                <EKey>1 0 0 -109.524376</EKey>
                <EKey>1 0 0 -121.323875</EKey>
                <EKey>1 0 0 -128.470581</EKey>
                <EKey>2 0 0 -132.925613</EKey>
                <EKey>3 0 0 -135.82605</EKey>
                <EKey>2 0 0 -132.019226</EKey>
                <EKey>2 0 0 -122.779587</EKey>
                <EKey>1 0 0 -107.118332</EKey>
                <EKey>4 0 0 -96.31861</EKey>
                <EKey>1 0 0 -41.6662865</EKey>
                <EKey>1 0 0 -30.1139851</EKey>
                <EKey>1 0 0 -21.3962</EKey>
                <EKey>3 0 0 -27.4772263</EKey>
                <EKey>1 0 0 -80.1300049</EKey>
                <EKey>1 0 0 -95.64843</EKey>
                <EKey>1 0 0 -107.491875</EKey>
                <EKey>2 0 0 -114.495766</EKey>
                <EKey>1 0 0 -122.208282</EKey>
                <EKey>2 0 0 -122.625771</EKey>
                <EKey>4 0 0 -115.676811</EKey>
                <EKey>2 0 0 -95.0991058</EKey>
                <EKey>4 0 0 -82.29984</EKey>
                <EKey>2 0 0 -71.3518</EKey>
                <EKey>2 0 0 -68.03937</EKey>
                <EKey>1 0 0 -78.07004</EKey>
            </Bone>
            <Bone>
                <EKey>4 -9.569238 6.20737028 14.7164106</EKey>
                <EKey>3 -12.9915314 27.2574959 11.7830172</EKey>
                <EKey>1 -12.9201193 41.1609077 10.6569014</EKey>
                <EKey>2 -20.0997944 33.783474 17.9409485</EKey>
                <EKey>1 -16.96315 20.978714 27.7958336</EKey>
                <EKey>1 -14.7054243 8.921035 33.6626244</EKey>
                <EKey>1 -8.333257 0.6976425 43.0505829</EKey>
                <EKey>1 -0.2966354 -2.29068446 51.75189</EKey>
                <EKey>1 7.399405 1.43373775 55.4049</EKey>
                <EKey>1 14.9800873 8.036622 51.80682</EKey>
                <EKey>1 29.0098419 12.2389565 35.7335777</EKey>
                <EKey>2 38.645 9.393454 21.4786</EKey>
                <EKey>3 32.0091553 1.87869072 6.36667442</EKey>
                <EKey>1 12.4696732 -3.72991538 -15.5678644</EKey>
                <EKey>1 7.163195 -3.09819174 -20.9127941</EKey>
                <EKey>1 3.89471269 -1.4447242 -24.3955135</EKey>
                <EKey>2 2.62577248 1.75783932 -24.6976433</EKey>
                <EKey>1 -0.1153582 9.931792 -17.4795151</EKey>
                <EKey>1 -2.42252231 11.99176 -13.10689</EKey>
                <EKey>1 -4.07598972 11.9588 -10.1405354</EKey>
                <EKey>1 -4.054017 10.6239414 -9.810941</EKey>
                <EKey>1 -1.373312 8.827649 -12.5520716</EKey>
                <EKey>2 3.85626 7.2071414 -17.3257046</EKey>
                <EKey>1 16.8422985 5.383383 -29.31197</EKey>
                <EKey>1 22.17624 4.81757832 -34.84367</EKey>
                <EKey>1 25.1920357 4.191348 -38.9910736</EKey>
                <EKey>2 24.94484 3.27397585 -41.6058578</EKey>
                <EKey>2 18.0508118 1.93362331 -44.60517</EKey>
                <EKey>4 12.085145 3.47173262 -46.8848724</EKey>
                <EKey>2 11.2446785 4.93843 -54.2623024</EKey>
                <EKey>1 10.0856028 4.07049656 -54.40513</EKey>
                <EKey>1 9.052873 3.86175323 -52.17487</EKey>
                <EKey>1 8.410163 4.31769276 -37.8649559</EKey>
                <EKey>1 8.476082 4.581369 -17.9409485</EKey>
                <EKey>2 9.668117 3.84527349 -5.163653</EKey>
                <EKey>2 13.1453419 3.702449 14.2549782</EKey>
                <EKey>2 13.5793085 6.174411 27.8947124</EKey>
                <EKey>1 11.4424353 9.195697 38.9910736</EKey>
                <EKey>1 11.8928814 9.250629 45.3247871</EKey>
                <EKey>2 13.07393 9.431907 47.3957443</EKey>
                <EKey>4 15.4799728 11.810483 36.8926544</EKey>
                <EKey>1 22.6926079 14.5351343 6.7292285</EKey>
                <EKey>2 23.005722 13.8155184 2.016022</EKey>
                <EKey>4 17.990387 10.816205 7.30602</EKey>
                <EKey>2 9.514305 3.77386141 24.6152439</EKey>
                <EKey>1 5.031815 2.06546116 29.4547958</EKey>
            </Bone>
            <Bone>
                <EKey>7 -5.734951 -3.09269857 25.6699467</EKey>
                <EKey>2 -19.808651 3.587091 11.843442</EKey>
                <EKey>1 -26.1203938 3.78484774 11.5632868</EKey>
                <EKey>1 -24.5987644 3.58159757 11.8489361</EKey>
                <EKey>4 -17.9739075 3.504692 12.0027466</EKey>
                <EKey>1 19.9514771 3.42229342 13.2277412</EKey>
                <EKey>1 27.93866 3.53765154 12.8047609</EKey>
                <EKey>2 33.5692368 3.5761044 11.777523</EKey>
                <EKey>2 38.91417 4.31219959 6.855573</EKey>
                <EKey>2 39.35912 5.273518 -0.192263678</EKey>
                <EKey>1 36.1840248 4.828565 -5.88876152</EKey>
                <EKey>1 33.55825 3.43328 -7.229114</EKey>
                <EKey>2 29.1966133 0.16479744 -7.2071414</EKey>
                <EKey>2 15.0679789 -11.2666512 -5.75692368</EKey>
                <EKey>1 0.532845 -21.6379032 -5.66903162</EKey>
                <EKey>2 -4.097963 -23.4177151 -5.652552</EKey>
                <EKey>3 -9.052873 -20.6985588 -3.88921952</EKey>
                <EKey>3 -12.8102541 -10.2943468 1.65896082</EKey>
                <EKey>3 -13.1013966 -0.4943923 6.97093153</EKey>
                <EKey>5 -9.102312 2.30716419 8.827649</EKey>
                <EKey>6 4.39459848 2.30167079 8.300298</EKey>
                <EKey>3 21.7312889 -1.0272373 8.52552</EKey>
                <EKey>4 26.91142 -2.13138 11.2996111</EKey>
                <EKey>3 27.71893 -4.2298007 22.1652546</EKey>
                <EKey>2 26.1863117 -5.712978 28.6967278</EKey>
                <EKey>3 25.1920357 -5.74593735 28.5868626</EKey>
                <EKey>4 23.7857628 -3.91668582 22.10483</EKey>
                <EKey>1 19.1879158 -1.09315634 10.7173262</EKey>
                <EKey>1 16.96315 -0.7580682 8.805676</EKey>
                <EKey>1 10.3932247 -1.64797437 8.382696</EKey>
                <EKey>1 0.455939561 -3.68047619 8.992447</EKey>
            </Bone>
            <Bone>
                <EKey>7 0.02746624 -0.867933154 10.9040966</EKey>
                <EKey>2 -16.2105751 -6.256809 1.07667661</EKey>
                <EKey>1 -22.6047153 -6.328222 0.8349737</EKey>
                <EKey>2 -21.0006866 -6.251316 1.07667661</EKey>
                <EKey>3 -5.723964 -6.43808651 1.51613641</EKey>
                <EKey>1 23.5715275 -6.4271 2.20828557</EKey>
                <EKey>1 31.5477219 -6.333715 1.884184</EKey>
                <EKey>2 37.1673164 -6.295262 1.08216989</EKey>
                <EKey>2 42.7264824 -6.092012 -2.77958345</EKey>
                <EKey>2 43.3911667 -5.866789 -8.300298</EKey>
                <EKey>1 40.0622559 -5.921721 -12.8322268</EKey>
                <EKey>1 37.1673164 -6.245823 -13.91989</EKey>
                <EKey>2 32.25086 -7.174182 -13.9253836</EKey>
                <EKey>2 16.1391621 -10.7997255 -12.0906382</EKey>
                <EKey>1 -0.142824441 -14.3923092 -9.992218</EKey>
                <EKey>3 -5.22407866 -14.9581137 -9.025406</EKey>
                <EKey>3 -12.876173 -12.222477 -4.652781</EKey>
                <EKey>3 -15.9578848 -7.388418 0.9777981</EKey>
                <EKey>4 -15.0185394 -4.169375 4.9274435</EKey>
                <EKey>9 -7.838865 -3.24101615 6.21286345</EKey>
                <EKey>3 16.3808651 -4.010071 6.20187664</EKey>
                <EKey>4 21.044632 -3.73540854 8.624399</EKey>
                <EKey>3 21.011673 -2.51590753 18.1002522</EKey>
                <EKey>3 18.6935234 -1.87319756 23.9066143</EKey>
                <EKey>7 16.49073 -1.37880516 22.8189526</EKey>
                <EKey>2 9.096819 -0.0494392328 7.646601</EKey>
                <EKey>1 4.542916 -3.081712 6.383154</EKey>
            </Bone>
            <Bone>
                <EKey>51 0 -0.0109864958 18.8693066</EKey>
                <EKey>23 0 -0.0109864958 19.9954224</EKey>
                <EKey>1 0 -0.0109864958 19.9954224</EKey>
            </Bone>
            <Bone>
                <EKey>3 25.922636 -34.5635147 -33.28908</EKey>
                <EKey>2 19.5230026 -14.353857 -23.4287014</EKey>
                <EKey>2 12.085145 -4.83405828 -15.5349054</EKey>
                <EKey>1 5.3559165 -0.241702914 -8.536508</EKey>
                <EKey>1 5.96566725 -1.58754861 -7.03685045</EKey>
                <EKey>1 10.2943468 -4.746166 -7.311513</EKey>
                <EKey>1 14.4417486 -5.268025 -7.88830376</EKey>
                <EKey>1 17.3751431 -1.95559621 -9.695582</EKey>
                <EKey>1 20.4074154 1.906157 -14.3044176</EKey>
                <EKey>1 22.9727631 4.054017 -21.3083076</EKey>
                <EKey>1 24.1922646 3.279469 -28.8285656</EKey>
                <EKey>1 23.6319523 0.0769054741 -34.60746</EKey>
                <EKey>1 21.9949646 -3.90569925 -37.2497139</EKey>
                <EKey>1 20.704052 -6.872053 -36.43122</EKey>
                <EKey>1 19.9679565 -8.014648 -31.8443584</EKey>
                <EKey>2 19.5065231 -7.624628 -24.0054932</EKey>
                <EKey>1 20.1052876 -4.29022646 -3.88921952</EKey>
                <EKey>1 21.5005722 -2.31815052 5.97116041</EKey>
                <EKey>1 24.0439453 -0.3790341 14.0187683</EKey>
                <EKey>1 28.152895 1.58754861 18.918745</EKey>
                <EKey>1 35.7171 3.76287484 19.638361</EKey>
                <EKey>2 47.1815071 5.58114 17.166399</EKey>
                <EKey>1 73.6699448 5.66903162 10.29984</EKey>
                <EKey>1 83.89288 4.795605 9.245136</EKey>
                <EKey>1 88.72694 4.696727 10.9095907</EKey>
                <EKey>1 88.44129 5.482261 14.8482494</EKey>
                <EKey>1 85.24422 6.22385 19.9459839</EKey>
                <EKey>2 79.52575 6.21286345 25.3788052</EKey>
                <EKey>2 63.42504 2.77409029 33.7120628</EKey>
                <EKey>1 46.47837 -2.861982 35.33257</EKey>
                <EKey>2 39.4360275 -5.00434875 34.091095</EKey>
                <EKey>5 30.44358 -6.82261372 30.7896538</EKey>
                <EKey>7 15.8699932 -7.333486 24.6152439</EKey>
                <EKey>2 -1.80178535 -5.542687 17.8091087</EKey>
                <EKey>2 -8.415656 -4.108949 14.9745941</EKey>
                <EKey>3 -17.853056 0.785534441 9.90982</EKey>
                <EKey>2 -31.1247425 18.0398254 0.9283589</EKey>
                <EKey>1 -33.8384056 30.1139851 -3.88372636</EKey>
                <EKey>1 -33.1737251 33.8054466 -6.2623024</EKey>
                <EKey>2 -31.4982834 34.81071 -8.624399</EKey>
                <EKey>2 -27.3069344 29.8667889 -11.5138474</EKey>
                <EKey>2 -21.8411541 19.48455 -11.5303268</EKey>
                <EKey>2 -13.1343555 7.05882359 -9.311055</EKey>
                <EKey>1 -0.1483177 -4.13641548 -5.740444</EKey>
                <EKey>1 7.75097275 -8.662852 -4.09246969</EKey>
                <EKey>1 20.61616 -13.8429842 -3.812314</EKey>
                <EKey>1 36.9146271 -19.6768131 -4.251774</EKey>
            </Bone>
            <Bone>
                <EKey>9 65.05653 68.44587 118.445412</EKey>
                <EKey>4 63.2986946 70.75853 97.40627</EKey>
                <EKey>3 59.6566734 70.9068451 99.09819</EKey>
                <EKey>2 59.6951256 70.8189545 99.5431442</EKey>
                <EKey>5 70.24765 71.08812 89.63882</EKey>
                <EKey>2 115.48455 63.9029541 47.45617</EKey>
                <EKey>4 117.105057 63.1558723 45.78622</EKey>
                <EKey>3 92.7534943 69.57748 67.2813</EKey>
                <EKey>10 86.99107 70.2037048 77.70199</EKey>
                <EKey>3 96.31861 70.22568 94.32456</EKey>
                <EKey>5 95.3463058 70.34104 99.59258</EKey>
                <EKey>7 83.99725 69.35226 108.865189</EKey>
                <EKey>8 72.25269 67.70428 117.451134</EKey>
                <EKey>9 59.04692 64.71595 127.525749</EKey>
                <EKey>1 41.6662865 58.332798 139.4406</EKey>
            </Bone>
            <Bone>
                <EKey>2 -45.0006866 43.8306236 6.36118126</EKey>
                <EKey>2 -27.8342876 33.3110542 -7.91577</EKey>
                <EKey>2 -12.7772942 23.5001144 -17.4465561</EKey>
                <EKey>1 0.0109864958 16.3094521 -22.7365532</EKey>
                <EKey>1 5.333944 14.0407419 -23.8516827</EKey>
                <EKey>1 8.448615 13.7056532 -20.7479973</EKey>
                <EKey>1 9.085832 15.348135 -14.5626</EKey>
                <EKey>2 9.195697 16.40833 -11.4479284</EKey>
                <EKey>3 9.102312 15.3261614 -15.3646145</EKey>
                <EKey>2 8.99794 17.0016022 -26.8894482</EKey>
                <EKey>3 11.3600368 18.3639278 -31.6136417</EKey>
                <EKey>3 15.348135 13.1398487 -33.4923325</EKey>
                <EKey>1 20.8908215 4.790112 -35.9313354</EKey>
                <EKey>1 23.0716419 3.3783474 -34.38224</EKey>
                <EKey>1 26.1094074 3.43328 -28.8010979</EKey>
                <EKey>1 29.0318146 5.778897 -18.9626923</EKey>
                <EKey>1 28.51545 9.959258 -6.99290466</EKey>
                <EKey>1 23.3023567 13.425498 4.75715256</EKey>
                <EKey>1 15.6392765 14.17258 13.5518427</EKey>
                <EKey>1 9.250629 12.876173 17.14992</EKey>
                <EKey>2 4.15838861 11.78851 16.6720066</EKey>
                <EKey>4 -7.37193871 12.3323412 10.4975967</EKey>
                <EKey>2 -28.93843 19.4790573 -9.723049</EKey>
                <EKey>3 -34.3273048 21.69833 -20.9567413</EKey>
                <EKey>2 -35.28313 23.1705189 -38.39231</EKey>
                <EKey>1 -32.6353874 24.6701756 -47.73083</EKey>
                <EKey>1 -30.1963844 24.2636757 -49.45022</EKey>
                <EKey>1 -27.23003 22.0498962 -47.2803841</EKey>
                <EKey>4 -23.7143517 18.5616837 -42.1496925</EKey>
                <EKey>1 -6.06454563 4.251774 -9.448386</EKey>
                <EKey>1 -2.31815052 2.92240787 -3.07621884</EKey>
                <EKey>1 0.31311512 2.64774537 0.258182645</EKey>
                <EKey>1 2.46097517 3.55413127 0.9008927</EKey>
                <EKey>2 4.191348 5.91073465 0.170290679</EKey>
                <EKey>2 5.00434875 13.6891737 -5.119707</EKey>
                <EKey>2 3.922179 22.3135738 -14.5131607</EKey>
                <EKey>2 1.80727851 28.8615246 -24.961319</EKey>
                <EKey>3 -0.725108743 32.2179 -32.7837029</EKey>
                <EKey>3 1.74685287 33.25063 -43.8196373</EKey>
                <EKey>2 5.28450441 34.4097061 -51.19707</EKey>
                <EKey>1 3.5980773 35.9258423 -52.5923538</EKey>
                <EKey>1 0.5932708 36.5026321 -52.0814819</EKey>
                <EKey>1 -9.690089 35.6566734 -46.1927223</EKey>
                <EKey>1 -24.45594 31.3609524 -37.875946</EKey>
            </Bone>
            <Bone>
                <EKey>7 0 0 -96.1647949</EKey>
                <EKey>3 0 0 -71.0276947</EKey>
                <EKey>23 0 0 -65.28176</EKey>
                <EKey>12 0 0 -64.3753738</EKey>
                <EKey>8 0 0 -58.2284279</EKey>
                <EKey>12 0 0 -47.69238</EKey>
                <EKey>9 0 0 -46.522316</EKey>
                <EKey>1 0 0 -47.1979866</EKey>
            </Bone>
            <Bone>
                <EKey>8 -88.93019 7.03135729 8.849623</EKey>
                <EKey>24 -90.01236 -0.31311512 7.849851</EKey>
                <EKey>29 -90.45182 0.4943923 8.250858</EKey>
                <EKey>8 -99.96063 8.327764 15.073472</EKey>
                <EKey>5 -94.21469 11.6127262 18.41886</EKey>
                <EKey>1 -89.90799 13.8155184 20.29755</EKey>
            </Bone>
            <Bone>
                <EKey>7 -39.210804 -58.55802 141.753265</EKey>
                <EKey>24 -66.21561 -67.42962 117.209427</EKey>
                <EKey>4 -65.3586655 -67.25933 117.994965</EKey>
                <EKey>4 -60.980545 -66.26505 121.994049</EKey>
                <EKey>10 -72.29664 -68.43488 111.82605</EKey>
                <EKey>5 -122.18631 -67.95697 65.3312</EKey>
                <EKey>5 -119.681389 -67.46807 63.38659</EKey>
                <EKey>6 -107.854431 -68.64912 69.9675</EKey>
                <EKey>9 -77.691 -69.659874 99.85626</EKey>
                <EKey>1 -42.0727844 -58.99199 138.4628</EKey>
            </Bone>
            <Bone>
                <EKey>5 0.510872066 -16.3698788 -31.5861759</EKey>
                <EKey>2 10.9315634 -31.7509727 -17.35317</EKey>
                <EKey>1 15.1338978 -35.09636 -12.0686655</EKey>
                <EKey>1 14.2934313 -35.4039841 -12.392767</EKey>
                <EKey>1 11.8214693 -34.08011 -14.2934313</EKey>
                <EKey>2 12.5081253 -31.8223858 -12.66743</EKey>
                <EKey>2 21.3522549 -24.9503326 -0.324101627</EKey>
                <EKey>2 27.3398952 -14.09018 12.8596935</EKey>
                <EKey>2 26.2742043 -4.570382 24.0054932</EKey>
                <EKey>3 20.017395 -1.41176474 31.59167</EKey>
                <EKey>1 4.44403744 -3.23002982 39.5019455</EKey>
                <EKey>1 -0.3076219 -5.031815 39.72717</EKey>
                <EKey>1 -3.99359131 -7.399405 37.9913025</EKey>
                <EKey>1 -6.185397 -10.5305557 33.8823547</EKey>
                <EKey>1 -6.83360052 -15.9688721 25.3788052</EKey>
                <EKey>2 -7.844358 -24.17029 11.8654156</EKey>
                <EKey>1 -19.26482 -40.86427 -25.7743187</EKey>
                <EKey>1 -28.7571526 -44.51728 -45.62692</EKey>
                <EKey>2 -34.7502861 -44.24811 -58.8986053</EKey>
                <EKey>2 -35.5962448 -37.908905 -70.2366638</EKey>
                <EKey>1 -28.93843 -29.1361866 -73.96658</EKey>
                <EKey>1 -23.27489 -25.2414742 -73.9336243</EKey>
                <EKey>1 -16.0567627 -22.3739986 -72.8954</EKey>
                <EKey>1 -7.43236446 -20.7974358 -70.769516</EKey>
                <EKey>2 1.9116503 -20.4568558 -67.4461</EKey>
                <EKey>2 20.6326389 -21.8796062 -56.1904335</EKey>
                <EKey>2 37.8484764 -19.3197536 -40.5896072</EKey>
                <EKey>1 48.28565 -12.3543148 -25.5930424</EKey>
                <EKey>1 50.0874329 -8.800183 -18.9626923</EKey>
                <EKey>1 48.59327 -7.547723 -12.7663078</EKey>
                <EKey>2 44.4953079 -9.810941 -6.87754631</EKey>
                <EKey>1 36.705883 -19.7482262 3.279469</EKey>
                <EKey>2 35.5742722 -23.2529182 7.668574</EKey>
                <EKey>2 37.67819 -26.3236446 15.42504</EKey>
                <EKey>1 42.6001358 -27.9276714 20.4403763</EKey>
                <EKey>2 46.22019 -28.2023354 21.25887</EKey>
                <EKey>3 55.9267578 -28.32868 18.7154961</EKey>
                <EKey>2 67.8800659 -30.6852818 6.388647</EKey>
                <EKey>1 68.86336 -34.3767471 -4.55390263</EKey>
                <EKey>2 66.160675 -36.2334633 -10.2229347</EKey>
                <EKey>3 53.9821472 -38.5021744 -21.63241</EKey>
                <EKey>3 26.3401241 -36.1071167 -37.7386131</EKey>
                <EKey>1 -0.560311258 -28.1638813 -49.8402367</EKey>
                <EKey>1 -8.064088 -25.0547028 -53.6855125</EKey>
                <EKey>1 -17.1389332 -21.253376 -63.1339</EKey>
                <EKey>1 -26.2027931 -15.6118107 -76.34516</EKey>
            </Bone>
            <Bone>
                <EKey>7 0 0 -78.8720551</EKey>
                <EKey>3 0 0 -70.82445</EKey>
                <EKey>16 0 0 -63.3975754</EKey>
                <EKey>3 0 0 -64.45228</EKey>
                <EKey>1 0 0 -65.04555</EKey>
                <EKey>1 0 0 -63.3975754</EKey>
                <EKey>3 0 0 -59.5138474</EKey>
                <EKey>1 0 0 -40.4303055</EKey>
                <EKey>1 0 0 -36.0686646</EKey>
                <EKey>2 0 0 -34.9370575</EKey>
                <EKey>6 0 0 -40.55665</EKey>
                <EKey>1 0 0 -74.05997</EKey>
                <EKey>1 0 0 -77.3998642</EKey>
                <EKey>2 0 0 -78.6413345</EKey>
                <EKey>4 0 0 -75.65301</EKey>
                <EKey>5 0 0 -63.08995</EKey>
                <EKey>2 0 0 -42.3144875</EKey>
                <EKey>2 0 0 -38.4472427</EKey>
                <EKey>3 0 0 -39.9743652</EKey>
                <EKey>9 0 0 -48.4889</EKey>
                <EKey>1 0 0 -87.92493</EKey>
                <EKey>1 0 0 -91.27032</EKey>
            </Bone>
            <Bone>
                <EKey>7 97.4612045 -7.470817 8.57496</EKey>
                <EKey>3 89.9519348 0 -3.878233</EKey>
                <EKey>21 89.9519348 0.005493248 -8.547494</EKey>
                <EKey>24 89.897 -0.181277186 -8.16846</EKey>
                <EKey>6 87.87549 -7.26207352 6.53147173</EKey>
                <EKey>13 89.4795151 -9.030899 9.882353</EKey>
                <EKey>1 105.585716 -13.1233692 20.2865639</EKey>
            </Bone>
        </Rotations>
        <PositionOffset>
            <X>0</X>
            <Z>0</Z>
        </PositionOffset>
        <Positions>
            <Position>
                <Height>15.21</Height>
                <YOffset>-0.37</YOffset>
            </Position>
            <Position>
                <Height>14.9699993</Height>
                <YOffset>-0.42</YOffset>
            </Position>
            <Position>
                <Height>14.67</Height>
                <YOffset>-0.45</YOffset>
            </Position>
            <Position>
                <Height>14.34</Height>
                <YOffset>-0.45</YOffset>
            </Position>
            <Position>
                <Height>14.0199995</Height>
                <YOffset>-0.48999998</YOffset>
            </Position>
            <Position>
                <Height>13.66</Height>
                <YOffset>-0.459999979</YOffset>
            </Position>
            <Position>
                <Height>13.2999992</Height>
                <YOffset>-0.41</YOffset>
            </Position>
            <Position>
                <Height>12.99</Height>
                <YOffset>-0.38</YOffset>
            </Position>
            <Position>
                <Height>12.86</Height>
                <YOffset>-0.47</YOffset>
            </Position>
            <Position>
                <Height>12.8499994</Height>
                <YOffset>-0.55</YOffset>
            </Position>
            <Position>
                <Height>12.9299994</Height>
                <YOffset>-0.399999976</YOffset>
            </Position>
            <Position>
                <Height>13.32</Height>
                <YOffset>-0.31</YOffset>
            </Position>
            <Position>
                <Height>13.92</Height>
                <YOffset>-0.31</YOffset>
            </Position>
            <Position>
                <Height>14.5499992</Height>
                <YOffset>-0.269999981</YOffset>
            </Position>
            <Position>
                <Height>15.41</Height>
                <YOffset>-0.42</YOffset>
            </Position>
            <Position>
                <Height>16.23</Height>
                <YOffset>-0.5</YOffset>
            </Position>
            <Position>
                <Height>17.06</Height>
                <YOffset>-0.59</YOffset>
            </Position>
            <Position>
                <Height>17.47</Height>
                <YOffset>-0.25</YOffset>
            </Position>
            <Position>
                <Height>17.68</Height>
                <YOffset>0.37</YOffset>
            </Position>
            <Position>
                <Height>17.83</Height>
                <YOffset>1.09</YOffset>
            </Position>
            <Position>
                <Height>17.9</Height>
                <YOffset>1.87</YOffset>
            </Position>
            <Position>
                <Height>17.92</Height>
                <YOffset>2.63999987</YOffset>
            </Position>
            <Position>
                <Height>17.9499989</Height>
                <YOffset>3.40999985</YOffset>
            </Position>
            <Position>
                <Height>17.94</Height>
                <YOffset>4.19</YOffset>
            </Position>
            <Position>
                <Height>17.8599987</Height>
                <YOffset>4.97</YOffset>
            </Position>
            <Position>
                <Height>17.64</Height>
                <YOffset>5.83</YOffset>
            </Position>
            <Position>
                <Height>17.19</Height>
                <YOffset>6.83999968</YOffset>
            </Position>
            <Position>
                <Height>16.48</Height>
                <YOffset>7.97</YOffset>
            </Position>
            <Position>
                <Height>15.54</Height>
                <YOffset>9.19</YOffset>
            </Position>
            <Position>
                <Height>14.5199995</Height>
                <YOffset>10.36</YOffset>
            </Position>
            <Position>
                <Height>13.6799994</Height>
                <YOffset>11.2699995</YOffset>
            </Position>
            <Position>
                <Height>13.09</Height>
                <YOffset>11.94</YOffset>
            </Position>
            <Position>
                <Height>12.63</Height>
                <YOffset>12.5199995</YOffset>
            </Position>
            <Position>
                <Height>12.3</Height>
                <YOffset>12.96</YOffset>
            </Position>
            <Position>
                <Height>12.12</Height>
                <YOffset>13.25</YOffset>
            </Position>
            <Position>
                <Height>12.05</Height>
                <YOffset>13.37</YOffset>
            </Position>
            <Position>
                <Height>12.08</Height>
                <YOffset>13.2999992</YOffset>
            </Position>
            <Position>
                <Height>12.25</Height>
                <YOffset>12.9699993</YOffset>
            </Position>
            <Position>
                <Height>12.57</Height>
                <YOffset>12.4</YOffset>
            </Position>
            <Position>
                <Height>13.0099993</Height>
                <YOffset>11.63</YOffset>
            </Position>
            <Position>
                <Height>13.53</Height>
                <YOffset>10.74</YOffset>
            </Position>
            <Position>
                <Height>14.08</Height>
                <YOffset>9.719999</YOffset>
            </Position>
            <Position>
                <Height>14.67</Height>
                <YOffset>8.54</YOffset>
            </Position>
            <Position>
                <Height>15.28</Height>
                <YOffset>7.22</YOffset>
            </Position>
            <Position>
                <Height>15.8399992</Height>
                <YOffset>5.85</YOffset>
            </Position>
            <Position>
                <Height>16.289999</Height>
                <YOffset>4.52</YOffset>
            </Position>
            <Position>
                <Height>16.6</Height>
                <YOffset>3.3</YOffset>
            </Position>
            <Position>
                <Height>16.77</Height>
                <YOffset>2.2</YOffset>
            </Position>
            <Position>
                <Height>16.84</Height>
                <YOffset>1.25</YOffset>
            </Position>
            <Position>
                <Height>16.75</Height>
                <YOffset>0.539999962</YOffset>
            </Position>
            <Position>
                <Height>16.41</Height>
                <YOffset>0.199999988</YOffset>
            </Position>
            <Position>
                <Height>15.9299994</Height>
                <YOffset>0.04</YOffset>
            </Position>
            <Position>
                <Height>15.28</Height>
                <YOffset>0.02</YOffset>
            </Position>
            <Position>
                <Height>14.5999994</Height>
                <YOffset>0.04</YOffset>
            </Position>
            <Position>
                <Height>14.0099993</Height>
                <YOffset>0.02</YOffset>
            </Position>
            <Position>
                <Height>13.5999994</Height>
                <YOffset>-0.12</YOffset>
            </Position>
            <Position>
                <Height>13.23</Height>
                <YOffset>-0.22</YOffset>
            </Position>
            <Position>
                <Height>12.88</Height>
                <YOffset>-0.19</YOffset>
            </Position>
            <Position>
                <Height>12.63</Height>
                <YOffset>-0.12</YOffset>
            </Position>
            <Position>
                <Height>12.53</Height>
                <YOffset>-0.11</YOffset>
            </Position>
            <Position>
                <Height>12.55</Height>
                <YOffset>-0.11</YOffset>
            </Position>
            <Position>
                <Height>12.63</Height>
                <YOffset>-0.07</YOffset>
            </Position>
            <Position>
                <Height>12.7999992</Height>
                <YOffset>0</YOffset>
            </Position>
            <Position>
                <Height>13.08</Height>
                <YOffset>0.0899999961</YOffset>
            </Position>
            <Position>
                <Height>13.46</Height>
                <YOffset>0.199999988</YOffset>
            </Position>
            <Position>
                <Height>14.04</Height>
                <YOffset>0.21</YOffset>
            </Position>
            <Position>
                <Height>14.6399994</Height>
                <YOffset>0.24</YOffset>
            </Position>
            <Position>
                <Height>15.15</Height>
                <YOffset>0.35</YOffset>
            </Position>
            <Position>
                <Height>15.66</Height>
                <YOffset>0.39</YOffset>
            </Position>
            <Position>
                <Height>16.1</Height>
                <YOffset>0.329999983</YOffset>
            </Position>
            <Position>
                <Height>16.47</Height>
                <YOffset>0.17</YOffset>
            </Position>
            <Position>
                <Height>16.74</Height>
                <YOffset>-0.04</YOffset>
            </Position>
            <Position>
                <Height>16.92</Height>
                <YOffset>-0.269999981</YOffset>
            </Position>
            <Position>
                <Height>16.789999</Height>
                <YOffset>-0.269999981</YOffset>
            </Position>
            <Position>
                <Height>16.71</Height>
                <YOffset>-0.34</YOffset>
            </Position>
        </Positions>
        <ThrowSource />
        <SelfDamage />
        <Attacks>
            <Attack>
                <Start>27</Start>
                <End>37</End>
                <Bones>LeftThigh LeftCalf LeftFoot</Bones>
                <Flags />
                <Knockback>8</Knockback>
                <HitPoints>20</HitPoints>
                <HitType>KnockdownHead</HitType>
                <HitLength>10</HitLength>
                <StunLength>10</StunLength>
                <StaggerLength>0</StaggerLength>
                <Extents>
                    <Extent>
                        <Angle>9.179216</Angle>
                        <Length>10.5599995</Length>
                        <MinY>15.82</MinY>
                        <MaxY>17.6199989</MaxY>
                    </Extent>
                    <Extent>
                        <Angle>27.0048065</Angle>
                        <Length>9.41</Length>
                        <MinY>16.3599987</MinY>
                        <MaxY>18.49</MaxY>
                    </Extent>
                    <Extent>
                        <Angle>45.868618</Angle>
                        <Length>7.37</Length>
                        <MinY>16.74</MinY>
                        <MaxY>19.05</MaxY>
                    </Extent>
                    <Extent>
                        <Angle>58.4921036</Angle>
                        <Length>4.94</Length>
                        <MinY>16.93</MinY>
                        <MaxY>19.2799988</MaxY>
                    </Extent>
                    <Extent>
                        <Angle>76.16388</Angle>
                        <Length>2.26</Length>
                        <MinY>17.01</MinY>
                        <MaxY>19.3858776</MaxY>
                    </Extent>
                    <Extent>
                        <Angle>16.8422985</Angle>
                        <Length>0.719999969</Length>
                        <MinY>17.08</MinY>
                        <MaxY>19.33</MaxY>
                    </Extent>
                    <Extent>
                        <Angle>37.3046455</Angle>
                        <Length>0.599999964</Length>
                        <MinY>17.14</MinY>
                        <MaxY>19.1</MaxY>
                    </Extent>
                    <Extent>
                        <Angle>56.82765</Angle>
                        <Length>0.42</Length>
                        <MinY>17.17</MinY>
                        <MaxY>18.96</MaxY>
                    </Extent>
                    <Extent>
                        <Angle>74.13138</Angle>
                        <Length>0.21</Length>
                        <MinY>17.1099987</MinY>
                        <MaxY>18.8</MaxY>
                    </Extent>
                    <Extent>
                        <Angle>88.2160645</Angle>
                        <Length>0.02</Length>
                        <MinY>16.5</MinY>
                        <MaxY>18.6999989</MaxY>
                    </Extent>
                    <Extent>
                        <Angle>99.40032</Angle>
                        <Length>0</Length>
                        <MinY>15.7498856</MinY>
                        <MaxY>18.56</MaxY>
                    </Extent>
                </Extents>
            </Attack>
        </Attacks>
        <AttackRing>
            <Length>22.3945122</Length>
            <Length>22.3945122</Length>
            <Length>21.559618</Length>
            <Length>20.4512787</Length>
            <Length>18.8572</Length>
            <Length>16.7716</Length>
            <Length>11.5096912</Length>
            <Length>0</Length>
            <Length>0</Length>
            <Length>0</Length>
            <Length>0</Length>
            <Length>0</Length>
            <Length>0</Length>
            <Length>0</Length>
            <Length>0</Length>
            <Length>0</Length>
            <Length>0</Length>
            <Length>0</Length>
            <Length>0</Length>
            <Length>0</Length>
            <Length>0</Length>
            <Length>0</Length>
            <Length>0</Length>
            <Length>0</Length>
            <Length>0</Length>
            <Length>0</Length>
            <Length>0</Length>
            <Length>0</Length>
            <Length>0</Length>
            <Length>0</Length>
            <Length>13.7041492</Length>
            <Length>17.2534084</Length>
            <Length>22.3945122</Length>
            <Length>22.3945122</Length>
            <Length>22.3945122</Length>
            <Length>22.3945122</Length>
        </AttackRing>
    </Animation>
</Oni>